gene_id	WT_Drought_Rep1	WT_Drought_Rep2	WT_Drought_Rep3	WT_Watered_Rep1	WT_Watered_Rep2	WT_Watered_Rep3
AT1G30814	3	2	4	1	0	1
AT1G78930	22	28	15	30	67	31
AT1G71695	284	210	178	289	437	498
AT1G58983	0	2	1	0	1	2
AT1G12980	0	1	1	0	0	0
AT1G45223	0	0	0	0	0	0
AT1G56250	750	1227	1084	896	710	1518
AT1G66852	0	0	0	0	0	0
AT1G69810	788	807	710	439	547	547
AT1G72450	10717	16137	15491	10002	6763	9222
AT1G76280	241	251	232	328	322	243
AT1G65630	0	0	0	0	0	0
AT1G71390	2	1	0	1	0	0
AT1G56233	0	0	0	0	0	0
AT1G15210	23654	30621	27715	17729	15694	21396
AT1G15250	429	281	309	390	399	370
AT1G79700	301	323	269	348	383	455
AT1G62895	0	0	0	0	0	0
AT1G73360	20	19	21	20	22	21
AT1G16360	18	10	9	5	9	9
AT1G10225	2	2	0	0	1	1
AT1G26670	1543	1377	1449	1381	1585	1270
AT1G34855	0	0	0	0	0	0
AT1G52200	209	179	204	524	558	770
AT1G57800	1	0	0	0	0	0
AT1G69460	1143	1114	1041	1026	1283	893
AT1G04310	177	132	161	184	258	193
AT1G08080	13	14	6	8	8	3
AT1G75550	23	15	13	47	45	14
AT1G71890	3	2	0	6	14	0
AT1G05430	488	481	413	465	547	455
AT1G80870	206	203	179	316	541	245
AT1G75310	1914	2549	2247	1577	1598	1661
AT1G02010	286	216	213	270	309	213
AT1G47900	805	962	847	1197	1739	1065
AT1G14315	0	0	0	0	0	0
AT1G26760	159	168	125	182	247	141
AT1G05250	0	0	0	0	0	0
AT1G67260	0	0	0	0	2	0
AT1G24575	811	1435	1795	769	787	1156
AT1G12790	59	42	36	58	72	48
AT1G04850	4466	3437	3550	3411	3785	3368
AT1G31760	89	55	81	76	106	84
AT1G33250	530	424	398	511	594	488
AT1G74000	109	140	182	90	130	148
AT1G55580	15	29	12	15	49	18
AT1G53903	0	0	0	0	0	0
AT1G19715	408	678	699	446	551	460
AT1G69430	145	116	144	96	80	79
AT1G53340	238	313	206	116	145	116
AT1G29890	797	893	751	734	960	632
AT1G80290	195	166	160	167	198	181
AT1G56540	142	175	214	137	128	191
AT1G48650	848	835	761	960	1200	997
AT1G22670	2	1	1	2	4	5
AT1G07030	504	388	400	447	448	361
AT1G69860	0	0	0	0	0	0
AT1G10120	1816	1429	1338	924	998	1063
AT1G43650	402	412	274	616	725	689
AT1G09960	699	1017	854	571	707	500
AT1G51990	0	2	0	0	0	0
AT1G53625	196	182	208	127	105	255
AT1G63360	1	1	0	4	4	1
AT1G33330	136	99	120	125	120	97
AT1G74929	5	2	3	0	2	5
AT1G63430	922	919	953	891	1294	966
AT1G80720	156	101	90	138	197	117
AT1G69770	984	789	702	976	1005	754
AT1G08460	522	479	439	508	627	508
AT1G78710	0	1	1	0	0	0
AT1G08610	136	99	111	122	136	129
AT1G17540	3	4	3	0	4	2
AT1G27380	147	183	198	70	114	104
AT1G58643	0	0	0	0	0	0
AT1G48953	0	2	1	0	0	0
AT1G51440	48	80	59	110	239	55
AT1G18871	0	0	0	0	0	0
AT1G25210	0	0	0	0	0	0
AT1G21610	871	891	947	894	1130	962
AT1G79710	345	332	429	327	344	314
AT1G80840	20146	23022	28485	13147	10264	20491
AT1G71300	0	3	0	4	3	0
AT1G49490	33	31	32	36	45	28
AT1G23645	0	0	0	0	0	0
AT1G09795	451	389	399	335	413	274
AT1G48690	68	62	41	77	126	94
AT1G49570	1908	1332	836	2897	4920	4089
AT1G68470	337	576	500	323	497	213
AT1G75580	17	10	13	23	29	17
AT1G26400	0	1	0	1	0	0
AT1G72980	0	0	0	0	0	0
AT1G59970	406	437	558	382	518	358
AT1G11520	0	0	0	0	0	0
AT1G30640	1316	1445	1306	671	578	746
AT1G26440	844	792	903	786	1019	984
AT1G51320	0	0	0	0	1	0
AT1G22070	1033	1004	1176	758	706	877
AT1G26700	211	175	182	171	124	194
AT1G73603	0	0	0	1	0	0
AT1G55650	0	0	0	1	0	0
AT1G78180	58	56	54	61	96	59
AT1G55928	0	0	0	0	0	0
AT1G29880	2215	1937	1854	2074	2469	1996
AT1G53645	946	784	685	955	1089	831
AT1G06240	146	114	106	118	152	138
AT1G72330	174	172	150	277	290	263
AT1G20840	2393	2086	1700	2286	2718	2216
AT1G45050	344	243	227	265	277	261
AT1G52500	448	391	402	454	515	473
AT1G10430	726	755	715	799	958	740
AT1G05670	104	81	110	111	134	110
AT1G64110	2959	1569	1887	111	89	198
AT1G65220	2837	2264	2413	2609	2741	2601
AT1G13635	150	171	189	108	222	126
AT1G54950	2	1	1	66	66	71
AT1G55730	564	552	604	453	559	489
AT1G07310	747	999	903	769	1017	884
AT1G77230	397	368	302	402	506	367
AT1G52400	756	2177	2301	794	1156	285
AT1G16430	62	46	50	59	55	46
AT1G27752	985	916	922	912	1022	1019
AT1G14880	11	3	2	0	2	0
AT1G11190	132	452	360	153	253	252
AT1G43100	0	0	0	0	0	0
AT1G26650	306	255	293	249	328	225
AT1G54420	0	0	0	0	0	0
AT1G34640	23	21	20	11	21	11
AT1G50310	5	11	7	11	9	6
AT1G49430	763	1084	1377	616	694	667
AT1G74240	195	115	126	148	159	121
AT1G01760	73	109	95	117	153	121
AT1G61160	11	7	5	7	4	4
AT1G47480	699	734	858	644	637	653
AT1G65820	2085	1788	1878	1453	1664	1560
AT1G22900	0	2	0	2	1	8
AT1G76820	135	167	150	169	172	146
AT1G52080	213	194	243	182	206	165
AT1G35180	11	7	13	3	6	6
AT1G30070	488	365	288	379	405	359
AT1G35210	292	239	318	302	305	394
AT1G10410	850	965	978	912	1250	819
AT1G73740	225	268	284	223	206	267
AT1G53350	310	274	214	277	305	282
AT1G34110	367	276	303	495	567	514
AT1G17240	12	19	15	34	29	30
AT1G61730	946	1038	859	911	1031	849
AT1G29260	425	318	340	397	435	371
AT1G33890	1	0	0	6	2	9
AT1G08040	900	863	905	652	788	587
AT1G63522	0	0	3	0	0	1
AT1G08810	5	0	3	3	6	4
AT1G09210	8747	5932	6368	8031	8287	6876
AT1G70080	45	28	14	83	85	62
AT1G10522	124	102	72	117	102	104
AT1G04570	68	77	84	55	55	51
AT1G01830	557	531	561	487	599	492
AT1G12340	0	0	0	0	0	1
AT1G67590	518	274	262	398	414	399
AT1G69080	598	767	823	374	342	394
AT1G31400	2	1	0	0	0	1
AT1G74385	0	1	0	1	0	0
AT1G73300	151	74	63	163	182	172
AT1G05760	167	280	310	258	274	277
AT1G30530	243	519	548	306	336	152
AT1G12480	1	1	2	0	0	1
AT1G76850	2248	2548	2508	2492	2855	2523
AT1G73570	162	165	137	124	146	106
AT1G44130	8	16	11	5	9	13
AT1G67340	277	263	327	312	574	263
AT1G80315	0	0	0	0	0	0
AT1G43666	0	0	0	0	0	0
AT1G08630	18	22	19	25	14	20
AT1G66150	1977	1762	1487	1403	1553	1472
AT1G04640	110	110	89	117	129	91
AT1G56500	102	137	87	130	166	121
AT1G12615	0	0	0	0	0	0
AT1G77120	1864	3145	2041	1506	1351	307
AT1G50590	915	1251	1219	539	509	781
AT1G17147	466	402	629	217	186	470
AT1G44740	59	33	26	55	51	51
AT1G08005	1	0	1	0	1	0
AT1G24380	0	0	0	0	0	0
AT1G60787	61	30	53	55	83	79
AT1G26796	0	0	0	0	0	0
AT1G68500	41	38	20	9	7	4
AT1G15500	2477	2299	2534	2901	3302	2952
AT1G77760	4347	3621	3673	14916	30532	19996
AT1G24062	0	0	0	0	0	0
AT1G53510	918	740	767	945	1357	1002
AT1G51410	2	3	0	2	1	2
AT1G50020	318	263	271	207	229	192
AT1G22370	45	40	46	10	28	15
AT1G53265	0	0	0	0	0	0
AT1G17270	239	226	204	234	301	214
AT1G74350	82	79	67	45	50	53
AT1G75230	904	953	914	686	570	753
AT1G29150	3091	2987	2727	2744	3170	2654
AT1G17140	612	543	585	604	635	578
AT1G08380	128	93	16	61	293	6
AT1G43560	150	152	140	160	151	131
AT1G07700	55	45	44	57	95	40
AT1G33750	571	371	361	717	699	738
AT1G61270	3	5	13	4	4	5
AT1G14750	117	100	89	115	121	97
AT1G05900	175	152	167	189	222	181
AT1G44120	2	12	4	4	15	2
AT1G52990	0	1	2	0	0	0
AT1G37130	6879	8111	11628	7521	9999	7422
AT1G48175	287	247	239	221	274	238
AT1G72140	1033	1655	1076	908	762	426
AT1G66465	15	10	6	15	20	14
AT1G43260	0	0	0	0	1	0
AT1G14420	0	1	0	1	0	0
AT1G01710	728	846	808	816	922	714
AT1G44000	123	92	81	114	170	115
AT1G73960	1088	1087	1213	1139	1257	1073
AT1G11360	1026	918	891	910	1096	876
AT1G04490	1382	1625	2038	1080	851	1562
AT1G78476	7	11	14	4	15	8
AT1G15310	209	173	207	109	108	91
AT1G13300	536	415	325	1446	2178	1069
AT1G55530	678	665	599	602	651	595
AT1G47350	0	0	0	0	0	0
AT1G74458	638	526	396	363	496	330
AT1G32120	12	13	9	15	28	14
AT1G17260	63	67	73	63	56	38
AT1G32660	0	0	0	0	0	0
AT1G31480	555	663	546	459	573	534
AT1G17500	1556	1871	1830	1569	1637	1666
AT1G50780	1	10	5	1	3	0
AT1G21150	59	67	60	72	94	57
AT1G78110	196	177	174	231	446	150
AT1G80080	2	1	1	7	2	6
AT1G23260	1076	843	933	957	1129	823
AT1G09790	0	0	2	1	0	0
AT1G60270	74	133	116	175	243	61
AT1G25400	2475	3067	1580	2720	2419	3150
AT1G77980	1	0	1	3	3	0
AT1G43140	21	26	23	46	47	43
AT1G42470	2364	2645	2642	1583	1470	1564
AT1G34170	0	0	0	0	0	0
AT1G56150	57	43	38	37	25	22
AT1G75520	146	113	134	102	113	110
AT1G53890	0	0	0	0	0	0
AT1G43722	0	0	0	0	0	0
AT1G73370	389	947	835	860	1063	852
AT1G01230	797	670	683	634	808	636
AT1G70700	1305	1869	1470	632	719	420
AT1G02380	65	88	50	63	78	42
AT1G48870	13	24	21	15	28	11
AT1G69280	78	70	60	82	100	94
AT1G36950	0	0	0	0	0	0
AT1G12430	723	1152	1132	1028	1281	986
AT1G56320	241	189	290	95	106	149
AT1G50880	0	0	0	0	0	0
AT1G36310	645	480	477	566	670	557
AT1G44830	160	109	91	153	123	187
AT1G01300	3939	4631	3883	3323	3787	2497
AT1G48050	478	475	507	470	530	476
AT1G36925	0	0	0	0	0	0
AT1G30670	0	0	0	0	0	0
AT1G22180	375	378	431	258	292	297
AT1G17450	601	658	647	686	734	713
AT1G61630	3	5	8	0	0	4
AT1G28590	30	44	52	28	33	17
AT1G79670	510	503	506	618	725	687
AT1G68170	0	1	0	0	2	1
AT1G60080	209	179	140	228	272	181
AT1G51240	0	0	0	0	0	0
AT1G07130	111	116	160	99	116	105
AT1G42525	0	0	0	0	0	0
AT1G64355	26	36	34	41	70	22
AT1G04820	12916	13016	11335	13454	14476	10304
AT1G71866	0	0	0	0	0	0
AT1G33050	1706	1594	1609	1845	2088	2046
AT1G77810	459	334	397	334	384	357
AT1G16210	1553	1310	1363	1213	1446	1266
AT1G34580	0	0	0	0	0	0
AT1G02050	239	175	152	224	287	200
AT1G66500	2497	2279	2303	2420	2348	2550
AT1G04030	690	493	571	449	614	443
AT1G32480	0	0	0	0	0	0
AT1G29370	323	397	379	390	423	400
AT1G18880	1724	2038	1806	2390	3541	2764
AT1G50740	3981	4230	4968	3095	2589	3371
AT1G02580	2	0	0	3	2	5
AT1G58220	508	489	427	572	626	529
AT1G07350	910	757	790	755	933	685
AT1G06950	1663	1801	1651	2015	2451	1827
AT1G19200	52	37	40	32	56	35
AT1G52140	269	280	137	251	378	246
AT1G18550	238	303	222	340	420	286
AT1G77510	2135	1803	1967	1853	1820	1409
AT1G52430	14	23	16	14	23	13
AT1G15950	3141	4115	4397	2739	3490	2439
AT1G67850	366	595	441	372	386	214
AT1G69620	10456	6689	6210	8677	9771	8101
AT1G49110	10	10	9	6	10	12
AT1G57860	1495	918	904	1162	1259	1170
AT1G63160	257	239	212	326	345	284
AT1G71050	113	47	57	34	34	51
AT1G28510	562	460	430	514	585	500
AT1G48240	598	551	544	569	564	500
AT1G71140	24	16	13	4	12	11
AT1G66960	28	38	24	44	64	51
AT1G36370	565	668	503	874	1622	720
AT1G58242	0	0	0	0	0	0
AT1G63370	3	4	2	2	6	4
AT1G56110	5533	4066	3678	5176	5567	4586
AT1G14510	1132	1120	1085	1120	1320	1119
AT1G19010	141	80	89	115	116	110
AT1G54250	289	241	246	292	272	241
AT1G55170	203	213	236	201	245	222
AT1G70230	275	244	227	205	293	167
AT1G52830	87	98	112	50	45	78
AT1G45015	252	124	111	152	167	152
AT1G23160	117	99	87	123	72	103
AT1G67510	564	618	629	450	636	454
AT1G08230	372	328	296	260	216	214
AT1G67780	158	144	125	173	186	149
AT1G76830	0	0	1	0	0	0
AT1G04280	914	1216	1160	1449	1721	1222
AT1G55020	1387	2779	2249	1976	2359	1749
AT1G48970	416	527	511	468	578	569
AT1G79420	98	119	102	164	280	84
AT1G70350	218	128	154	192	178	168
AT1G35375	0	0	0	0	0	0
AT1G28306	0	0	0	0	0	0
AT1G12450	238	299	240	190	228	200
AT1G57660	3059	2074	1909	2617	2954	2369
AT1G19086	0	0	0	0	0	0
AT1G05870	775	684	567	763	1060	501
AT1G07540	2	1	0	0	0	0
AT1G78820	13	20	10	23	32	19
AT1G03790	102	25	34	2	14	18
AT1G02220	350	267	204	557	881	821
AT1G74420	54	75	72	52	21	20
AT1G68700	5	2	4	1	3	8
AT1G64820	33	16	23	19	17	29
AT1G56680	448	154	113	423	485	341
AT1G58848	0	0	2	0	0	0
AT1G23985	2	1	0	2	1	0
AT1G22140	253	238	259	192	221	211
AT1G75210	590	591	625	581	669	533
AT1G30330	1474	2150	1648	1914	2331	1613
AT1G77200	51	25	38	43	40	37
AT1G30360	14855	24749	19600	12185	11910	13091
AT1G75280	2182	3286	3062	2205	2793	1684
AT1G18200	1165	1425	1301	963	661	1255
AT1G55680	1786	1713	1742	1597	2061	1711
AT1G34000	101	96	98	97	112	76
AT1G04410	20738	16178	14382	19920	23612	17771
AT1G45243	0	0	0	0	0	0
AT1G21650	328	339	329	385	431	338
AT1G28520	666	720	623	605	802	518
AT1G14048	0	0	0	0	0	0
AT1G05220	36	46	58	55	58	62
AT1G63245	202	150	219	107	106	147
AT1G66180	4821	4589	5446	3018	3555	3350
AT1G07790	1239	879	888	959	1184	996
AT1G07720	203	248	313	169	191	171
AT1G16420	8	4	6	8	8	9
AT1G72740	496	548	519	429	536	432
AT1G05060	235	291	244	271	385	329
AT1G55960	312	314	328	281	379	323
AT1G32060	41	14	1	11	128	2
AT1G77700	160	229	246	226	301	256
AT1G75510	646	661	649	596	746	586
AT1G54090	934	1044	1051	917	1149	939
AT1G26520	207	209	193	226	250	186
AT1G15240	1112	1207	1279	1138	1258	1108
AT1G07980	324	246	281	286	352	256
AT1G01740	134	141	177	155	211	164
AT1G62914	68	73	69	67	88	77
AT1G53090	36	66	52	67	101	56
AT1G08540	182	173	140	200	254	214
AT1G12460	141	156	116	138	142	113
AT1G06250	2	0	5	2	0	3
AT1G52827	14	7	2	2	0	1
AT1G47690	0	0	0	0	0	0
AT1G49590	493	433	411	461	500	453
AT1G06280	0	0	0	0	0	0
AT1G78420	904	891	1114	844	984	922
AT1G08465	1	1	2	4	3	2
AT1G32970	2155	2225	2393	1210	992	2448
AT1G28815	23	20	14	12	21	9
AT1G01260	648	708	694	531	595	503
AT1G26815	1	0	0	0	1	0
AT1G16730	4	7	8	7	12	0
AT1G08700	526	434	467	480	589	477
AT1G66590	77	46	44	58	52	39
AT1G09550	1	0	0	0	0	0
AT1G16370	1758	2317	2465	1156	973	1634
AT1G80730	22	26	17	29	69	13
AT1G11420	198	268	263	288	401	226
AT1G61210	717	866	855	855	1031	880
AT1G57980	130	240	197	120	161	139
AT1G15140	508	439	449	397	360	415
AT1G04810	1905	1894	1868	2029	2481	1984
AT1G67070	13	23	17	22	26	21
AT1G53270	146	200	174	93	171	128
AT1G04550	435	502	532	566	755	509
AT1G44940	0	0	0	1	0	1
AT1G47810	0	0	0	0	0	0
AT1G27450	5268	4155	4027	4553	4852	3787
AT1G33055	66	80	24	87	101	30
AT1G69400	106	103	92	130	172	118
AT1G51920	34	48	28	3	5	29
AT1G56000	109	130	114	114	152	106
AT1G42540	508	536	554	463	558	427
AT1G08100	0	6	15	0	0	0
AT1G29465	16	9	7	10	10	15
AT1G75960	54	45	61	18	17	27
AT1G63420	699	1045	1050	570	763	580
AT1G29470	7222	7962	7388	6981	8222	6036
AT1G48310	325	277	308	329	364	311
AT1G32930	378	288	284	338	439	300
AT1G63880	11	9	6	10	29	17
AT1G04630	928	662	669	776	854	709
AT1G27150	1134	1003	1115	740	900	717
AT1G79110	56	74	64	68	115	48
AT1G68490	510	389	392	446	656	374
AT1G06040	407	398	498	470	473	261
AT1G18970	42	116	44	188	166	352
AT1G72430	761	543	475	539	535	529
AT1G03040	758	1065	1080	861	1310	917
AT1G28250	270	220	247	229	287	253
AT1G66630	0	0	0	0	1	0
AT1G10530	46	31	22	40	71	39
AT1G24090	81	48	42	87	73	69
AT1G09640	9101	7476	7289	8545	9244	8316
AT1G14080	336	294	487	311	369	414
AT1G78760	4	5	5	0	1	1
AT1G44542	4	0	2	0	3	3
AT1G49350	204	155	151	189	221	174
AT1G47240	444	596	587	426	559	385
AT1G28430	1	0	4	5	8	0
AT1G12190	0	0	0	0	0	0
AT1G66610	2	2	0	1	1	2
AT1G16022	120	113	105	97	102	99
AT1G13370	12	19	20	7	5	9
AT1G21370	734	647	646	536	641	602
AT1G21590	327	377	347	429	464	428
AT1G50390	23	7	14	13	23	11
AT1G60870	350	468	337	504	669	296
AT1G69870	198	233	217	177	208	81
AT1G18610	165	134	134	175	204	155
AT1G13890	0	0	0	0	0	3
AT1G24260	11	3	8	3	2	2
AT1G64140	2864	2215	2418	1936	2100	1962
AT1G02290	134	126	113	192	246	165
AT1G26740	468	359	300	417	432	362
AT1G20460	200	153	146	186	191	163
AT1G11500	17	28	24	17	23	26
AT1G75040	9	6	30	2	6	1
AT1G07985	205	43	117	17	33	31
AT1G74035	0	1	1	1	0	0
AT1G15510	54	32	42	46	57	33
AT1G07040	476	401	427	342	353	293
AT1G71170	455	355	430	362	386	335
AT1G63470	340	302	272	406	498	354
AT1G13640	606	520	458	680	956	747
AT1G35516	431	378	416	337	393	313
AT1G22210	0	0	0	0	0	2
AT1G33230	927	829	822	740	980	802
AT1G18050	0	0	0	0	0	0
AT1G79340	6645	6354	5846	5053	5481	5122
AT1G57680	2824	2942	2463	1988	2169	2408
AT1G29140	0	0	0	0	0	0
AT1G55110	258	225	244	206	242	248
AT1G67775	0	0	0	0	0	0
AT1G57730	0	0	0	0	0	0
AT1G64550	1809	1761	1651	2047	2237	1896
AT1G68710	349	365	411	671	854	478
AT1G79270	1568	1582	2100	649	678	947
AT1G67310	1894	2059	2275	1901	1923	2220
AT1G65610	577	540	574	409	478	667
AT1G53880	0	0	1	1	0	0
AT1G64380	107	97	113	47	82	57
AT1G27920	150	253	197	190	245	167
AT1G07220	857	988	1043	957	884	804
AT1G14130	740	791	1032	457	461	452
AT1G55040	256	196	154	241	305	195
AT1G35630	0	1	0	0	0	1
AT1G53860	46	29	37	42	54	55
AT1G71010	2506	2995	2980	3160	3900	3374
AT1G56240	657	1128	883	882	686	1439
AT1G20630	1677	1234	1106	842	949	1206
AT1G54217	110	115	92	83	130	75
AT1G44920	89	86	79	116	138	89
AT1G63970	213	178	162	157	223	161
AT1G26945	82	53	69	63	70	84
AT1G67870	8132	12960	14783	13678	12625	13410
AT1G62850	236	215	174	206	222	194
AT1G50520	673	461	524	665	637	699
AT1G31500	261	235	240	247	262	221
AT1G15820	139	86	28	78	442	37
AT1G72690	154	119	105	123	139	144
AT1G29030	410	398	365	433	495	412
AT1G75160	1	1	2	1	3	3
AT1G26090	195	192	177	157	223	132
AT1G59660	529	587	569	533	596	459
AT1G52460	0	0	0	0	0	0
AT1G10720	479	564	478	518	607	482
AT1G67670	2	6	7	3	5	0
AT1G11410	111	118	136	57	80	87
AT1G19025	239	364	331	331	370	681
AT1G80050	919	1030	692	1930	2568	1478
AT1G50320	457	352	442	367	398	389
AT1G77330	1359	715	664	1458	1595	1484
AT1G50090	3	3	1	32	51	29
AT1G16650	158	128	132	191	197	154
AT1G50830	2	4	2	3	13	2
AT1G02410	424	324	350	310	397	282
AT1G04420	125	123	78	125	153	116
AT1G05190	303	237	221	349	419	280
AT1G60660	269	236	225	259	315	205
AT1G13950	428	301	400	442	350	407
AT1G23147	0	0	0	0	0	0
AT1G17460	163	191	206	168	199	183
AT1G02110	806	649	643	960	1033	783
AT1G32990	173	141	166	204	212	157
AT1G22380	0	0	0	0	0	0
AT1G61300	4	2	1	1	5	1
AT1G15840	0	0	0	0	0	0
AT1G15440	1057	804	791	979	1170	1036
AT1G49650	81	87	72	78	120	50
AT1G18850	390	284	240	355	398	315
AT1G34150	371	303	333	397	441	388
AT1G13320	1393	1471	1423	1411	1664	1397
AT1G13820	83	81	86	98	87	59
AT1G15880	764	691	634	757	1013	867
AT1G80810	463	372	446	440	483	417
AT1G54957	0	2	0	0	0	2
AT1G65310	1237	734	596	615	551	712
AT1G20010	3446	4653	3563	4559	6046	3372
AT1G52570	55	58	53	48	58	32
AT1G33520	798	761	722	897	1147	902
AT1G54350	306	279	251	262	371	232
AT1G58160	60	40	40	56	57	58
AT1G30190	68	40	51	76	62	87
AT1G14550	112	92	111	57	58	119
AT1G62450	1	0	2	0	2	0
AT1G16830	33	31	37	43	70	38
AT1G44090	2	1	3	0	1	0
AT1G10880	0	0	0	0	0	0
AT1G64633	0	0	0	0	0	0
AT1G03830	427	445	381	548	709	481
AT1G52530	16	26	22	29	49	27
AT1G63580	11	12	20	7	14	17
AT1G01600	197	206	155	123	143	130
AT1G10210	162	146	106	190	303	173
AT1G62720	10	8	4	11	16	15
AT1G36980	1310	1198	1246	1087	1326	1124
AT1G16705	10	18	7	4	5	3
AT1G74180	76	81	73	106	110	83
AT1G69480	47	66	43	30	27	42
AT1G71520	147	109	168	53	44	57
AT1G34792	0	0	0	0	0	0
AT1G35190	819	932	969	581	611	538
AT1G07850	3	6	7	3	1	8
AT1G09620	3358	3446	3176	3935	4815	3910
AT1G02570	17	11	13	17	23	15
AT1G26790	6	5	3	9	7	2
AT1G03620	419	559	395	385	461	246
AT1G01350	499	455	458	459	556	497
AT1G65770	0	0	0	0	0	0
AT1G21395	0	0	0	0	0	0
AT1G13810	150	105	101	137	123	92
AT1G14520	823	858	1026	190	137	157
AT1G55630	73	79	79	112	112	77
AT1G18390	796	891	1026	667	777	1057
AT1G26797	0	0	0	0	0	0
AT1G25480	331	280	349	277	356	297
AT1G28190	422	619	648	386	363	485
AT1G49530	999	709	716	322	279	481
AT1G18486	0	0	0	0	0	0
AT1G12880	212	187	192	157	177	198
AT1G08090	260	746	592	449	574	1274
AT1G66460	11	10	3	20	21	17
AT1G24220	0	0	0	0	0	0
AT1G08035	4	3	1	3	0	1
AT1G04985	627	578	546	527	531	567
AT1G73780	108	45	57	63	76	58
AT1G36940	10	13	7	19	36	10
AT1G23850	1317	1794	1645	930	850	1234
AT1G66190	202	166	156	146	169	100
AT1G44318	21	30	26	16	6	8
AT1G24270	0	0	0	1	2	0
AT1G05350	1208	1024	1027	1085	1197	1024
AT1G19930	0	0	0	0	0	0
AT1G62520	136	100	103	97	133	94
AT1G23170	366	329	310	366	443	373
AT1G71150	0	0	0	0	0	0
AT1G11430	338	225	229	294	344	274
AT1G17145	622	592	701	458	505	694
AT1G34815	0	0	0	0	0	0
AT1G73910	28	24	27	39	41	40
AT1G52050	211	194	235	572	721	648
AT1G34320	1412	1501	1439	1572	1869	1677
AT1G48280	269	343	327	395	486	357
AT1G12170	0	0	0	0	0	0
AT1G49225	3	1	2	1	5	3
AT1G01715	112	92	75	81	112	84
AT1G29160	92	77	70	65	128	64
AT1G22660	302	231	235	288	340	282
AT1G79410	76	60	82	71	98	63
AT1G75990	1206	1067	1019	1144	1340	1117
AT1G76770	8	17	13	11	13	17
AT1G78800	405	317	316	348	499	299
AT1G57560	95	94	81	80	93	78
AT1G48040	195	250	214	182	212	185
AT1G63400	43	38	23	48	42	19
AT1G32320	0	0	0	1	0	1
AT1G71830	601	645	537	709	819	585
AT1G75800	1938	1813	1783	2533	4154	2051
AT1G22260	37	46	49	41	51	40
AT1G75950	4643	3982	4241	4131	4396	3767
AT1G43730	0	0	0	0	0	0
AT1G21060	58	58	69	47	63	52
AT1G11330	904	1885	1601	949	887	989
AT1G77600	401	473	489	415	506	410
AT1G68790	1554	1318	1323	1582	1766	1502
AT1G22860	676	685	665	688	756	668
AT1G53200	181	121	119	231	268	209
AT1G35250	428	597	723	384	455	326
AT1G60986	2	0	0	0	0	0
AT1G52700	150	131	93	386	447	175
AT1G03980	24	31	37	32	53	38
AT1G19990	284	277	223	321	384	289
AT1G58936	0	0	0	0	0	0
AT1G24320	473	457	671	541	691	691
AT1G62422	60	58	77	92	114	72
AT1G53282	0	0	0	0	0	0
AT1G67890	642	680	692	622	722	626
AT1G62410	0	0	0	0	0	0
AT1G13530	420	425	332	441	433	693
AT1G18260	1367	1307	1223	1289	1543	1322
AT1G76210	86	63	62	74	98	145
AT1G34430	1724	1526	1511	1737	1955	1631
AT1G14460	498	572	577	679	861	532
AT1G61350	170	210	184	209	279	218
AT1G42440	1169	1116	1124	1314	1427	1144
AT1G12064	1	0	2	0	0	2
AT1G06570	473	372	411	293	436	393
AT1G55310	1366	1121	1144	1254	1259	1153
AT1G63740	440	459	479	414	444	523
AT1G09870	1290	1131	1199	989	1061	1011
AT1G17710	29	22	51	0	4	1
AT1G27200	886	987	852	660	890	555
AT1G62120	88	41	64	68	72	57
AT1G04770	202	229	171	296	592	210
AT1G67920	590	768	864	555	470	921
AT1G09410	51	46	46	32	59	52
AT1G10540	13	17	29	8	13	13
AT1G63615	0	1	0	0	0	0
AT1G49240	17722	16645	15647	17700	19689	18651
AT1G09240	0	0	0	0	0	0
AT1G67810	325	401	578	277	280	493
AT1G70850	26948	28170	36325	19821	21269	21999
AT1G56360	3	0	0	0	0	0
AT1G18835	4	5	3	4	12	2
AT1G65920	147	202	171	278	460	172
AT1G11915	71	76	62	59	92	78
AT1G28440	1180	1478	1476	1749	3067	1421
AT1G01650	3413	3382	3252	2151	1898	2593
AT1G16510	126	94	95	44	60	56
AT1G25025	1	0	0	1	0	0
AT1G53023	2	2	0	0	1	1
AT1G33440	114	122	146	84	218	86
AT1G74720	577	662	652	827	1197	656
AT1G72290	0	0	0	0	0	0
AT1G53230	178	278	283	232	260	240
AT1G01970	97	63	58	97	117	76
AT1G12860	19	15	21	35	43	31
AT1G11400	768	728	749	604	763	784
AT1G53705	0	0	0	0	0	0
AT1G75560	1037	793	746	805	920	692
AT1G56225	0	0	0	0	0	0
AT1G27290	699	875	780	586	755	644
AT1G16740	895	573	573	644	672	556
AT1G64060	2144	2062	2348	1342	1255	2032
AT1G15470	563	430	419	402	497	437
AT1G01800	1267	1000	1051	893	1002	1078
AT1G27260	0	0	0	0	0	0
AT1G30560	0	0	0	5	6	3
AT1G41830	6380	7607	7373	5837	6649	4789
AT1G31490	12	25	17	12	27	11
AT1G34490	0	1	0	3	1	0
AT1G08440	314	132	138	15	21	7
AT1G04440	2497	2424	2306	2349	2492	2430
AT1G49520	794	681	795	334	353	514
AT1G44608	59	36	26	56	82	55
AT1G54370	900	766	838	817	971	922
AT1G12600	46	44	42	29	50	49
AT1G74920	5717	5598	5499	4803	5275	4284
AT1G08150	0	0	0	0	0	0
AT1G36100	0	0	0	0	0	0
AT1G77080	1130	1158	1111	1168	1263	1176
AT1G15610	0	1	3	2	4	0
AT1G56050	226	187	165	207	216	157
AT1G55365	19	10	13	11	19	19
AT1G15130	2443	2887	2984	2599	2788	2608
AT1G26220	8	5	5	4	2	1
AT1G48720	0	0	0	0	0	0
AT1G09932	2451	2333	2448	1444	1416	2693
AT1G49420	0	0	0	0	0	0
AT1G15670	1120	877	969	639	716	788
AT1G78895	231	185	176	230	224	223
AT1G15460	417	322	500	133	169	167
AT1G22530	8370	10324	9083	6226	6373	7338
AT1G05780	98	68	61	77	81	55
AT1G17840	206	168	164	92	78	92
AT1G18080	13322	9969	8799	12273	14182	11319
AT1G66970	34	61	36	43	75	31
AT1G47265	0	0	0	0	0	0
AT1G25280	963	1007	1002	994	1137	978
AT1G48000	89	62	82	24	29	64
AT1G53330	36	43	42	26	46	40
AT1G62700	47	60	55	37	58	36
AT1G20135	0	0	0	0	0	0
AT1G64650	2404	2345	2084	2293	2705	1908
AT1G61562	2	2	0	3	2	0
AT1G23210	61	44	49	73	95	90
AT1G49320	229	296	232	204	285	166
AT1G66400	579	687	856	641	773	650
AT1G58280	419	507	482	447	542	444
AT1G01060	183	157	394	292	411	108
AT1G53010	0	0	0	0	0	0
AT1G60320	0	0	0	0	0	0
AT1G65300	0	0	0	2	0	0
AT1G24280	651	628	1055	943	1396	862
AT1G71696	546	413	400	503	510	458
AT1G09690	8544	5994	5563	7875	8929	6875
AT1G14780	489	665	674	434	449	631
AT1G03120	7	13	8	9	11	4
AT1G31000	0	0	0	0	1	0
AT1G26665	1050	939	958	1038	1186	1116
AT1G51380	123	125	97	156	169	121
AT1G37150	21	14	15	13	17	21
AT1G05310	36	223	122	168	271	209
AT1G43130	777	680	737	640	698	659
AT1G04110	8	3	5	4	4	3
AT1G13620	85	37	31	44	64	57
AT1G24440	288	208	174	251	289	278
AT1G01440	439	473	464	515	630	589
AT1G66200	3828	3213	6359	6820	7303	4220
AT1G09900	86	84	66	123	122	87
AT1G14455	9	6	7	3	8	6
AT1G01630	955	786	848	667	759	643
AT1G20440	43297	44154	37388	17354	16684	19287
AT1G77460	270	304	295	398	422	301
AT1G65040	659	588	565	659	724	519
AT1G71430	200	157	135	188	204	142
AT1G18790	0	0	0	0	0	0
AT1G14830	3790	3688	3810	3401	3740	3606
AT1G11990	1	3	2	2	3	1
AT1G77750	733	452	396	572	617	442
AT1G52620	78	73	53	100	103	105
AT1G52930	1065	730	721	996	1100	945
AT1G21430	3	1	4	1	3	2
AT1G48060	12	12	12	10	13	19
AT1G58270	22814	20711	23878	7653	7416	10615
AT1G64790	3357	3637	3489	4166	4706	3871
AT1G59885	0	0	0	0	0	0
AT1G34410	0	1	1	0	1	0
AT1G01550	7006	8338	8601	6268	6729	7258
AT1G69270	349	435	458	492	572	532
AT1G23100	417	218	180	255	316	217
AT1G70940	1520	1896	1984	1579	2544	1374
AT1G06810	0	1	1	0	1	0
AT1G32220	88	82	95	114	137	103
AT1G03650	71	65	74	83	89	100
AT1G17330	371	331	372	314	317	331
AT1G16090	52	39	56	60	55	50
AT1G32160	120	141	123	183	247	153
AT1G65090	0	1	1	0	0	0
AT1G78520	42	13	13	32	49	28
AT1G68325	1	2	0	0	0	0
AT1G55870	257	181	170	246	276	186
AT1G50900	81	75	58	118	164	107
AT1G10590	2574	1990	2000	2176	2368	2173
AT1G73050	5	11	11	7	8	7
AT1G10200	3230	3427	2591	2952	3446	2324
AT1G74300	139	80	99	78	83	78
AT1G07250	318	292	302	251	314	201
AT1G10370	146	148	139	23	38	45
AT1G09575	1211	1719	1401	964	886	950
AT1G52618	1	0	2	1	2	0
AT1G05610	52	61	49	90	104	75
AT1G09150	1172	1042	941	1180	1269	1035
AT1G18690	407	336	429	348	399	350
AT1G57777	0	0	0	0	0	0
AT1G71730	774	577	507	784	810	670
AT1G24390	0	1	1	0	0	0
AT1G61688	0	0	0	0	0	0
AT1G34310	0	0	0	0	0	0
AT1G55440	14	17	13	10	13	29
AT1G72530	56	56	61	77	88	64
AT1G62930	57	79	61	70	87	54
AT1G50480	3557	4433	3946	4233	5561	3819
AT1G20540	365	340	317	341	362	320
AT1G58150	48	42	47	41	66	33
AT1G23060	66	43	31	49	68	68
AT1G23910	2	1	2	0	1	1
AT1G71330	128	129	129	109	98	107
AT1G48510	175	122	181	181	226	216
AT1G66370	0	2	1	0	3	0
AT1G24520	1	0	3	0	0	0
AT1G58225	16	14	10	11	14	18
AT1G76680	13660	20617	25784	7057	5838	13062
AT1G34245	5	4	9	1	1	4
AT1G57565	0	0	0	0	0	0
AT1G77420	551	545	546	425	514	440
AT1G27310	2583	2112	2138	2362	2522	2123
AT1G35255	10	18	20	12	25	10
AT1G24020	2	2	0	21	13	9
AT1G72960	59	55	47	32	49	51
AT1G28210	128	93	69	118	115	104
AT1G14840	205	198	171	260	280	178
AT1G35620	1433	1201	1118	1364	1626	1284
AT1G72210	396	361	352	255	354	233
AT1G14685	752	666	652	749	900	684
AT1G66070	656	604	574	535	663	573
AT1G02070	15	10	11	10	12	10
AT1G70300	310	289	389	353	483	373
AT1G78922	0	1	0	1	0	2
AT1G33470	2058	2724	2306	2507	3192	1927
AT1G55947	0	0	0	0	1	0
AT1G55540	667	759	867	864	1068	778
AT1G78890	408	315	227	421	641	403
AT1G59940	198	73	75	134	108	141
AT1G01910	1232	1097	1034	1249	1387	1126
AT1G01570	115	105	108	63	84	88
AT1G08730	60	33	49	39	59	51
AT1G68185	170	175	194	203	240	176
AT1G16080	205	275	244	289	331	230
AT1G04940	58	35	36	46	45	47
AT1G02340	4	9	6	9	2	5
AT1G62880	166	132	157	163	167	164
AT1G67930	825	793	693	808	1112	672
AT1G51170	236	279	297	264	373	225
AT1G71970	170	255	188	160	202	102
AT1G05385	33	33	40	47	58	34
AT1G47845	0	0	0	0	2	0
AT1G67560	3026	4870	5296	2038	1674	2789
AT1G26320	0	0	0	0	0	0
AT1G01680	31	67	86	51	48	79
AT1G67025	0	0	0	0	1	0
AT1G64160	101	194	53	232	369	1003
AT1G51780	4	1	1	0	0	2
AT1G65660	1038	848	893	842	990	934
AT1G51600	387	338	302	341	363	372
AT1G71500	77	59	44	57	109	55
AT1G70780	5960	5351	5645	2761	2821	2885
AT1G66160	2074	2581	2711	1688	1173	2143
AT1G73120	10	19	8	51	35	60
AT1G48090	3310	4339	4010	3385	4320	3473
AT1G70760	2	0	1	1	2	0
AT1G47765	0	0	0	0	0	0
AT1G48820	29	16	16	6	6	3
AT1G18300	12650	15787	19353	10673	9600	13218
AT1G73680	238	240	232	120	169	154
AT1G35040	0	0	0	0	0	0
AT1G02810	1780	1493	1819	1982	1865	2261
AT1G54460	1122	1172	1186	1281	1542	1263
AT1G21990	2	2	3	1	1	2
AT1G06180	196	188	202	94	160	85
AT1G75660	2541	2632	2524	2980	3488	3199
AT1G48620	1792	1711	1727	2004	2572	2049
AT1G74250	963	801	793	811	885	697
AT1G07740	82	57	69	86	90	59
AT1G77140	565	656	555	612	716	566
AT1G73170	392	346	370	331	440	311
AT1G67500	547	606	637	703	750	693
AT1G26350	0	0	0	0	0	0
AT1G32510	11	12	9	18	17	5
AT1G22890	35	22	11	20	21	81
AT1G23830	242	378	439	278	276	363
AT1G76510	638	641	631	667	722	629
AT1G08010	716	636	619	628	761	563
AT1G05840	590	514	505	644	819	722
AT1G55200	37	14	22	31	27	28
AT1G17070	334	336	293	346	387	306
AT1G78090	227	244	208	817	1207	670
AT1G70810	403	399	485	312	264	363
AT1G64750	2672	1788	1825	1900	2035	1761
AT1G46984	0	0	0	0	0	0
AT1G11460	31	26	50	21	18	57
AT1G78440	5	9	5	7	24	9
AT1G79570	1239	1339	1396	1368	1605	1527
AT1G09157	2	4	9	5	5	18
AT1G03720	0	0	0	0	0	0
AT1G01690	244	246	227	292	299	231
AT1G76230	4	7	6	1	7	5
AT1G63240	164	189	195	96	107	47
AT1G70960	13	13	41	6	11	10
AT1G34300	632	775	663	716	1029	743
AT1G09680	51	34	32	36	55	35
AT1G42680	2	2	2	0	0	0
AT1G29180	3	5	4	13	7	11
AT1G03730	368	349	500	332	376	358
AT1G18160	1657	1673	1681	1806	2098	1921
AT1G53490	130	77	107	121	91	95
AT1G77100	0	0	0	0	0	0
AT1G67130	0	0	0	0	0	0
AT1G26260	279	198	222	241	276	295
AT1G64255	0	0	0	1	0	0
AT1G08290	775	1199	1057	1213	1100	888
AT1G12320	38	61	40	28	50	23
AT1G18990	5	4	0	7	8	9
AT1G11220	113	118	120	122	127	103
AT1G55207	6	5	4	1	2	3
AT1G74660	161	139	230	259	495	361
AT1G63460	788	609	689	648	654	642
AT1G55325	986	1206	1111	1138	1337	1128
AT1G77660	204	127	120	190	234	196
AT1G30130	842	747	682	777	873	739
AT1G80390	1	0	0	1	1	0
AT1G31300	371	342	294	316	401	276
AT1G73750	213	240	190	168	193	170
AT1G55990	0	1	0	0	0	1
AT1G60570	0	0	0	0	0	0
AT1G68907	0	0	0	0	0	0
AT1G66030	0	3	1	3	1	3
AT1G27170	161	205	230	209	332	194
AT1G04700	100	101	112	137	115	129
AT1G67050	64	48	46	101	101	64
AT1G76220	14	14	18	20	21	19
AT1G56400	0	0	0	0	0	0
AT1G78040	15733	16431	15056	12181	13824	10930
AT1G49170	106	84	85	93	126	98
AT1G31540	285	421	376	394	313	475
AT1G29420	0	0	0	0	0	0
AT1G64840	204	184	162	158	213	158
AT1G62030	3	0	1	1	0	0
AT1G60095	193	245	411	115	214	241
AT1G21230	50	104	136	58	52	95
AT1G21660	1481	1717	1550	1398	1523	1204
AT1G65320	360	394	399	398	424	368
AT1G50570	981	1144	1094	1039	1427	1003
AT1G33850	0	1	0	0	2	0
AT1G47870	352	302	305	319	365	301
AT1G47680	0	0	0	0	0	0
AT1G48850	2868	3205	3054	2626	3106	2648
AT1G70440	9	13	20	7	14	13
AT1G65150	83	146	133	117	149	74
AT1G72800	302	307	356	154	149	166
AT1G09000	391	424	439	402	476	414
AT1G36160	4445	5402	5445	4670	5732	4871
AT1G02145	458	437	405	449	543	361
AT1G23510	1	1	2	15	6	11
AT1G51690	1432	1358	1481	1250	1522	1284
AT1G50650	0	1	0	0	0	0
AT1G47578	23	28	24	33	30	35
AT1G56105	0	0	0	0	0	0
AT1G06490	739	968	857	942	1236	923
AT1G63640	880	910	885	1183	1296	947
AT1G19970	157	188	165	142	135	112
AT1G50110	602	320	352	403	470	414
AT1G21540	0	1	4	0	0	0
AT1G13590	107	71	79	96	123	138
AT1G22610	870	862	1085	1043	1379	920
AT1G75110	64	63	63	53	46	33
AT1G73110	38	25	19	54	58	24
AT1G36756	0	0	0	0	0	0
AT1G20370	483	321	283	426	481	288
AT1G55510	263	253	231	220	289	263
AT1G77170	157	133	122	139	156	117
AT1G70660	5	6	3	5	7	4
AT1G51480	5	7	5	13	6	19
AT1G59359	0	0	0	0	0	0
AT1G26921	0	0	0	0	0	0
AT1G75870	0	0	0	0	0	0
AT1G75335	107	56	71	118	95	81
AT1G22830	1218	1353	1089	497	386	908
AT1G09630	962	880	828	989	1265	978
AT1G17280	741	698	773	620	669	599
AT1G02750	186	143	172	120	177	164
AT1G61070	0	0	0	0	0	0
AT1G15385	21	17	20	17	23	34
AT1G12855	0	0	0	0	0	0
AT1G03520	488	443	463	330	333	368
AT1G67880	1167	1178	1376	1328	1354	1457
AT1G36580	0	0	0	0	0	0
AT1G74190	0	0	2	1	1	2
AT1G14590	164	122	120	105	146	78
AT1G80625	0	0	1	0	0	0
AT1G08300	89	91	91	94	100	80
AT1G07020	530	463	534	461	540	452
AT1G59760	1220	1146	1109	1313	1550	1283
AT1G72570	0	0	0	0	0	0
AT1G01360	180	133	140	158	299	189
AT1G70400	0	0	0	0	1	0
AT1G52690	9784	3393	3219	334	349	419
AT1G78750	0	0	0	1	1	3
AT1G15720	120	69	56	87	137	93
AT1G14850	1177	1253	1252	1281	1640	1320
AT1G70470	142	139	148	228	349	202
AT1G11820	608	836	600	719	980	497
AT1G80700	82	76	86	65	94	68
AT1G60783	0	0	0	0	0	0
AT1G25230	1235	953	726	1111	1385	1235
AT1G43900	564	460	541	491	538	405
AT1G67840	192	218	185	262	333	162
AT1G64660	1310	845	727	654	798	1241
AT1G07690	0	2	0	7	14	34
AT1G47920	3	1	0	5	4	1
AT1G23680	0	0	0	0	0	0
AT1G18450	1621	1400	1381	1682	1913	1594
AT1G17960	57	71	78	113	112	115
AT1G55930	226	209	188	278	294	235
AT1G61400	89	53	71	83	115	72
AT1G03080	4682	4989	5583	3716	4357	4034
AT1G56660	21293	28766	30196	20437	13651	24788
AT1G24130	35	9	15	17	34	13
AT1G54960	230	287	254	293	287	225
AT1G48350	408	368	286	442	547	427
AT1G80330	0	0	0	0	1	0
AT1G14440	5	5	2	11	8	0
AT1G65620	32	15	11	16	8	34
AT1G11620	1	1	0	0	2	1
AT1G69490	235	235	177	144	148	352
AT1G78990	554	804	1012	306	441	354
AT1G29100	10	32	36	72	22	32
AT1G52315	73	68	69	52	64	64
AT1G70100	566	554	399	521	417	670
AT1G61480	26	48	72	37	50	69
AT1G35220	1091	1280	1222	1161	1321	1154
AT1G27510	649	600	582	704	877	881
AT1G65780	0	0	0	0	0	0
AT1G69010	479	463	430	479	602	455
AT1G30870	428	356	332	329	355	415
AT1G56710	0	0	0	0	0	0
AT1G05800	166	239	299	167	76	172
AT1G63350	38	59	45	74	71	100
AT1G34827	0	0	0	0	0	0
AT1G03055	13	13	10	13	15	8
AT1G01160	805	651	655	755	808	758
AT1G47340	68	74	75	95	151	70
AT1G11170	167	179	187	257	332	177
AT1G62045	322	313	382	209	248	249
AT1G35467	0	0	0	0	0	0
AT1G69970	92	103	153	71	100	108
AT1G43145	0	0	0	0	0	0
AT1G20132	0	0	0	0	0	0
AT1G70210	559	530	868	388	511	494
AT1G49880	84	56	78	78	88	77
AT1G27060	91	64	77	106	109	96
AT1G30757	27	23	31	19	27	21
AT1G30690	4995	5952	4629	5985	7057	5054
AT1G43760	0	0	0	0	0	0
AT1G35680	326	283	221	306	454	331
AT1G61550	80	165	199	115	124	183
AT1G36745	0	0	0	0	0	0
AT1G58120	12	12	9	10	29	19
AT1G69090	0	0	0	0	0	0
AT1G27870	0	0	0	0	0	0
AT1G63710	13	4	2	0	2	2
AT1G03103	0	0	0	1	1	1
AT1G31970	2083	1950	1863	2276	2601	2092
AT1G04960	723	766	774	566	643	621
AT1G68440	2005	1821	1007	1919	1841	1700
AT1G05085	0	0	0	0	0	0
AT1G10740	402	388	434	464	524	438
AT1G19040	0	0	0	0	0	1
AT1G32960	59	69	133	191	124	135
AT1G10290	3190	3368	3291	3425	3677	3164
AT1G34020	566	525	513	518	558	456
AT1G20575	709	617	611	521	653	558
AT1G56085	4	1	2	2	3	4
AT1G49190	0	0	0	0	0	0
AT1G01730	582	530	500	574	753	593
AT1G26500	20	16	12	25	36	19
AT1G75125	20	6	17	11	19	13
AT1G13800	52	51	33	43	63	38
AT1G28380	7481	8725	10332	5583	4475	7924
AT1G10150	231	288	206	190	231	155
AT1G02180	86	84	69	83	79	59
AT1G01180	65	63	71	94	118	75
AT1G04625	0	0	0	2	0	0
AT1G16810	1545	1261	1089	1192	1395	1310
AT1G14160	150	103	155	133	165	144
AT1G55370	2	0	1	3	2	0
AT1G67790	48	57	60	113	130	62
AT1G30110	448	403	475	533	674	660
AT1G70640	166	268	232	99	105	95
AT1G71691	1	3	1	1	1	0
AT1G78970	119	240	136	69	85	25
AT1G09610	34	57	36	30	54	23
AT1G69190	0	0	0	0	0	0
AT1G34065	164	155	113	178	169	124
AT1G69730	1	0	0	0	3	0
AT1G64300	18	18	29	22	15	17
AT1G18180	102	79	64	100	84	85
AT1G53260	0	1	0	0	2	0
AT1G18750	47	54	45	30	44	29
AT1G72670	204	210	180	234	390	216
AT1G63090	2260	2889	3064	1521	1304	1750
AT1G67350	2203	1855	1801	1808	2091	1650
AT1G03430	367	306	295	305	370	331
AT1G31670	0	0	0	1	1	3
AT1G48790	1038	1096	1153	1081	1325	1002
AT1G64510	225	193	196	215	330	220
AT1G10980	31	45	19	64	54	12
AT1G61667	840	912	891	600	620	512
AT1G48270	215	193	183	192	219	163
AT1G66570	0	0	0	0	0	0
AT1G35720	19061	25009	16896	15436	19867	10202
AT1G11690	0	2	1	0	0	1
AT1G68880	87	73	126	54	85	22
AT1G72180	907	1689	1431	1099	1263	929
AT1G15920	348	267	293	407	502	351
AT1G78020	254	479	676	553	958	574
AT1G63060	0	0	0	0	0	0
AT1G24265	86	58	82	80	116	103
AT1G19710	623	561	517	585	788	512
AT1G28050	613	674	458	529	822	441
AT1G51420	350	345	438	291	293	411
AT1G65540	1636	1601	1673	1518	1713	1597
AT1G21600	500	433	386	431	620	436
AT1G68980	185	193	237	152	254	177
AT1G20270	412	481	416	298	383	245
AT1G73640	329	421	323	456	504	277
AT1G02260	466	374	406	398	446	465
AT1G20410	391	406	366	459	551	352
AT1G55675	199	185	151	139	176	158
AT1G19900	182	85	68	257	239	274
AT1G30260	11	4	7	9	21	14
AT1G10800	18	39	29	30	46	35
AT1G56140	5656	5483	5527	4195	3249	5917
AT1G74270	3830	2507	2476	2792	3276	2867
AT1G43610	0	0	0	0	0	0
AT1G20050	2281	1963	1840	1895	2323	1893
AT1G72250	860	1126	923	1162	1342	926
AT1G10940	2016	1936	2011	1771	2026	1706
AT1G02420	52	52	62	58	77	49
AT1G32460	2457	2632	2255	1996	1943	2134
AT1G35614	0	0	0	0	0	0
AT1G11390	627	560	550	514	560	556
AT1G25450	230	253	207	267	285	237
AT1G77490	59	54	35	85	89	57
AT1G69250	1083	945	906	979	956	851
AT1G14890	328	389	249	356	902	174
AT1G66280	14950	14086	14901	9988	10550	11751
AT1G07900	37	90	90	71	100	27
AT1G59218	2	0	0	0	0	0
AT1G33410	1089	1173	1071	1384	1580	1237
AT1G72280	477	611	795	324	299	452
AT1G53670	129	107	91	108	101	120
AT1G78290	194	212	178	388	504	423
AT1G36640	22	17	11	12	7	36
AT1G17360	3277	4467	5038	2088	1847	2189
AT1G14150	3	0	5	0	2	0
AT1G03490	0	0	0	0	0	0
AT1G62910	6	6	4	13	11	4
AT1G70420	305	560	611	413	431	485
AT1G52590	39	40	43	27	32	19
AT1G29850	2276	2148	2141	1852	1862	1847
AT1G33810	201	193	186	196	234	168
AT1G19600	1819	1406	1245	2527	3399	2185
AT1G51035	1	7	1	5	4	1
AT1G18340	203	169	150	158	219	156
AT1G53345	338	329	296	222	236	187
AT1G23995	5	1	1	2	3	6
AT1G31820	33	29	26	23	36	24
AT1G55350	1683	2147	2097	2512	3052	2314
AT1G29460	0	0	0	0	0	0
AT1G07420	804	739	645	660	767	603
AT1G04260	313	226	259	268	304	257
AT1G14720	520	556	381	585	959	320
AT1G69550	68	65	36	59	92	50
AT1G62981	42	28	40	23	46	34
AT1G65080	80	76	63	98	111	70
AT1G80350	840	949	829	907	1150	889
AT1G67060	1309	1205	1251	1001	814	1187
AT1G68845	0	0	0	0	1	0
AT1G63600	37	45	46	40	41	54
AT1G05930	0	0	0	0	0	0
AT1G58265	0	0	0	0	0	0
AT1G74100	8261	11958	12189	8186	7211	6991
AT1G48450	559	506	536	527	723	542
AT1G15600	0	0	0	0	0	0
AT1G68210	0	0	1	0	1	0
AT1G24159	0	0	2	0	0	0
AT1G31910	4443	4101	4179	4586	5051	4256
AT1G43630	0	0	0	0	0	0
AT1G75010	283	279	269	292	351	259
AT1G09700	237	229	244	246	244	208
AT1G12900	42	19	0	22	106	3
AT1G30545	88	69	60	86	92	85
AT1G16840	915	971	698	695	828	602
AT1G69740	1226	1157	1136	1189	1350	1104
AT1G73280	173	160	178	217	234	254
AT1G30000	780	796	775	740	877	790
AT1G19150	1	0	0	0	0	0
AT1G04860	806	871	888	944	1038	853
AT1G60170	1244	1171	1128	1250	1525	1307
AT1G42190	0	0	0	0	0	0
AT1G45010	2	7	7	3	1	5
AT1G76065	43	49	42	44	30	25
AT1G69780	205	254	169	326	558	187
AT1G08750	329	322	284	357	420	310
AT1G62305	209	128	170	158	136	133
AT1G28610	89	153	137	90	170	22
AT1G20490	367	371	482	296	372	317
AT1G73970	224	239	288	257	311	240
AT1G74580	188	231	215	201	255	187
AT1G52100	13	12	7	1	7	11
AT1G07670	3499	3277	3294	3070	3372	3521
AT1G02890	2251	2754	2712	2388	3032	2703
AT1G47720	111	70	65	76	112	75
AT1G33120	2700	1779	1544	2325	2518	1937
AT1G30700	982	1220	1266	695	898	1090
AT1G51650	4894	3149	3202	3911	3985	3397
AT1G27840	419	381	404	394	587	384
AT1G63105	0	0	1	0	0	0
AT1G09230	306	258	251	319	382	317
AT1G06900	1652	1666	1603	1949	2230	1888
AT1G06050	149	157	142	116	119	113
AT1G73250	527	442	425	511	597	517
AT1G07050	2	1	0	4	8	7
AT1G64810	491	403	413	243	212	218
AT1G75270	896	785	827	681	733	653
AT1G64920	141	94	114	146	150	151
AT1G54680	69	60	56	70	74	52
AT1G05950	69	90	51	173	201	75
AT1G33390	408	452	433	464	586	481
AT1G73990	757	737	733	635	705	672
AT1G56210	111	96	75	185	254	135
AT1G35030	0	0	0	0	0	0
AT1G78580	1571	2179	1913	1718	2321	1473
AT1G25155	0	0	0	0	0	0
AT1G31720	56	78	67	47	78	59
AT1G80030	313	336	314	351	381	256
AT1G32980	0	0	1	0	0	0
AT1G56620	0	0	0	0	0	0
AT1G50680	0	0	0	0	0	0
AT1G78500	2	0	0	0	0	0
AT1G58460	7	6	1	6	8	0
AT1G45145	4029	6148	6164	3768	3397	4407
AT1G53530	172	156	133	153	183	134
AT1G67035	77	45	65	72	76	46
AT1G21980	1703	1876	1790	1275	1655	1256
AT1G05100	714	1433	1361	671	369	500
AT1G56330	3086	2544	2331	2604	3255	2258
AT1G62500	423	1102	322	621	965	27
AT1G72940	188	216	207	407	498	308
AT1G35242	0	0	0	0	0	0
AT1G60750	57	33	47	58	55	51
AT1G68120	20	21	11	15	13	16
AT1G47330	637	680	699	705	908	700
AT1G18740	9332	13363	14873	11748	12197	11288
AT1G04210	1746	1780	1617	1863	2105	1818
AT1G66060	1	0	0	1	0	1
AT1G56415	0	0	0	0	0	0
AT1G13910	149	151	200	112	185	169
AT1G07780	104	61	59	127	141	92
AT1G54940	33	63	35	33	42	45
AT1G76100	10	7	2	3	36	0
AT1G66100	0	0	0	3	0	0
AT1G27360	292	244	278	208	321	240
AT1G73530	464	481	498	443	456	941
AT1G77400	11	33	26	58	164	22
AT1G49290	0	0	0	0	0	0
AT1G67220	4	2	0	0	0	0
AT1G36272	0	0	0	0	0	0
AT1G35780	1525	1924	1795	1619	1968	1570
AT1G56460	588	556	573	648	745	684
AT1G16520	888	1080	1080	974	1190	844
AT1G63057	8	5	2	5	4	2
AT1G06450	141	121	161	132	144	126
AT1G59722	0	0	0	0	0	0
AT1G51680	3965	5838	7001	3839	5482	4352
AT1G55160	728	615	671	651	789	679
AT1G69150	575	655	658	124	129	231
AT1G66040	2	2	1	4	3	3
AT1G23020	156	138	122	261	251	201
AT1G51915	37	61	59	5	3	14
AT1G69380	132	109	92	128	127	108
AT1G54400	16	31	17	18	19	14
AT1G27420	76	73	87	93	106	116
AT1G27910	998	1343	944	607	612	573
AT1G49040	1750	1983	1885	1900	2072	1852
AT1G58223	1	0	0	0	1	0
AT1G67330	1235	877	966	885	868	1017
AT1G23300	31	60	15	24	23	24
AT1G64230	5699	5639	5475	5110	5964	5249
AT1G57690	0	0	0	0	0	0
AT1G55152	97	118	114	84	124	77
AT1G48030	2656	2321	2246	2152	2574	1901
AT1G50890	198	186	168	185	262	186
AT1G15590	0	0	0	0	0	0
AT1G15180	19	13	11	23	26	26
AT1G79460	904	808	855	657	803	598
AT1G20823	5340	6223	8112	5811	5162	7307
AT1G27330	1715	1322	1428	1399	1537	1253
AT1G78830	4216	6718	3545	3603	4362	4937
AT1G60050	8	8	3	14	13	13
AT1G72545	17	10	14	16	15	14
AT1G64584	0	4	6	0	3	1
AT1G69523	19	18	24	25	25	32
AT1G20720	203	234	195	269	331	236
AT1G55610	283	349	378	586	931	349
AT1G07400	22	9	13	3	14	10
AT1G34575	0	0	0	0	0	0
AT1G44170	1889	2132	2271	1731	2257	1925
AT1G27600	1014	821	748	928	1027	908
AT1G02710	0	0	0	0	0	0
AT1G15040	364	225	60	676	403	333
AT1G05200	185	275	341	216	268	198
AT1G05575	877	922	1135	725	656	1228
AT1G75220	2426	2828	2107	1703	1592	1754
AT1G13860	500	563	472	562	670	402
AT1G05720	764	489	525	595	689	539
AT1G53300	1503	1294	1284	1611	1892	1431
AT1G54180	278	213	216	275	320	222
AT1G61810	79	113	49	65	88	44
AT1G62640	1133	957	1028	1035	1201	992
AT1G24430	380	665	851	327	397	490
AT1G80590	6	8	7	18	21	24
AT1G35820	0	0	0	0	0	0
AT1G63250	198	141	119	168	207	169
AT1G23890	304	318	299	331	456	368
AT1G20480	201	157	145	245	261	204
AT1G61790	1377	1292	1058	1303	1590	1162
AT1G68300	930	882	856	690	755	729
AT1G69790	231	248	287	174	170	272
AT1G10560	392	446	344	660	721	566
AT1G68780	1	1	0	2	1	4
AT1G07640	792	860	1031	629	712	837
AT1G32710	0	0	0	0	0	0
AT1G34070	0	0	0	0	0	0
AT1G52155	57	46	36	50	63	54
AT1G47500	872	711	682	949	925	827
AT1G77765	22	17	14	21	33	21
AT1G62190	15	10	10	16	9	7
AT1G26130	227	236	209	306	310	266
AT1G59500	0	0	0	0	0	0
AT1G77010	19	25	15	21	40	29
AT1G74130	1	3	1	3	1	0
AT1G15360	2	5	7	8	4	1
AT1G07170	403	307	297	363	471	364
AT1G10360	164	176	250	126	122	137
AT1G22780	6088	3835	3545	4930	5598	4839
AT1G64610	699	637	820	779	786	1162
AT1G02305	2061	2077	1875	1480	1839	1784
AT1G21860	4	0	1	3	0	2
AT1G70990	399	336	309	176	178	218
AT1G16030	156	96	102	109	141	72
AT1G34270	446	395	408	442	422	446
AT1G69570	57	50	45	59	66	42
AT1G03240	6	0	5	3	3	2
AT1G05820	101	94	109	143	135	114
AT1G60690	114	84	105	92	146	85
AT1G58210	57	60	51	84	101	82
AT1G58007	98	127	123	109	131	103
AT1G29900	3199	2827	2650	3486	4176	3295
AT1G33320	26	13	32	32	32	54
AT1G72630	564	556	484	551	708	452
AT1G09780	9305	7346	6676	7187	8646	6800
AT1G29435	0	0	0	0	0	0
AT1G15350	1268	952	1031	768	857	915
AT1G06515	419	359	347	371	447	357
AT1G50030	2183	2629	2519	2591	3234	2717
AT1G32520	31	24	30	23	25	24
AT1G51210	1	0	0	0	0	1
AT1G66930	32	38	24	84	78	91
AT1G03540	48	28	42	41	63	41
AT1G76310	453	497	458	545	693	473
AT1G64385	635	590	545	570	692	616
AT1G43850	1162	1157	1112	1208	1507	1333
AT1G76965	21	18	14	20	17	30
AT1G51570	1561	1590	1329	1772	2319	1513
AT1G76130	225	217	177	294	289	277
AT1G11050	1363	1554	1662	1676	1669	1929
AT1G72080	0	0	0	0	0	0
AT1G04680	4600	6551	4566	7261	8106	3728
AT1G32780	0	0	0	0	0	0
AT1G18370	1026	1143	822	1272	1490	972
AT1G24040	159	117	120	143	149	138
AT1G61120	15	8	17	2	1	2
AT1G69160	120	210	174	323	672	216
AT1G22230	146	100	77	144	219	126
AT1G75240	2	2	1	8	3	1
AT1G53700	56	24	53	16	48	14
AT1G80460	2477	2322	2359	2680	3098	2928
AT1G59640	241	206	257	109	144	189
AT1G19850	872	1230	1065	1080	1289	1067
AT1G21925	0	0	0	0	0	0
AT1G48600	8302	7538	7714	9391	13009	10668
AT1G28390	651	1047	807	929	1273	766
AT1G67030	76	66	76	243	345	130
AT1G64340	0	0	0	0	2	0
AT1G31550	261	522	329	336	526	103
AT1G52360	4135	3791	3735	3920	4479	3795
AT1G77270	99	117	127	133	113	56
AT1G64320	67	48	52	78	83	67
AT1G03165	3	1	3	2	2	2
AT1G64590	745	1327	1700	238	243	386
AT1G79400	0	1	0	0	3	0
AT1G02880	704	555	825	377	424	552
AT1G38790	0	0	0	0	0	0
AT1G63190	0	0	0	0	0	0
AT1G78850	14272	16087	9948	21819	25602	17724
AT1G70895	73	66	73	105	114	102
AT1G12230	1772	1570	1422	1985	2290	1680
AT1G35830	47	74	69	104	202	75
AT1G75430	2	8	3	5	8	7
AT1G53450	111	96	100	130	156	133
AT1G25330	2	1	0	2	4	0
AT1G21950	0	0	0	0	0	0
AT1G23650	0	0	0	0	0	0
AT1G72270	6	4	8	5	9	6
AT1G30170	0	0	0	0	4	0
AT1G15757	0	0	0	0	0	0
AT1G28150	160	96	125	168	196	135
AT1G69500	0	0	1	0	0	0
AT1G23580	0	2	1	0	2	0
AT1G03440	112	107	123	162	173	117
AT1G76270	427	462	336	447	527	320
AT1G65560	294	409	390	203	195	254
AT1G13730	1267	836	908	1167	1349	1167
AT1G18060	60	41	51	53	74	45
AT1G21640	727	764	765	851	1023	765
AT1G08960	266	212	217	256	320	215
AT1G79860	14	22	19	12	18	24
AT1G68360	102	126	139	160	262	95
AT1G10550	204	221	116	198	250	149
AT1G34570	107	85	79	78	118	74
AT1G65710	112	100	92	204	236	124
AT1G56530	0	0	0	0	0	0
AT1G53320	1373	1185	1164	1229	1380	1154
AT1G17220	259	266	227	309	426	375
AT1G77525	145	125	132	52	59	123
AT1G19960	241	418	356	499	880	290
AT1G52880	17	13	14	10	21	15
AT1G05420	23	19	14	17	28	10
AT1G76040	3866	5306	6024	3852	3164	4123
AT1G79840	164	114	103	279	257	324
AT1G47830	765	699	676	657	686	544
AT1G03010	111	94	98	106	161	137
AT1G78100	471	340	292	240	323	215
AT1G01695	20	25	24	12	30	15
AT1G15380	5892	3578	2020	8986	10710	11359
AT1G72320	756	743	683	862	1016	839
AT1G61690	926	831	785	933	1185	992
AT1G01610	1187	1255	1509	624	826	835
AT1G74030	2878	2388	2533	2877	3081	2680
AT1G66950	69	72	73	105	146	117
AT1G18770	0	0	0	0	0	0
AT1G74220	1	1	0	0	1	0
AT1G56630	263	254	311	154	171	202
AT1G02520	581	833	747	820	1120	1352
AT1G50620	433	398	355	503	604	452
AT1G08130	707	758	744	727	824	658
AT1G33790	748	1378	978	529	588	831
AT1G62380	3739	2567	2812	8409	9177	6854
AT1G73165	6	7	2	6	16	7
AT1G66000	0	0	0	0	0	0
AT1G77932	2	0	0	0	2	0
AT1G15480	337	305	271	453	484	355
AT1G77960	0	0	0	0	0	0
AT1G02590	0	0	0	0	0	0
AT1G66640	0	0	0	0	0	0
AT1G23880	139	147	96	164	218	121
AT1G34460	25	23	35	26	45	54
AT1G12780	1231	1470	1145	1269	1486	757
AT1G30300	373	410	388	354	404	349
AT1G54060	510	517	469	522	691	551
AT1G33020	0	0	0	0	0	0
AT1G71130	95	102	88	77	129	103
AT1G75170	613	594	569	354	446	439
AT1G79920	2462	2972	2696	2688	3083	2674
AT1G03190	350	250	312	360	465	305
AT1G16025	0	1	0	0	0	1
AT1G22620	738	677	683	709	918	795
AT1G51260	36	22	15	28	37	51
AT1G65640	0	0	0	0	0	0
AT1G26410	19	20	3	3	1	49
AT1G74820	0	0	0	0	0	0
AT1G34650	1	3	0	2	3	1
AT1G23190	4636	4141	4352	2442	2832	2299
AT1G55250	619	617	686	633	737	618
AT1G74210	943	748	842	649	684	749
AT1G76940	532	492	554	471	571	463
AT1G80890	219	156	138	196	219	183
AT1G74730	36	23	26	32	62	18
AT1G76090	3245	2127	2080	2264	2576	2606
AT1G63990	17	18	16	19	12	7
AT1G61360	767	1069	1179	703	855	1477
AT1G75140	297	244	249	343	512	222
AT1G21270	28	78	43	100	168	43
AT1G49300	1786	1386	1480	1350	1523	1368
AT1G80610	1063	1174	1485	957	852	1281
AT1G05570	2349	2867	2634	3483	4067	3319
AT1G27540	157	142	164	167	212	153
AT1G53945	0	0	0	0	0	0
AT1G61565	0	0	0	0	2	0
AT1G30780	0	1	0	2	5	0
AT1G73350	431	332	328	393	428	356
AT1G52440	3	1	5	1	3	0
AT1G31280	388	448	425	469	682	409
AT1G01225	133	154	138	163	193	138
AT1G27110	122	137	170	111	113	152
AT1G03180	89	84	54	102	102	78
AT1G30050	17	8	5	7	12	17
AT1G19540	562	1018	623	442	639	264
AT1G09540	93	48	53	82	84	70
AT1G28220	0	0	0	0	0	0
AT1G75717	0	0	0	0	0	0
AT1G52680	50	18	18	0	1	2
AT1G18940	23	14	24	24	47	32
AT1G62580	4	3	2	2	0	0
AT1G11020	375	372	384	348	386	399
AT1G75680	3133	3238	3373	2731	3266	2415
AT1G16630	405	403	327	405	539	363
AT1G61415	5	8	2	9	7	1
AT1G65840	2277	2240	2546	1567	1895	1273
AT1G31870	643	583	549	604	729	583
AT1G74370	118	63	73	116	142	93
AT1G34510	26	20	11	22	14	21
AT1G62370	101	43	72	80	91	90
AT1G33100	91	64	128	16	17	26
AT1G66560	0	0	1	0	1	0
AT1G67450	0	0	0	0	0	0
AT1G50220	0	0	0	0	0	0
AT1G12420	261	344	372	313	520	283
AT1G67980	213	188	89	121	149	648
AT1G08170	0	1	1	0	3	1
AT1G02020	171	184	163	172	218	150
AT1G15000	544	657	741	611	708	558
AT1G07440	9	15	6	13	15	0
AT1G72360	1921	2054	1629	394	442	437
AT1G65500	55	50	52	75	84	61
AT1G11160	173	207	162	286	273	242
AT1G65140	0	0	0	0	0	0
AT1G14670	3809	3740	3772	3751	4287	3513
AT1G22420	0	0	0	0	0	0
AT1G27220	0	0	0	0	0	0
AT1G03850	130	97	90	255	452	208
AT1G65850	41	61	42	37	34	55
AT1G80520	56	66	54	83	106	59
AT1G23540	20	11	23	25	24	23
AT1G33420	128	165	153	222	304	214
AT1G03380	716	719	686	830	1056	875
AT1G60420	1583	1726	1717	1734	2121	1657
AT1G19660	954	821	861	900	1193	1138
AT1G19100	247	233	234	274	349	245
AT1G75120	70	45	39	57	54	48
AT1G78730	59	54	74	78	87	63
AT1G23560	95	115	97	141	240	163
AT1G05560	23	37	46	68	129	36
AT1G53310	6941	6365	6271	5533	6714	5531
AT1G51538	0	1	0	1	0	1
AT1G54953	1	0	0	0	0	1
AT1G05240	0	0	1	0	0	0
AT1G58330	1	0	0	0	0	0
AT1G53366	0	0	0	0	0	0
AT1G47600	205	689	755	600	722	773
AT1G10395	0	0	0	0	0	0
AT1G06270	129	106	113	106	123	88
AT1G49220	0	1	0	0	2	2
AT1G49810	1	0	0	0	1	1
AT1G21410	216	238	180	178	235	174
AT1G03106	6	0	1	2	2	1
AT1G47620	7	5	6	15	41	26
AT1G31230	1248	1140	1102	1405	1809	1435
AT1G15260	25	16	27	11	12	9
AT1G50470	0	0	0	0	0	0
AT1G67520	161	202	159	130	161	185
AT1G54930	23	30	19	33	47	14
AT1G29980	991	1529	1139	1516	1594	894
AT1G33950	1	0	0	0	0	0
AT1G03325	0	0	0	0	0	0
AT1G40083	0	0	0	0	0	0
AT1G45190	0	0	0	0	0	0
AT1G13050	158	136	121	154	178	133
AT1G31880	84	101	118	81	124	106
AT1G03710	12	5	9	14	15	5
AT1G73630	120	98	144	284	445	313
AT1G69040	2140	1439	1462	1310	1230	1439
AT1G61150	915	803	882	771	949	839
AT1G53110	142	160	197	149	152	141
AT1G17530	827	609	672	543	685	665
AT1G17040	120	116	104	147	192	172
AT1G16230	3	9	5	4	2	7
AT1G19480	107	104	94	125	184	160
AT1G69930	144	165	225	55	89	205
AT1G34807	0	0	0	0	0	0
AT1G59790	0	1	3	1	1	0
AT1G13390	1605	1694	1675	892	982	880
AT1G49130	1	3	2	2	4	1
AT1G03880	1	0	0	0	0	0
AT1G17810	6	0	1	3	1	0
AT1G50610	3	5	4	0	0	4
AT1G31175	194	159	137	157	171	135
AT1G05380	754	870	941	1111	1233	1040
AT1G49205	1	4	1	1	4	1
AT1G14500	14	9	5	5	9	14
AT1G61095	0	0	0	0	0	0
AT1G11000	796	573	647	571	576	786
AT1G80530	1713	2316	2442	1207	1216	1306
AT1G22540	274	267	246	234	310	206
AT1G01720	2594	2653	3331	2722	2280	3242
AT1G32010	0	0	0	0	0	0
AT1G30850	40	37	29	20	18	31
AT1G04480	3573	2587	2511	3418	3480	3115
AT1G29930	2025	1171	166	638	4370	20
AT1G03140	1088	1003	968	1191	1452	1132
AT1G33360	940	808	793	899	966	852
AT1G10300	77	64	44	79	59	53
AT1G49820	828	785	798	860	1108	798
AT1G71960	914	1546	1238	719	986	738
AT1G51110	20	10	3	7	17	2
AT1G52560	84	131	120	40	53	43
AT1G52550	30	29	33	33	47	28
AT1G54340	954	971	1053	905	1079	891
AT1G74460	1412	1882	2153	1067	1348	1182
AT1G60960	279	309	233	296	373	229
AT1G55010	0	0	0	0	0	0
AT1G17010	0	0	0	0	0	0
AT1G48635	429	453	379	390	440	382
AT1G07745	109	81	77	99	129	104
AT1G54980	0	1	0	0	0	0
AT1G44810	757	649	651	754	889	708
AT1G71000	29	9	20	2	12	0
AT1G43170	30258	24304	21881	28550	33046	27544
AT1G20470	0	0	0	0	0	0
AT1G76660	887	1045	958	970	1191	874
AT1G62040	555	526	469	436	627	499
AT1G34800	0	0	0	0	0	0
AT1G48860	1254	1286	1341	1332	1583	1275
AT1G62975	701	1441	1498	226	159	207
AT1G15220	129	141	118	141	184	137
AT1G27680	526	510	379	509	582	366
AT1G64900	125	74	107	73	81	86
AT1G47130	930	1122	1849	963	953	1159
AT1G68480	0	0	0	0	0	0
AT1G13770	223	210	216	252	263	221
AT1G75340	472	424	425	465	553	426
AT1G11300	61	51	81	15	40	66
AT1G12250	26	37	22	24	39	21
AT1G80740	11	8	5	4	12	3
AT1G47760	28	58	39	79	95	70
AT1G24650	0	0	0	1	1	2
AT1G10385	19	20	21	9	6	29
AT1G04150	91	48	51	52	47	71
AT1G70190	639	456	471	642	668	534
AT1G50790	84	92	79	90	117	90
AT1G62680	74	70	58	93	108	61
AT1G10110	13	19	12	26	30	21
AT1G64330	1355	1502	1426	1197	1442	1243
AT1G31270	0	0	0	2	0	0
AT1G80570	182	157	174	210	270	191
AT1G80690	454	483	426	532	719	368
AT1G01100	5927	4280	3953	5080	5854	4709
AT1G20000	0	0	0	0	0	0
AT1G03740	1554	1664	1986	1641	1762	1968
AT1G54010	964	571	640	878	897	833
AT1G04880	20	11	14	14	20	15
AT1G53620	22	10	11	10	11	23
AT1G02450	40	52	50	37	60	14
AT1G53970	3	4	0	1	2	13
AT1G65290	4017	2723	2537	2952	3346	2704
AT1G75370	988	1240	1062	799	1082	679
AT1G60590	48	221	75	186	525	7
AT1G24170	3479	4098	3639	2477	2324	2477
AT1G17720	2359	2240	2359	2215	2269	2197
AT1G12090	890	965	247	1897	2446	789
AT1G26890	2	4	5	8	9	7
AT1G31835	18	20	10	20	14	11
AT1G75820	1721	2308	2133	2275	3288	2438
AT1G65480	0	0	0	0	0	0
AT1G11112	1	1	5	4	7	0
AT1G15490	301	266	268	283	400	272
AT1G15125	28	28	7	77	120	111
AT1G13210	8866	9757	12041	6016	5416	9184
AT1G07210	1074	843	854	976	1182	902
AT1G64253	11	17	9	16	21	12
AT1G03230	1691	1087	983	2115	2424	1897
AT1G34220	706	763	694	757	943	705
AT1G15120	2050	1491	1404	1480	1806	1360
AT1G16515	2	5	9	1	2	4
AT1G56550	505	565	565	354	392	468
AT1G37000	0	0	0	0	0	0
AT1G66720	1	0	0	0	0	0
AT1G33530	0	0	0	0	0	0
AT1G18490	241	239	270	240	315	291
AT1G47497	0	0	0	0	0	0
AT1G18900	644	796	758	634	668	749
AT1G47485	0	0	0	0	0	0
AT1G12050	1099	1008	1064	769	886	711
AT1G69070	942	858	795	1071	1373	942
AT1G27430	1104	1217	1198	1383	1747	1371
AT1G04470	2	0	0	3	1	1
AT1G57670	33	32	33	28	20	18
AT1G55500	852	725	754	935	1108	775
AT1G27435	882	598	573	791	788	572
AT1G77350	606	536	484	516	591	456
AT1G10450	771	849	830	1008	1246	1013
AT1G08400	101	103	106	78	127	73
AT1G52343	3	0	0	2	0	1
AT1G16160	136	125	201	115	142	170
AT1G60090	0	0	0	0	0	0
AT1G69320	0	0	0	0	0	0
AT1G49050	1018	1100	1042	1045	1133	1125
AT1G60700	120	104	102	129	150	127
AT1G15680	0	0	0	0	0	0
AT1G64030	0	0	0	0	0	0
AT1G53930	0	1	2	1	2	2
AT1G25275	938	881	669	1248	1394	1524
AT1G79985	733	582	590	557	635	557
AT1G79100	1	0	1	1	1	1
AT1G68820	421	449	432	420	553	493
AT1G55190	184	148	151	142	192	136
AT1G73177	128	83	91	100	110	89
AT1G62200	316	364	369	457	630	447
AT1G49950	1777	1771	1684	1404	1327	1671
AT1G10390	2460	2726	2800	2699	3243	2723
AT1G16670	1365	1609	2152	1407	1190	1906
AT1G16800	375	422	450	494	553	496
AT1G28070	172	142	106	97	149	102
AT1G12830	379	278	262	302	373	273
AT1G36070	378	380	379	417	438	417
AT1G14400	3525	3205	3223	3258	3807	3317
AT1G52320	456	519	524	586	737	536
AT1G61240	691	717	726	455	514	491
AT1G76910	6	5	8	13	6	6
AT1G36060	820	575	376	947	885	784
AT1G26600	1	0	0	0	0	0
AT1G19780	0	0	0	0	0	0
AT1G35365	0	0	0	0	0	0
AT1G23600	0	0	0	1	1	0
AT1G13750	204	167	200	175	254	238
AT1G30280	111	157	86	210	266	84
AT1G19470	3	1	2	6	1	1
AT1G61900	444	664	540	476	580	515
AT1G51405	78	52	46	68	90	57
AT1G75260	94	177	135	141	162	179
AT1G55710	0	0	0	0	0	0
AT1G07615	318	251	202	321	424	308
AT1G09970	10947	15826	14305	8108	8997	8221
AT1G65370	739	683	720	771	870	554
AT1G09250	481	312	345	398	466	458
AT1G69485	21	19	14	17	26	23
AT1G76060	169	168	161	140	156	145
AT1G05740	4	1	1	2	0	0
AT1G43415	0	0	0	0	0	0
AT1G20690	0	0	2	0	0	1
AT1G44030	1	2	5	2	11	10
AT1G55810	518	479	322	693	728	520
AT1G34130	1424	1344	1226	1346	1543	1198
AT1G74320	342	380	345	431	487	422
AT1G23860	746	682	654	699	794	701
AT1G14642	10	11	14	9	11	7
AT1G70730	2220	2463	2319	1782	2148	1698
AT1G11755	152	171	167	186	199	176
AT1G43245	66	60	69	73	140	85
AT1G53370	0	1	0	0	1	1
AT1G34440	0	0	0	2	2	0
AT1G53325	0	0	0	0	0	0
AT1G47560	72	87	100	87	108	92
AT1G11080	509	447	183	2230	3526	1914
AT1G58525	0	0	0	0	0	0
AT1G48070	4	7	9	7	11	5
AT1G32560	18	15	17	9	8	6
AT1G58725	0	0	0	0	0	0
AT1G12710	90	125	91	103	143	62
AT1G61280	44	32	24	33	35	23
AT1G53420	1	8	7	8	19	8
AT1G49980	345	308	323	333	430	350
AT1G59980	129	95	88	141	170	155
AT1G14930	7	1	2	3	5	5
AT1G67148	350	386	499	433	378	817
AT1G48230	911	689	651	731	811	649
AT1G12260	102	208	149	126	198	158
AT1G52940	0	0	0	0	0	0
AT1G47250	913	797	702	836	901	710
AT1G68000	569	523	514	486	644	556
AT1G24793	0	0	0	0	1	0
AT1G25360	75	67	85	61	86	56
AT1G65240	11	10	5	0	2	5
AT1G02670	70	65	63	77	69	71
AT1G07990	1376	1393	1433	1413	1699	1440
AT1G65483	4	0	2	1	1	4
AT1G74360	858	1183	1243	613	535	999
AT1G01560	381	553	738	252	193	513
AT1G34180	85	121	115	170	136	162
AT1G04270	13240	8783	8200	10480	11787	9798
AT1G34810	0	0	0	0	0	0
AT1G20930	631	559	482	694	799	629
AT1G72760	6	3	0	0	1	1
AT1G77405	26	20	24	24	33	17
AT1G57770	5	3	2	3	13	7
AT1G19240	190	131	140	166	180	140
AT1G13970	278	279	313	235	350	219
AT1G13940	284	324	307	344	565	306
AT1G05010	1240	1491	1919	732	841	1099
AT1G28305	0	0	0	0	0	0
AT1G02190	2	1	0	0	0	2
AT1G34830	0	0	0	0	0	0
AT1G45207	695	873	640	811	981	576
AT1G21690	431	374	347	456	462	410
AT1G24880	1	0	0	0	0	0
AT1G53710	530	446	459	540	558	526
AT1G48110	1488	1372	1434	1293	1382	1289
AT1G60710	4504	4564	4148	3499	4523	3589
AT1G52380	1099	914	911	984	1070	912
AT1G79930	4166	3833	3557	4130	4772	4157
AT1G23840	65	101	112	133	112	129
AT1G76320	388	345	369	405	507	379
AT1G53290	469	396	396	383	461	350
AT1G55770	1	0	0	2	1	0
AT1G29330	797	836	722	575	579	647
AT1G23120	186	163	194	188	216	184
AT1G76540	1133	1141	1196	1169	1458	1060
AT1G18720	2105	2163	2109	1524	1744	1556
AT1G68810	926	1081	1316	834	1061	964
AT1G21870	0	0	0	1	0	0
AT1G13980	1205	1246	1264	1352	1682	1365
AT1G68100	787	772	729	740	932	743
AT1G29840	283	231	234	209	254	220
AT1G25083	0	0	0	0	1	0
AT1G02310	799	860	1055	394	241	422
AT1G65032	80	82	76	90	86	64
AT1G68270	0	0	0	0	0	0
AT1G74680	136	170	139	177	209	128
AT1G05880	8	17	6	32	42	50
AT1G79470	612	465	615	607	634	455
AT1G61460	328	339	394	208	183	372
AT1G10190	0	0	0	0	0	0
AT1G73940	1127	647	695	958	1065	809
AT1G26795	0	0	0	0	0	0
AT1G10747	0	0	0	0	0	0
AT1G33560	618	1072	857	1030	1178	631
AT1G01250	6	24	13	11	11	1
AT1G32640	16033	22915	26676	20219	19750	19977
AT1G03670	1	0	0	0	0	0
AT1G36340	0	0	0	0	0	0
AT1G64740	370	483	366	405	554	382
AT1G01950	1395	1451	1499	1329	1205	1256
AT1G12380	484	705	648	898	1314	532
AT1G33730	0	2	0	0	0	0
AT1G71280	1	3	0	5	2	2
AT1G71865	194	145	140	144	197	156
AT1G09660	1181	1028	988	1213	1159	1034
AT1G79485	0	0	0	0	0	0
AT1G22882	930	1031	823	562	572	590
AT1G56410	0	1	1	0	0	1
AT1G61980	150	126	139	125	173	113
AT1G28200	1724	1741	1791	1274	1277	1233
AT1G43950	0	0	0	0	0	0
AT1G75420	442	450	357	437	520	375
AT1G15170	234	261	253	182	174	248
AT1G19230	558	745	946	305	369	413
AT1G77940	6706	4403	4284	5663	6337	5036
AT1G35460	413	443	356	319	373	303
AT1G54650	204	177	179	202	254	178
AT1G30845	35	41	23	22	54	39
AT1G65700	425	301	335	363	404	302
AT1G10050	1020	1002	1131	822	987	1095
AT1G73770	47	49	40	63	80	26
AT1G09280	693	636	579	774	877	868
AT1G16300	791	633	641	716	778	623
AT1G35240	77	102	129	34	41	37
AT1G08200	10524	12322	11683	7955	8567	6935
AT1G04140	2320	2724	2497	2550	2980	2396
AT1G63750	310	436	459	272	256	522
AT1G23250	0	0	0	0	0	0
AT1G51805	0	2	2	0	0	0
AT1G63700	2402	2661	2738	1954	1849	1904
AT1G58602	40	23	20	26	46	72
AT1G29620	0	0	0	0	0	0
AT1G43720	0	0	0	0	0	0
AT1G24490	295	313	291	375	455	336
AT1G01460	0	0	0	0	0	0
AT1G08820	1610	1669	1742	1299	1581	1367
AT1G07240	1047	1205	1273	844	928	964
AT1G40390	0	0	0	0	0	0
AT1G51760	2806	3044	2817	1586	1503	1721
AT1G72600	185	148	190	170	214	171
AT1G12030	1	1	2	0	0	0
AT1G09483	0	0	0	1	0	1
AT1G47813	0	0	1	0	2	0
AT1G74830	34	33	26	30	29	75
AT1G04645	0	0	0	0	0	2
AT1G70910	12	7	10	3	7	6
AT1G48285	0	0	0	0	0	0
AT1G13550	37	44	28	49	40	63
AT1G33102	6	1	0	1	3	1
AT1G12663	1	0	1	0	0	0
AT1G76150	623	650	675	549	599	538
AT1G50770	1	0	0	2	1	0
AT1G25490	3100	2959	2917	3213	3485	3006
AT1G29500	0	0	1	1	1	0
AT1G55880	336	331	316	387	448	335
AT1G47786	0	0	0	0	0	0
AT1G26590	9	32	26	16	44	23
AT1G77180	3522	3309	3161	3340	3800	3515
AT1G45230	79	74	69	78	92	60
AT1G71860	1258	1251	1272	1477	1733	1452
AT1G31160	275	236	227	258	280	206
AT1G17090	27	41	21	27	48	29
AT1G62750	224	182	176	328	389	284
AT1G06980	28	15	18	14	37	30
AT1G65490	4	0	0	1	1	1
AT1G04230	384	343	337	284	343	316
AT1G68765	21	22	24	6	7	15
AT1G58807	0	0	0	0	0	0
AT1G80190	168	138	134	170	204	140
AT1G14040	1983	3798	3951	2804	2442	4206
AT1G01030	62	43	59	57	70	75
AT1G63840	538	549	583	708	840	693
AT1G68030	46	31	41	33	62	63
AT1G29700	117	102	108	127	166	102
AT1G68190	7	4	2	8	8	1
AT1G68010	30	8	2	10	38	5
AT1G29965	1	0	2	7	1	2
AT1G36920	0	6	2	2	3	0
AT1G04950	618	588	545	619	799	648
AT1G68800	0	0	0	1	1	0
AT1G56080	182	179	174	173	214	174
AT1G68260	230	235	248	226	281	178
AT1G72860	48	50	51	35	42	46
AT1G73510	203	209	238	324	301	683
AT1G28490	664	556	594	523	549	517
AT1G54100	6340	5076	5302	3185	3596	4071
AT1G56430	25	41	36	169	261	106
AT1G60160	174	196	178	235	359	247
AT1G03360	450	301	312	420	460	344
AT1G60280	0	0	0	0	0	0
AT1G28280	995	1307	1352	1068	1219	1158
AT1G20290	1	3	0	2	0	3
AT1G02930	1253	1163	740	544	989	2685
AT1G06137	7	8	1	3	1	9
AT1G18480	454	469	438	499	552	465
AT1G31190	110	113	120	100	155	113
AT1G27960	267	222	216	279	359	242
AT1G10850	665	550	571	687	773	525
AT1G10270	339	311	250	397	450	301
AT1G01200	171	233	180	131	194	108
AT1G75760	310	291	230	322	433	286
AT1G61430	127	125	148	171	215	186
AT1G73140	46	60	54	51	53	41
AT1G70770	4721	4984	4714	4342	4866	4439
AT1G80500	792	606	628	623	729	590
AT1G40087	0	0	0	0	0	0
AT1G62440	796	629	553	574	620	662
AT1G77280	216	232	292	265	346	247
AT1G26550	2231	1631	1700	1693	1786	1548
AT1G57610	207	207	181	254	296	172
AT1G64640	892	889	763	863	988	578
AT1G24360	3634	3313	3202	3603	4144	3147
AT1G36095	0	0	0	0	0	0
AT1G78630	654	526	409	647	810	621
AT1G54730	153	186	162	225	296	269
AT1G29770	14	7	5	5	3	2
AT1G21866	0	0	0	0	0	0
AT1G14870	2757	2995	3186	2346	1828	3880
AT1G45249	846	836	1141	508	621	567
AT1G44414	1	1	0	0	0	2
AT1G02130	960	860	912	888	1095	864
AT1G13110	455	742	458	496	749	665
AT1G34420	365	544	633	450	419	677
AT1G20550	246	196	156	232	249	191
AT1G78980	0	0	2	0	2	0
AT1G63210	0	1	1	2	1	1
AT1G03800	10	7	9	5	4	4
AT1G47370	0	1	0	0	0	2
AT1G28760	123	135	113	98	112	103
AT1G66240	5826	4772	4895	3312	3875	3398
AT1G70710	1806	3083	1470	3631	6862	1537
AT1G23960	745	811	770	694	874	719
AT1G21480	314	283	300	305	433	286
AT1G78390	38	38	37	27	25	18
AT1G26290	14	18	8	11	19	7
AT1G01470	18415	21751	21338	9906	7834	11180
AT1G56200	1394	1235	1061	1351	1617	1521
AT1G60200	3390	2947	3086	3259	3362	3089
AT1G49400	293	247	222	267	287	227
AT1G19115	5	5	1	4	5	3
AT1G62160	0	0	0	0	0	0
AT1G79740	434	491	469	507	657	475
AT1G09520	197	154	116	220	237	179
AT1G80940	380	425	455	423	602	462
AT1G74470	259	321	106	253	697	63
AT1G72480	849	904	798	844	1014	742
AT1G32310	149	133	128	151	157	139
AT1G52160	205	219	187	279	319	232
AT1G30220	104	64	90	12	11	22
AT1G24530	543	582	562	395	491	336
AT1G59077	0	0	0	0	0	0
AT1G13900	346	324	315	361	526	252
AT1G31940	204	199	217	241	322	177
AT1G09940	4189	5346	5931	3118	2507	4661
AT1G32583	26	22	26	27	28	27
AT1G61590	377	351	372	520	615	593
AT1G03390	0	0	0	0	0	0
AT1G63170	414	426	407	395	515	397
AT1G30060	0	0	0	0	0	0
AT1G57590	324	144	226	267	295	224
AT1G29310	1272	1100	992	1080	1350	1042
AT1G45000	3491	3182	3064	3117	3689	3155
AT1G04910	999	928	901	829	1044	671
AT1G53130	13	7	4	14	16	7
AT1G06500	205	173	153	203	250	199
AT1G16290	4	2	6	2	3	1
AT1G08420	1601	1652	1644	1555	1728	1612
AT1G52790	49	132	116	58	66	58
AT1G73065	22	13	17	3	14	36
AT1G23730	21	21	18	11	9	14
AT1G47310	396	410	378	415	560	386
AT1G04330	40	28	37	45	57	68
AT1G01930	283	254	274	314	399	270
AT1G09980	697	779	818	680	746	673
AT1G13510	67	103	146	29	33	61
AT1G13290	0	0	0	0	0	0
AT1G77630	413	530	407	466	406	357
AT1G62886	0	0	0	0	0	0
AT1G58200	716	840	656	599	689	605
AT1G65113	0	0	0	0	0	0
AT1G51500	171	162	192	128	101	109
AT1G64930	17	25	18	9	8	12
AT1G52245	356	269	134	277	371	264
AT1G03550	426	444	493	314	402	336
AT1G30950	0	1	1	0	0	0
AT1G56145	1521	1741	1696	1529	1738	1646
AT1G11900	51	41	22	47	37	32
AT1G32361	0	0	0	0	0	0
AT1G43815	0	0	0	0	0	0
AT1G11700	89	67	103	22	43	25
AT1G62150	81	99	70	76	105	68
AT1G65735	0	0	0	0	0	0
AT1G59840	44	46	56	71	84	53
AT1G60350	0	0	1	2	2	1
AT1G69510	4790	4230	4294	3745	4298	3499
AT1G79220	82	52	70	71	112	77
AT1G27930	819	864	915	708	884	524
AT1G06780	890	965	1020	814	900	916
AT1G06840	1030	1364	1326	1291	1537	1400
AT1G06143	52	42	57	28	51	42
AT1G07930	6746	5220	4549	5902	6450	5664
AT1G01670	60	67	57	75	105	93
AT1G59540	361	452	393	517	631	373
AT1G73040	139	277	312	37	62	53
AT1G20120	5	8	8	3	2	8
AT1G62630	0	0	0	0	1	0
AT1G17060	544	580	588	480	609	620
AT1G06520	498	967	654	632	804	594
AT1G67865	815	1735	3473	1533	1138	1084
AT1G15410	331	265	268	291	340	223
AT1G69700	410	475	362	385	524	311
AT1G05510	0	0	0	0	2	0
AT1G05500	1392	1389	1355	1327	1617	1236
AT1G16610	1710	1446	1291	1554	1768	1415
AT1G66450	17	18	24	39	58	38
AT1G04300	2398	2159	2185	2346	2700	2595
AT1G08530	152	122	148	156	158	117
AT1G20570	81	49	52	60	73	69
AT1G18950	934	796	800	968	1135	922
AT1G51350	294	292	255	314	367	296
AT1G27750	586	596	559	658	745	683
AT1G54740	65	48	19	70	90	58
AT1G28710	244	183	184	195	232	189
AT1G28450	0	0	0	1	0	0
AT1G15625	228	224	243	115	111	211
AT1G61660	2489	3592	3683	2219	2589	2197
AT1G75460	0	1	0	1	0	1
AT1G49310	82	89	73	181	215	197
AT1G69650	0	0	0	0	0	0
AT1G80070	7718	8355	8323	8904	10465	8424
AT1G51060	2337	1908	2156	2288	2667	2091
AT1G80410	3046	2724	2500	3146	3567	3130
AT1G09794	98	83	79	74	76	60
AT1G59670	0	0	2	0	1	0
AT1G02980	22	9	22	8	2	7
AT1G06680	243	156	38	144	601	18
AT1G66540	0	0	0	1	4	2
AT1G33840	18	16	32	115	147	103
AT1G27610	7	3	0	1	3	4
AT1G09750	1782	3186	1508	2807	5529	562
AT1G31772	5	0	3	0	5	1
AT1G13608	0	1	2	0	0	0
AT1G15280	1388	1321	1435	1529	1723	1535
AT1G21500	15	4	1	3	30	3
AT1G18170	49	24	40	37	31	30
AT1G79350	1297	1442	1447	1469	1510	1361
AT1G26200	87	159	137	84	89	136
AT1G29490	0	0	1	0	0	0
AT1G29870	0	0	0	0	0	0
AT1G07520	804	828	833	765	907	993
AT1G08060	471	566	598	561	740	576
AT1G02720	288	242	210	276	285	231
AT1G47490	1232	1072	1041	1300	1386	1281
AT1G20180	2	9	12	7	11	1
AT1G15870	50	28	18	36	47	41
AT1G30800	0	0	0	0	1	0
AT1G27461	38	13	18	1	2	5
AT1G34340	576	548	639	392	505	282
AT1G29660	58	103	99	159	202	201
AT1G65060	24	38	32	44	41	29
AT1G10890	1696	1374	1493	1375	1416	1421
AT1G55335	0	1	2	0	1	3
AT1G13805	0	0	0	0	0	0
AT1G31920	0	0	0	0	8	0
AT1G21510	20	37	26	50	73	48
AT1G48400	5	3	4	8	4	6
AT1G54300	1	0	1	0	0	2
AT1G55120	505	717	846	558	709	537
AT1G08645	5	1	3	1	2	0
AT1G03495	12	3	1	8	41	6
AT1G70450	6	2	1	0	5	7
AT1G30240	316	257	243	400	424	318
AT1G64570	770	908	970	969	1091	970
AT1G77855	329	484	521	360	357	346
AT1G48190	0	0	0	0	0	0
AT1G01590	2	4	5	2	3	2
AT1G48120	170	203	221	232	287	203
AT1G01070	431	426	468	205	366	145
AT1G69940	0	0	0	0	0	0
AT1G02067	0	0	0	0	0	0
AT1G17440	1216	1447	1431	1086	1113	1063
AT1G79480	84	105	102	132	129	153
AT1G44478	0	0	0	0	0	0
AT1G80230	1592	1154	1115	1357	1445	1211
AT1G63080	46	44	25	57	40	36
AT1G70160	1425	1505	1623	1379	1653	1391
AT1G31410	188	171	147	222	240	178
AT1G76705	44	26	53	40	55	48
AT1G08550	104	101	71	102	137	84
AT1G70970	0	1	1	2	0	1
AT1G08320	495	449	509	538	627	810
AT1G76450	112	109	75	91	118	85
AT1G48880	125	110	109	138	157	120
AT1G12020	128	105	88	119	168	84
AT1G01340	335	430	420	611	703	878
AT1G21960	0	0	0	0	0	0
AT1G30620	1059	1120	1224	940	963	840
AT1G34095	0	0	0	0	0	0
AT1G09920	869	689	768	627	794	727
AT1G18840	1516	1473	1355	1407	1778	1322
AT1G35410	0	0	0	0	0	0
AT1G76030	4157	3865	3901	3548	4090	3563
AT1G02280	385	307	345	423	490	397
AT1G43665	0	0	0	0	0	0
AT1G52110	4	2	5	4	2	1
AT1G64795	0	0	0	0	0	0
AT1G05180	843	904	827	882	1091	861
AT1G56070	35787	32765	29144	35727	41891	35142
AT1G72000	1	0	1	1	1	2
AT1G13260	8357	8603	7732	5548	6511	7302
AT1G17970	218	255	177	257	362	201
AT1G13920	254	404	397	327	373	374
AT1G20020	64	42	30	63	102	33
AT1G18090	122	77	87	139	139	122
AT1G13000	716	593	664	625	706	654
AT1G80900	169	157	163	122	171	167
AT1G52600	983	853	916	767	884	672
AT1G65260	624	559	580	613	662	615
AT1G33610	637	558	679	480	444	574
AT1G49435	0	0	0	0	0	0
AT1G61940	1	0	0	0	0	0
AT1G77470	344	328	312	383	432	363
AT1G12200	633	1068	1316	965	1054	1292
AT1G02950	890	1291	1424	1123	1261	1272
AT1G57870	777	809	913	697	807	675
AT1G56020	324	184	290	131	162	121
AT1G71240	196	239	203	205	317	180
AT1G12411	0	0	0	0	0	0
AT1G10870	781	790	805	709	864	731
AT1G55210	2935	3317	3792	2724	2902	2200
AT1G29730	59	46	47	132	181	170
AT1G05080	1	0	0	1	0	0
AT1G30840	432	524	413	674	1169	595
AT1G52630	181	170	133	163	186	132
AT1G80470	0	0	0	0	1	0
AT1G01080	104	104	75	121	162	100
AT1G73210	311	358	437	336	382	251
AT1G48730	0	1	0	4	1	0
AT1G55740	1692	2020	2888	702	980	1084
AT1G10180	710	787	731	746	860	653
AT1G53790	152	153	145	110	134	87
AT1G07175	13	4	2	34	33	39
AT1G08990	178	182	188	197	224	237
AT1G59850	67	148	148	88	109	123
AT1G62421	0	0	0	0	1	0
AT1G65130	17	12	14	18	23	24
AT1G62900	1	0	0	1	0	0
AT1G63205	0	0	0	0	0	0
AT1G56060	410	406	500	412	248	543
AT1G10490	822	786	753	953	1157	951
AT1G78260	318	210	182	241	314	249
AT1G09880	44	98	78	91	106	76
AT1G59630	1	0	0	0	0	0
AT1G17640	209	190	186	190	212	224
AT1G69410	4279	4027	4246	3790	4070	3707
AT1G31150	325	388	330	425	444	331
AT1G59865	6	4	4	5	3	12
AT1G79780	21	13	9	9	6	7
AT1G25150	0	0	0	0	0	0
AT1G57990	5296	7551	7684	4079	3105	6236
AT1G72141	0	2	0	0	0	0
AT1G57550	0	0	0	0	0	0
AT1G03050	0	0	0	1	0	0
AT1G16825	69	79	56	50	58	47
AT1G51360	106	89	101	139	170	124
AT1G66810	52	51	35	66	85	42
AT1G67270	0	0	0	3	1	4
AT1G42480	702	484	498	529	555	434
AT1G69900	436	503	631	444	339	615
AT1G68450	89	130	141	39	43	95
AT1G54270	3713	3337	3369	3079	3430	2824
AT1G54590	4	4	6	4	2	8
AT1G27760	1887	1752	1830	931	1015	1078
AT1G27020	769	1269	966	900	894	1286
AT1G03300	152	163	82	129	174	85
AT1G06690	64	80	62	84	105	66
AT1G35435	0	0	0	0	0	0
AT1G45180	562	812	679	554	577	495
AT1G19730	167	146	125	159	201	115
AT1G80260	914	1018	951	1086	1249	1030
AT1G04840	46	33	37	39	45	32
AT1G62050	73	106	82	123	228	104
AT1G24851	0	0	0	0	0	0
AT1G22885	364	492	478	295	342	385
AT1G54450	124	154	122	219	206	153
AT1G22730	699	644	579	673	710	571
AT1G29710	72	69	57	93	93	70
AT1G33760	774	827	626	589	341	592
AT1G67700	196	165	177	215	303	218
AT1G07960	865	616	682	605	795	600
AT1G70430	21	21	21	46	81	25
AT1G20200	2001	1864	1614	1966	2054	1697
AT1G13430	65	49	61	76	102	72
AT1G11130	633	959	1057	799	1025	656
AT1G55270	478	598	615	534	576	509
AT1G76890	684	502	259	486	570	424
AT1G73560	0	0	0	0	0	0
AT1G45976	552	430	435	460	552	460
AT1G47390	0	0	0	0	0	0
AT1G43640	4	33	24	15	13	14
AT1G44760	329	241	282	226	270	310
AT1G69820	0	0	0	0	0	0
AT1G72680	619	521	452	464	549	483
AT1G61340	4549	5518	6113	5443	4601	6317
AT1G35430	131	140	121	128	127	151
AT1G61040	835	730	784	895	990	881
AT1G54830	700	643	638	452	503	460
AT1G14250	4	4	1	6	1	1
AT1G78880	1456	1654	1592	1593	1813	1502
AT1G72660	15	6	5	14	13	17
AT1G32740	96	81	85	57	48	29
AT1G79320	113	121	133	89	111	149
AT1G29600	15	17	16	15	25	33
AT1G67856	249	341	369	228	147	162
AT1G65070	269	243	229	261	318	258
AT1G29195	61	31	29	27	31	27
AT1G31740	1	0	0	0	0	0
AT1G62570	5071	6399	8340	2145	2338	1560
AT1G72620	6	11	9	6	8	5
AT1G60650	427	335	319	390	491	332
AT1G18440	215	184	173	213	236	205
AT1G08260	893	1265	1111	1241	1387	1190
AT1G68580	1299	1376	1219	908	1290	1239
AT1G80245	123	95	121	123	153	106
AT1G31930	1095	1273	1200	1378	1789	1342
AT1G49750	89	224	172	192	459	67
AT1G12130	31	27	30	13	13	14
AT1G04600	48	43	42	47	75	41
AT1G27970	1391	1111	1083	1125	1209	925
AT1G13755	0	0	0	0	0	0
AT1G26480	1	0	0	1	1	0
AT1G59870	25761	40418	40799	28192	28665	38743
AT1G59620	226	300	281	272	242	271
AT1G62710	954	1422	1468	867	1298	608
AT1G24310	524	534	430	545	638	471
AT1G10620	0	0	1	0	1	0
AT1G09415	176	225	161	146	197	120
AT1G52905	65	34	36	63	57	30
AT1G11840	23805	33405	26090	21064	26596	13015
AT1G61165	0	0	0	0	0	0
AT1G19070	20	10	16	11	14	8
AT1G64360	0	11	28	2	3	0
AT1G22275	37	46	41	77	78	58
AT1G51830	17	5	9	104	124	25
AT1G16970	471	453	497	506	561	498
AT1G44890	9	3	4	5	8	6
AT1G55890	701	610	519	764	756	689
AT1G28560	91	59	82	66	83	77
AT1G55475	110	95	90	99	136	130
AT1G33260	109	209	151	166	220	90
AT1G13195	347	319	332	253	251	267
AT1G21080	3268	3673	3692	2537	2240	2904
AT1G30480	422	325	317	410	498	376
AT1G19510	0	0	0	0	0	0
AT1G23330	595	553	652	448	562	478
AT1G72850	114	90	53	172	155	196
AT1G02840	3699	3041	3071	3604	3982	3821
AT1G71697	1338	1582	1792	940	1064	1520
AT1G04520	357	304	266	351	428	306
AT1G54970	149	79	51	55	50	86
AT1G26610	16	22	15	13	14	23
AT1G11303	0	0	1	4	0	2
AT1G48210	837	1041	962	791	909	883
AT1G06000	877	1232	1551	977	977	771
AT1G37113	0	0	0	0	0	0
AT1G55280	48	43	42	36	70	30
AT1G78815	366	549	457	698	1058	407
AT1G21840	47	41	45	37	71	35
AT1G66020	387	636	743	494	619	556
AT1G30420	1130	1069	1160	1126	1228	1484
AT1G72560	472	551	584	563	683	538
AT1G33600	172	321	180	115	141	123
AT1G30972	0	0	0	0	0	0
AT1G67635	5	3	7	4	8	6
AT1G28010	33	32	18	46	65	34
AT1G78310	128	122	110	107	187	104
AT1G53210	10206	14867	12333	8092	7276	9139
AT1G68945	0	0	0	0	0	0
AT1G51310	195	132	135	174	201	157
AT1G16980	1	0	0	0	0	0
AT1G29240	83	134	122	85	148	74
AT1G45403	0	0	0	0	0	0
AT1G29400	1769	1993	2234	1527	2067	1821
AT1G08695	0	0	0	0	0	0
AT1G15790	201	204	234	161	177	184
AT1G61930	102	73	105	56	85	60
AT1G48360	259	242	281	282	358	298
AT1G54710	753	831	810	782	1041	840
AT1G10657	10	6	6	10	6	3
AT1G65000	146	94	88	75	116	115
AT1G79260	323	235	234	250	288	216
AT1G28135	0	0	0	0	0	0
AT1G57850	13	14	19	10	16	9
AT1G43690	1346	1314	1212	1383	1535	1226
AT1G10790	10	16	13	11	11	11
AT1G12560	164	144	108	123	156	191
AT1G51400	192	220	131	155	209	63
AT1G74330	2166	2843	2425	1691	1393	1831
AT1G13190	994	1071	999	916	1114	998
AT1G64720	1489	1389	1159	1813	2251	1603
AT1G70890	676	456	571	238	222	233
AT1G06770	169	154	172	195	262	197
AT1G44350	1372	1906	1916	794	530	852
AT1G71800	402	384	416	446	498	428
AT1G31080	0	0	0	0	0	0
AT1G16930	276	227	269	261	320	347
AT1G74950	11905	11779	13307	7876	6391	8722
AT1G01430	1021	909	834	643	757	510
AT1G53550	0	0	0	0	0	0
AT1G11340	8	9	2	6	7	14
AT1G76590	391	259	148	350	533	328
AT1G07180	11	8	11	10	8	17
AT1G33030	5	10	6	5	9	13
AT1G21170	930	1002	1052	1012	1202	1008
AT1G05270	801	792	706	708	771	708
AT1G19220	474	556	467	589	846	511
AT1G80340	22	17	8	20	43	35
AT1G51270	333	365	319	530	549	682
AT1G28960	643	632	666	566	702	567
AT1G17780	191	147	169	153	201	185
AT1G53730	1720	2415	1893	1605	1863	1380
AT1G64583	24	22	11	23	31	14
AT1G22650	108	175	132	261	382	172
AT1G61000	303	270	257	296	356	245
AT1G80980	220	287	292	207	194	162
AT1G66980	9	13	41	13	27	19
AT1G16560	1984	1588	1577	1490	1844	1503
AT1G10810	106	107	119	108	152	134
AT1G01780	882	924	830	590	682	727
AT1G20795	0	0	0	0	0	0
AT1G69560	4	4	5	3	7	4
AT1G19370	707	699	607	531	678	526
AT1G14686	1	3	2	3	6	2
AT1G56345	137	115	125	144	135	129
AT1G15860	888	865	771	693	859	733
AT1G24180	4152	3637	3737	3943	4628	3969
AT1G67690	140	170	146	197	183	142
AT1G64780	199	343	587	247	303	229
AT1G51800	452	484	408	589	619	816
AT1G02540	0	0	0	0	0	0
AT1G62333	24	26	27	15	28	9
AT1G53040	690	567	539	739	914	530
AT1G27490	0	0	0	0	0	0
AT1G50340	0	0	0	0	0	0
AT1G63120	623	908	810	441	630	512
AT1G21740	480	417	347	657	820	554
AT1G49200	7	6	1	5	7	6
AT1G13130	62	378	252	182	205	263
AT1G53035	42	61	31	55	82	30
AT1G23010	186	168	211	70	80	81
AT1G55755	1	2	0	2	6	3
AT1G70540	0	0	0	0	0	0
AT1G58300	0	0	2	0	7	2
AT1G55820	311	239	204	326	433	310
AT1G78140	105	121	128	138	194	148
AT1G30290	160	136	156	157	197	122
AT1G33670	25	10	5	19	6	10
AT1G68310	526	457	398	400	499	417
AT1G26160	378	340	326	333	364	340
AT1G69840	4097	4847	4580	2953	2051	2842
AT1G28260	279	264	341	253	325	308
AT1G26820	151	561	516	385	489	432
AT1G66770	0	0	0	0	0	0
AT1G12210	134	135	152	148	169	128
AT1G09730	965	1027	980	1116	1298	1113
AT1G05894	41	18	18	28	26	25
AT1G31817	809	646	597	692	727	599
AT1G07950	342	265	288	265	372	245
AT1G61520	219	149	18	100	612	8
AT1G25540	600	662	683	703	788	721
AT1G15110	750	665	592	667	821	657
AT1G75050	1	0	1	1	1	0
AT1G78000	157	129	95	1077	1433	654
AT1G30680	268	242	206	294	340	263
AT1G50080	0	0	0	0	0	0
AT1G04370	2	13	3	16	15	6
AT1G55265	122	85	135	69	63	41
AT1G23820	3403	3015	2886	3125	3547	2940
AT1G13060	3289	2790	2525	2807	3015	2648
AT1G53870	0	0	0	0	0	0
AT1G16760	0	0	0	0	0	0
AT1G09330	603	510	539	466	627	482
AT1G72200	168	95	136	272	284	219
AT1G11684	0	0	0	0	0	0
AT1G80110	337	294	300	235	242	333
AT1G66520	100	81	60	112	115	82
AT1G34822	0	0	0	0	0	0
AT1G12660	0	0	0	0	0	0
AT1G48610	426	370	326	454	459	390
AT1G17380	7512	10357	10617	5796	4391	5846
AT1G23450	35	42	33	24	43	32
AT1G29640	64	60	52	28	38	63
AT1G27240	0	0	0	0	0	0
AT1G60610	316	286	274	301	389	213
AT1G67300	942	915	972	565	725	546
AT1G61760	87	147	137	109	161	124
AT1G24290	85	72	49	75	104	79
AT1G43670	602	524	437	588	623	609
AT1G31420	1945	2358	2135	2063	2468	1529
AT1G49930	0	0	0	0	0	0
AT1G49245	96	68	82	75	99	76
AT1G02250	5	1	2	4	6	12
AT1G69290	70	77	81	87	91	86
AT1G56555	5	5	10	11	6	7
AT1G74140	0	0	2	1	2	0
AT1G76430	18	30	13	29	25	39
AT1G62310	602	731	690	601	688	681
AT1G67110	117	113	97	434	829	259
AT1G65985	250	302	248	330	351	359
AT1G63820	57	44	48	35	35	40
AT1G02780	27614	20591	19646	25392	28068	23961
AT1G19340	101	108	104	123	172	116
AT1G34390	0	0	2	0	0	0
AT1G53170	247	190	276	265	284	312
AT1G17020	164	168	168	158	146	79
AT1G33800	1515	1586	1521	1027	1194	1271
AT1G67235	0	0	0	0	0	0
AT1G12350	307	247	277	260	310	221
AT1G05070	393	354	309	343	404	317
AT1G20430	701	527	496	610	665	509
AT1G17250	17	25	34	53	47	42
AT1G04650	82	71	84	95	137	69
AT1G78150	2609	2250	2217	2437	2851	2658
AT1G20670	450	419	428	487	528	488
AT1G13020	1144	1002	1023	1109	1213	1016
AT1G73550	75	83	40	30	15	22
AT1G80300	1336	1516	1614	1135	1307	1093
AT1G01420	16	18	20	26	76	6
AT1G75200	991	783	658	942	1100	840
AT1G21240	2	1	0	2	1	4
AT1G14650	1989	1913	1909	2029	2346	2001
AT1G51470	257	861	830	802	992	1167
AT1G66690	67	52	55	24	32	36
AT1G32070	191	180	195	175	218	171
AT1G27550	0	0	0	0	0	0
AT1G60130	43	43	45	67	80	90
AT1G66910	0	3	2	1	3	1
AT1G76980	537	586	718	419	452	444
AT1G49250	3	1	1	1	0	1
AT1G05590	341	342	366	420	451	372
AT1G60060	4	4	2	4	9	6
AT1G63800	589	517	607	590	744	704
AT1G70790	797	829	716	496	432	502
AT1G69850	1578	1971	1809	1246	1581	1322
AT1G08125	571	450	445	497	558	507
AT1G74880	46	22	25	45	32	63
AT1G22990	183	121	131	210	335	167
AT1G06790	269	198	186	210	247	216
AT1G27535	0	0	0	0	0	0
AT1G28410	522	427	405	503	587	509
AT1G01220	507	501	452	580	701	548
AT1G71120	1	0	0	0	0	0
AT1G47657	0	0	0	0	0	0
AT1G55860	2917	4163	4166	3572	4160	3589
AT1G26460	1224	1172	1025	1366	1502	1056
AT1G70130	1833	2117	2444	1071	734	1717
AT1G43171	0	0	0	0	0	0
AT1G60000	14	13	2	13	43	4
AT1G47770	1	1	1	2	2	0
AT1G51770	31	22	21	12	23	31
AT1G06400	3628	4004	3882	2580	2707	2798
AT1G19835	4276	5035	4258	3768	5019	3513
AT1G69526	315	248	205	303	367	400
AT1G14020	509	325	349	388	502	357
AT1G13780	78	80	68	85	108	79
AT1G12140	992	1097	989	1452	1740	1150
AT1G01050	2338	2057	2019	1975	2248	1859
AT1G35310	6	5	5	0	2	2
AT1G64880	2177	1758	1638	2186	2410	1903
AT1G30570	415	405	397	395	545	406
AT1G59833	0	0	0	0	0	0
AT1G61920	2	6	7	4	1	2
AT1G30720	881	865	906	1083	1054	1406
AT1G61010	767	807	687	800	1024	836
AT1G22510	1133	1088	1182	721	534	747
AT1G60983	0	0	0	0	0	0
AT1G64107	1	0	3	0	0	2
AT1G01355	1	0	1	2	3	0
AT1G35150	0	0	0	0	0	0
AT1G31790	22	23	21	15	17	17
AT1G10715	0	0	0	1	0	0
AT1G56220	3283	2451	1976	4238	5745	4138
AT1G59675	0	0	0	0	0	0
AT1G66840	7	19	14	16	41	11
AT1G11970	0	0	1	0	1	1
AT1G71692	1018	978	1128	1127	1221	1158
AT1G60760	0	0	0	0	0	0
AT1G25560	3735	4009	3154	1438	1494	1770
AT1G21830	104	94	85	132	171	85
AT1G34470	247	231	206	229	246	187
AT1G19440	893	762	686	780	1030	754
AT1G10170	1721	1160	1399	1083	1430	1190
AT1G20990	137	280	251	115	190	131
AT1G09995	186	158	162	142	145	134
AT1G25340	0	0	0	0	0	0
AT1G61580	1024	686	690	862	830	606
AT1G76750	1	0	1	0	0	0
AT1G01860	98	107	91	137	154	96
AT1G27135	2	0	0	1	1	1
AT1G20890	168	135	139	161	188	164
AT1G04990	842	781	747	496	530	422
AT1G11980	5	1	0	0	0	1
AT1G26190	323	250	250	303	418	266
AT1G02660	2746	4553	3881	2456	1897	2793
AT1G11655	3	2	11	3	3	2
AT1G55865	13	4	16	17	23	6
AT1G49920	18	11	10	28	27	17
AT1G53580	2542	3152	2980	1971	2492	1921
AT1G78590	148	115	112	146	190	132
AT1G15100	335	212	167	83	117	103
AT1G77370	1236	1146	1327	1110	1114	1018
AT1G48440	2035	1995	2004	1480	1600	1372
AT1G08780	798	601	551	612	689	643
AT1G73100	460	566	486	500	585	449
AT1G13630	30	32	30	51	69	36
AT1G12770	370	280	306	367	408	390
AT1G06150	914	930	961	1253	1610	1081
AT1G60720	0	0	0	0	0	0
AT1G07280	90	62	43	96	107	57
AT1G58440	1180	1213	1224	785	898	1028
AT1G04380	27	39	30	38	52	27
AT1G10610	207	169	213	196	280	198
AT1G34795	0	0	0	0	0	0
AT1G61470	324	420	440	298	408	410
AT1G05540	4	6	6	5	6	6
AT1G31990	1	6	3	3	6	1
AT1G77680	594	481	361	462	682	403
AT1G68650	325	350	345	385	381	362
AT1G72420	234	168	174	185	231	166
AT1G31800	128	191	164	176	188	76
AT1G32180	0	1	1	1	2	2
AT1G60490	1078	1306	1318	1178	1458	1287
AT1G17285	211	105	115	135	121	170
AT1G70520	753	1259	1157	599	759	764
AT1G54790	81	207	163	105	182	152
AT1G78640	0	0	0	0	0	0
AT1G72410	1725	1600	1611	2190	2747	2130
AT1G01140	268	250	225	118	75	114
AT1G18360	195	194	195	197	243	141
AT1G51190	104	60	57	122	103	132
AT1G15340	2865	2877	3128	2622	3153	2596
AT1G07680	1	1	0	1	1	1
AT1G31690	1	0	0	2	0	0
AT1G28480	4191	4835	6721	3077	2169	4505
AT1G79970	782	729	684	726	955	568
AT1G51290	0	0	0	0	0	1
AT1G73720	659	659	583	734	825	671
AT1G73810	119	135	201	64	44	49
AT1G07150	353	288	390	183	263	242
AT1G35880	0	0	0	0	0	0
AT1G80320	495	777	1377	256	226	315
AT1G02610	65	75	35	42	62	52
AT1G80133	0	0	0	0	1	0
AT1G62870	82	129	126	244	478	104
AT1G14790	370	495	483	493	776	477
AT1G56090	185	150	150	180	215	153
AT1G25220	1676	1895	2071	1294	1218	1805
AT1G53633	57	63	78	40	42	71
AT1G68690	2746	3223	3554	1809	1437	2715
AT1G44970	250	240	216	390	466	284
AT1G29950	1229	1416	1622	1478	1694	1398
AT1G60040	2	4	0	7	8	0
AT1G15080	110	133	106	160	211	125
AT1G58400	272	423	408	431	478	393
AT1G52330	111	117	132	88	133	95
AT1G12570	0	0	0	0	0	1
AT1G63490	678	862	889	787	885	824
AT1G71090	398	390	335	381	473	413
AT1G04778	37	34	38	41	56	39
AT1G79720	95	203	89	172	213	68
AT1G24660	0	0	0	0	0	0
AT1G21920	482	410	313	677	925	639
AT1G16530	137	191	58	258	502	99
AT1G05520	1215	1339	1227	1222	1485	1201
AT1G07025	0	1	0	1	0	0
AT1G75090	92	147	138	121	176	113
AT1G47670	1368	2013	2076	1676	2250	1722
AT1G52415	10	10	10	19	15	15
AT1G59720	9	8	9	7	16	9
AT1G52740	2724	2444	2453	2520	2918	2833
AT1G34780	231	218	224	257	280	229
AT1G45688	2480	2660	2660	1944	2295	1685
AT1G67170	274	221	223	266	267	231
AT1G60500	3	1	1	0	1	0
AT1G30590	1216	1077	1096	1136	1155	1086
AT1G32920	8940	9775	12564	6875	5674	7994
AT1G72500	500	766	689	1122	1643	667
AT1G22800	0	0	0	0	0	0
AT1G07480	412	356	325	364	383	361
AT1G29320	496	433	367	497	562	423
AT1G80660	7	5	7	14	11	9
AT1G15570	400	381	296	538	683	466
AT1G74070	22	15	11	19	28	18
AT1G09480	28	42	26	52	78	45
AT1G79530	5795	4386	4547	5196	5584	4993
AT1G03810	0	0	0	1	0	0
AT1G29290	54	52	49	56	34	34
AT1G51390	317	330	326	344	359	308
AT1G72645	1	1	0	2	0	0
AT1G36150	0	0	0	0	0	0
AT1G80380	3157	3197	2159	3948	4591	3970
AT1G09935	0	2	1	0	1	0
AT1G54870	11	24	12	1	1	1
AT1G48320	511	533	482	442	455	505
AT1G51340	73	62	122	74	67	63
AT1G78170	7	3	5	9	10	3
AT1G72820	485	330	281	552	737	528
AT1G28640	2	1	2	0	0	0
AT1G26510	0	0	0	0	0	0
AT1G03445	40	19	25	25	22	17
AT1G58766	0	0	0	0	0	0
AT1G65510	631	470	490	400	350	565
AT1G78950	97	85	102	94	116	102
AT1G14330	659	813	584	441	478	422
AT1G02730	1666	2318	1721	2866	4186	1878
AT1G10455	1	1	0	1	0	0
AT1G62790	2792	2395	2573	2323	2689	2094
AT1G07330	0	1	2	1	2	3
AT1G02870	880	564	642	787	890	811
AT1G28680	1640	1940	2294	1112	1197	1215
AT1G47820	129	82	87	89	121	90
AT1G24540	0	0	0	1	1	0
AT1G17545	0	0	0	0	0	0
AT1G53285	0	0	0	0	0	0
AT1G71190	432	376	390	360	392	372
AT1G65280	1096	1058	1005	1067	1320	1156
AT1G71235	0	0	0	0	0	0
AT1G78610	776	695	705	464	504	401
AT1G74260	1731	1733	1710	2079	2473	2023
AT1G68760	1227	1480	1531	796	770	767
AT1G77830	0	0	0	0	0	0
AT1G16180	3293	3484	3154	3403	4327	3590
AT1G34850	0	0	0	0	0	0
AT1G76580	1165	1393	1320	713	828	899
AT1G26580	2399	2053	1905	2166	2475	2311
AT1G30630	3319	3103	3019	2817	3373	2758
AT1G76300	686	514	482	576	734	536
AT1G34317	0	0	0	0	0	0
AT1G68660	222	211	193	190	294	233
AT1G70630	106	106	118	114	174	106
AT1G13690	438	330	329	387	437	385
AT1G34670	283	253	318	189	330	314
AT1G79770	0	0	0	0	0	0
AT1G50300	479	333	299	424	505	402
AT1G32415	47	60	54	44	65	42
AT1G63290	1334	1254	1249	1200	1387	1000
AT1G31050	213	235	262	806	1089	742
AT1G80640	264	341	268	279	425	215
AT1G30135	2621	2916	3105	1963	1195	2513
AT1G28240	1313	1251	1269	1048	994	1064
AT1G75900	90	128	96	42	27	29
AT1G69470	0	0	0	0	0	0
AT1G32240	98	106	116	190	337	141
AT1G65010	2536	2663	2508	2639	3300	2392
AT1G62060	0	0	0	0	0	0
AT1G02500	23623	24604	29082	18008	20809	19398
AT1G43910	731	569	878	403	435	461
AT1G14710	2441	2453	1998	2593	2831	1942
AT1G19380	2734	3403	3465	2526	2458	2951
AT1G55640	0	1	0	5	1	1
AT1G56510	116	142	87	57	26	51
AT1G15810	1251	999	978	1135	1318	1063
AT1G27160	2	2	0	2	3	5
AT1G31814	83	86	76	110	114	87
AT1G18100	375	296	304	40	82	57
AT1G59700	11	10	15	3	1	6
AT1G69325	153	239	227	177	194	216
AT1G29940	1226	1216	1121	1488	1651	1332
AT1G09400	3	1	2	8	11	8
AT1G10510	472	436	441	440	545	464
AT1G47710	1514	1622	1581	1182	1523	1134
AT1G78790	166	190	163	129	151	133
AT1G29000	41	43	63	23	35	35
AT1G12550	185	225	223	153	185	161
AT1G63830	1640	1645	1857	1396	1235	1553
AT1G14687	4	8	5	9	6	1
AT1G53920	157	169	195	103	111	147
AT1G36380	128	110	112	59	111	97
AT1G09645	406	458	474	380	419	416
AT1G70040	0	0	0	0	0	0
AT1G77090	11	14	13	12	29	8
AT1G56520	1	0	1	0	1	0
AT1G48560	114	84	104	120	151	97
AT1G27080	0	0	0	0	1	0
AT1G19530	1509	2493	1165	1213	1542	675
AT1G06460	170	193	167	56	125	83
AT1G72750	2449	2406	2416	1949	1895	1927
AT1G07630	713	747	964	863	1055	936
AT1G26720	1	5	2	8	3	3
AT1G66620	174	117	115	177	196	115
AT1G36390	141	130	104	124	139	129
AT1G59740	994	1403	1957	682	917	1127
AT1G63410	8	5	7	29	49	11
AT1G04555	131	157	152	124	146	95
AT1G67230	3999	4890	4390	4392	4895	4315
AT1G29970	655	762	673	618	733	739
AT1G16110	199	193	227	243	249	319
AT1G29780	0	0	0	0	0	0
AT1G67320	386	349	349	401	418	382
AT1G10600	190	186	174	199	222	174
AT1G50700	176	228	218	193	247	190
AT1G18660	663	696	661	638	803	601
AT1G65380	162	198	163	190	276	195
AT1G06420	168	176	141	197	264	154
AT1G11490	27	24	18	22	23	23
AT1G67160	0	6	10	3	8	12
AT1G63390	4	12	1	4	6	7
AT1G74490	246	153	176	196	197	256
AT1G25440	0	1	0	1	13	0
AT1G64940	23	31	19	32	57	22
AT1G31290	154	135	160	122	118	159
AT1G40104	0	0	0	0	0	0
AT1G02360	371	320	357	425	489	690
AT1G67580	943	972	904	1102	1336	1156
AT1G62240	0	0	0	0	0	0
AT1G19940	188	295	166	98	86	69
AT1G51620	40	43	45	60	44	87
AT1G56340	9009	7518	7308	9033	9897	7010
AT1G22290	29	19	22	7	9	3
AT1G73440	171	149	158	161	192	114
AT1G29200	90	84	81	71	100	65
AT1G16260	21	14	18	38	51	75
AT1G21250	39	112	45	37	59	10
AT1G26799	0	0	0	0	0	0
AT1G58248	0	0	0	0	0	0
AT1G30880	2294	1651	1617	2247	2432	2227
AT1G74550	0	0	0	0	0	0
AT1G04580	12	9	16	6	6	1
AT1G03320	1	2	0	0	0	3
AT1G74960	1905	1617	1656	1778	1815	1587
AT1G21050	234	136	139	267	467	171
AT1G17455	270	252	252	217	268	286
AT1G09340	60	51	43	79	82	57
AT1G77655	0	0	0	0	0	0
AT1G71060	98	80	102	82	106	69
AT1G67750	1007	1692	1111	1949	3495	718
AT1G05830	934	990	1002	1171	1272	1106
AT1G11120	36	30	26	49	63	33
AT1G47395	14	16	10	34	15	16
AT1G78680	1932	1571	1534	1226	1387	1090
AT1G63730	105	141	171	134	147	148
AT1G50530	0	0	0	0	0	0
AT1G08930	7570	8288	9246	3915	3485	6796
AT1G09176	1	2	0	0	0	2
AT1G54820	11	11	10	10	8	16
AT1G13500	31	37	56	21	9	32
AT1G58060	832	996	931	863	1055	957
AT1G63770	4628	5403	5226	4377	5457	4491
AT1G24735	239	240	372	59	80	95
AT1G52191	0	1	0	0	2	0
AT1G16410	0	0	2	3	1	0
AT1G59960	1456	1163	1090	1634	1989	1647
AT1G19410	0	0	0	0	1	0
AT1G25097	0	0	0	0	0	0
AT1G27470	728	650	644	829	985	807
AT1G33590	3910	6544	5013	4945	5660	4525
AT1G77160	7	16	4	6	9	2
AT1G18540	13322	9032	8147	11314	12739	9472
AT1G18420	102	76	67	63	50	75
AT1G60920	3	0	3	1	0	2
AT1G72610	12	7	2	11	9	8
AT1G08880	1058	873	850	1136	1554	876
AT1G73220	409	434	741	26	12	47
AT1G07430	83	43	43	30	46	15
AT1G45100	0	0	0	0	0	0
AT1G65425	0	0	0	0	0	0
AT1G72590	11	18	31	26	26	26
AT1G43860	575	401	442	406	553	442
AT1G29090	4	5	4	2	4	3
AT1G17340	5076	5134	6964	1945	1323	2582
AT1G48605	91	73	79	95	76	77
AT1G63270	253	225	204	192	281	206
AT1G72870	47	65	51	39	51	48
AT1G62770	452	565	487	893	1409	719
AT1G14920	333	220	239	331	537	258
AT1G22310	403	385	371	350	420	368
AT1G07650	842	1149	1086	665	650	742
AT1G16120	356	319	395	154	149	236
AT1G12110	1338	1043	774	3284	3625	3426
AT1G34049	0	0	0	0	0	0
AT1G05710	803	966	756	1039	1066	603
AT1G34040	231	222	280	212	228	229
AT1G27320	1452	1556	1745	1412	1820	1576
AT1G08450	1573	1425	1483	1382	1578	1315
AT1G22950	302	283	223	303	367	246
AT1G76880	1187	1038	941	1143	1486	883
AT1G61820	5799	9708	7866	6217	4724	6790
AT1G22410	8747	11007	12014	7611	8619	8929
AT1G48912	0	0	0	0	0	0
AT1G65730	285	264	310	172	206	340
AT1G24140	413	439	653	316	256	538
AT1G16010	1078	1091	1236	819	981	832
AT1G18280	10	6	1	8	8	8
AT1G80370	241	223	209	298	402	305
AT1G47510	37	34	38	11	20	42
AT1G31730	2765	2969	2725	2748	3133	2646
AT1G07795	8	14	10	13	9	12
AT1G26880	4273	2901	2597	3632	3914	3123
AT1G50730	538	551	572	558	614	583
AT1G24330	1157	1265	1336	1033	812	1365
AT1G25370	347	522	583	276	270	246
AT1G25570	975	1072	1001	1226	1517	842
AT1G74710	1665	1893	3065	868	704	1220
AT1G53360	0	0	0	0	0	0
AT1G47278	649	343	427	414	520	373
AT1G62250	170	199	237	154	208	204
AT1G70550	196	201	227	263	368	214
AT1G20870	13	15	15	24	36	17
AT1G31340	1276	1201	1200	1451	1581	1120
AT1G32300	0	0	0	0	0	0
AT1G54220	472	511	488	598	673	464
AT1G78120	343	381	352	932	1952	525
AT1G50720	14	2	0	4	5	4
AT1G76952	20	21	15	7	33	5
AT1G65990	1	0	0	0	0	0
AT1G30200	715	619	521	837	1112	749
AT1G21710	339	292	298	388	447	316
AT1G63940	3258	2433	2448	4455	6027	4223
AT1G80270	799	549	506	842	947	683
AT1G03457	673	757	705	706	743	759
AT1G68040	318	406	835	249	316	390
AT1G55920	1289	1182	1498	685	839	1294
AT1G65800	15	12	18	7	10	11
AT1G30490	1256	1638	1502	1489	1744	1126
AT1G13490	2	5	22	6	4	9
AT1G10030	632	420	451	493	509	437
AT1G78720	8	10	5	3	7	7
AT1G33811	0	0	0	0	1	0
AT1G12610	7095	10400	9843	5974	3754	8109
AT1G62820	477	401	382	431	499	364
AT1G69085	4	10	7	8	4	4
AT1G62260	117	114	144	120	166	137
AT1G70280	486	524	430	537	594	430
AT1G66350	553	834	788	632	635	353
AT1G55980	15	13	11	13	11	19
AT1G07473	0	0	1	1	0	1
AT1G15160	0	1	2	1	2	0
AT1G19450	1203	1066	979	692	813	796
AT1G11590	0	0	0	0	0	0
AT1G08620	1263	1389	1426	1169	1198	1272
AT1G15772	4	6	5	5	17	2
AT1G18193	0	0	0	0	0	0
AT1G19430	804	868	764	783	980	738
AT1G09040	82	100	82	103	174	107
AT1G80880	64	60	64	74	85	63
AT1G15540	236	396	536	140	190	155
AT1G22520	502	346	376	419	443	363
AT1G22400	207	133	101	184	239	239
AT1G03750	175	190	160	224	290	223
AT1G15990	1	0	1	0	1	0
AT1G61100	3923	4301	3543	2653	2707	2694
AT1G66760	2839	3068	2086	3012	1800	2006
AT1G12890	5	4	5	2	3	2
AT1G03020	6	12	2	38	38	9
AT1G79760	104	98	107	158	167	136
AT1G80830	857	713	612	1761	2229	1855
AT1G39060	0	0	0	0	0	0
AT1G36942	0	0	0	0	0	0
AT1G34520	9	8	0	9	27	4
AT1G07730	0	0	0	0	0	0
AT1G79900	25	16	18	14	22	13
AT1G42990	1625	1602	1790	1365	1346	1666
AT1G23980	46	30	35	63	72	52
AT1G60730	234	268	279	314	379	350
AT1G65950	281	201	274	251	313	263
AT1G36320	258	237	268	283	434	303
AT1G10095	137	119	132	90	128	100
AT1G29340	3175	3782	4664	3116	3084	3801
AT1G54020	8	17	26	12	21	5
AT1G07530	1333	1376	1352	1426	1772	1557
AT1G76405	176	148	144	235	261	196
AT1G69828	0	0	0	0	0	0
AT1G71920	0	0	1	1	2	1
AT1G50270	48	46	34	42	72	37
AT1G01020	133	112	103	123	137	128
AT1G02140	1708	1532	1538	1617	1771	1408
AT1G52970	0	0	0	0	0	0
AT1G05810	332	349	389	312	360	422
AT1G16070	109	160	109	245	337	138
AT1G02830	1	0	0	0	0	0
AT1G67470	118	204	199	146	140	202
AT1G76700	954	1168	1051	685	708	978
AT1G61770	1328	942	936	1050	1262	964
AT1G66730	275	276	296	321	373	346
AT1G07190	0	0	0	0	0	0
AT1G80865	0	1	1	2	0	4
AT1G54160	185	188	348	31	40	26
AT1G52310	571	574	556	507	650	459
AT1G52410	1470	2341	2347	1126	1149	426
AT1G14030	66	53	59	92	129	68
AT1G27500	236	239	260	272	360	271
AT1G54860	4	0	1	0	0	0
AT1G17210	1831	1786	1968	2120	2481	2185
AT1G54030	1600	1471	1613	1376	1466	1344
AT1G04100	94	124	96	94	164	95
AT1G17615	1	0	1	9	2	1
AT1G75540	1570	1512	1182	1920	3093	1731
AT1G55915	59	45	49	66	97	66
AT1G24620	38	31	20	33	41	50
AT1G01480	200	181	128	238	171	252
AT1G15800	163	177	203	158	201	212
AT1G52760	3197	3542	3347	3245	4193	3503
AT1G59460	0	0	0	0	0	0
AT1G12775	59	44	47	59	48	60
AT1G54490	1515	1545	1521	1610	1766	1455
AT1G74390	103	103	116	118	195	103
AT1G40129	0	0	0	0	0	0
AT1G16150	143	116	177	133	169	215
AT1G14540	284	309	311	222	216	475
AT1G06890	1452	1272	1231	1120	1491	1208
AT1G63280	0	0	0	0	0	0
AT1G64620	156	180	154	203	288	179
AT1G70335	5	13	5	11	8	5
AT1G64450	210	205	174	242	377	168
AT1G55803	1	5	2	1	3	3
AT1G33490	263	255	254	212	272	213
AT1G60560	141	130	119	174	236	145
AT1G59725	14	28	13	23	25	39
AT1G29530	161	177	156	220	212	169
AT1G32430	0	0	0	0	0	0
AT1G62920	52	57	60	71	63	58
AT1G79070	79	61	75	69	92	78
AT1G77800	1709	1878	1888	1849	2257	1948
AT1G71940	264	252	217	213	249	215
AT1G71230	286	257	253	306	287	225
AT1G47730	0	0	0	0	0	0
AT1G02335	564	1262	1051	717	977	900
AT1G31650	107	127	129	239	344	184
AT1G06260	0	0	0	0	0	0
AT1G30760	725	803	1179	858	1177	916
AT1G22710	1846	2246	2691	1699	2217	1832
AT1G06910	121	122	120	115	158	133
AT1G74020	1752	1707	1890	990	1001	1103
AT1G14730	2181	2375	2324	1261	1647	1222
AT1G74875	2	0	0	0	3	2
AT1G38131	59	53	59	76	89	48
AT1G11570	23	43	36	32	30	32
AT1G73670	666	579	604	547	557	628
AT1G05340	3117	1837	1809	838	746	1485
AT1G06580	110	100	78	81	96	94
AT1G01640	1498	1609	1669	1352	1844	1671
AT1G26470	525	323	311	391	452	405
AT1G76840	0	0	0	0	0	0
AT1G23320	0	0	0	0	0	0
AT1G07660	424	379	407	366	407	381
AT1G06320	43	22	24	27	21	36
AT1G02170	859	735	736	781	758	760
AT1G05330	1	2	2	0	1	0
AT1G51010	2	0	0	1	0	3
AT1G48940	0	0	0	0	0	0
AT1G42080	0	0	0	0	0	0
AT1G14310	186	184	168	187	214	155
AT1G28765	108	98	100	69	104	99
AT1G62020	2533	2768	2443	2883	3499	2620
AT1G31660	943	819	718	889	1061	798
AT1G68620	312	455	496	198	162	541
AT1G21810	59	95	79	129	221	84
AT1G20925	1	1	3	1	1	3
AT1G79380	4416	4570	4788	3326	3054	3910
AT1G63910	32	31	36	16	29	14
AT1G53590	1315	1505	1408	1311	1403	1260
AT1G09890	35	116	76	125	192	143
AT1G29910	44	12	1	39	108	8
AT1G15930	6494	4475	4030	6263	6435	5706
AT1G67950	542	548	518	484	536	393
AT1G31090	0	0	0	0	0	0
AT1G45231	275	241	253	278	361	251
AT1G08110	2203	2111	2171	1962	2154	1854
AT1G35520	0	0	0	0	0	0
AT1G58260	0	0	0	0	0	0
AT1G71200	2	0	3	1	0	1
AT1G26970	88	45	57	42	48	36
AT1G62610	249	234	192	227	284	181
AT1G74640	198	196	205	157	174	163
AT1G08650	1234	893	785	1069	1267	1066
AT1G05990	13	9	11	5	7	8
AT1G27650	1426	1149	1157	1329	1479	1313
AT1G19580	951	900	818	783	940	760
AT1G34790	0	0	0	0	0	0
AT1G10100	0	2	0	0	1	0
AT1G71870	479	530	672	481	598	597
AT1G61030	383	437	453	387	486	457
AT1G01335	0	0	0	0	0	0
AT1G15620	5	3	5	3	2	2
AT1G55570	0	0	0	0	0	0
AT1G48420	1784	1840	1786	1737	2097	1647
AT1G23640	0	0	0	0	0	0
AT1G22220	167	289	109	203	353	65
AT1G12390	253	239	246	241	276	267
AT1G61640	302	244	244	355	332	288
AT1G03410	218	208	226	202	236	234
AT1G22980	57	40	48	67	58	51
AT1G61255	22	14	15	7	14	14
AT1G62780	27	20	23	28	32	17
AT1G13790	45	81	58	57	48	19
AT1G62330	1086	1103	1015	1237	1516	1000
AT1G16490	45	39	40	15	53	14
AT1G67490	758	685	655	650	781	626
AT1G69350	40	36	43	45	58	37
AT1G61600	84	83	91	129	235	63
AT1G60260	16	2	0	6	21	1
AT1G19950	251	270	209	327	372	225
AT1G01490	406	364	423	483	597	397
AT1G58320	91	89	53	84	59	105
AT1G79950	780	751	803	961	1082	975
AT1G56230	1115	1045	1114	1216	1634	1288
AT1G80130	12	9	10	0	2	0
AT1G11180	124	80	104	93	99	115
AT1G68526	0	0	0	0	0	0
AT1G67630	260	267	239	380	444	280
AT1G15085	81	96	99	96	156	90
AT1G16750	57	73	104	89	117	74
AT1G65342	0	0	0	0	0	0
AT1G47400	5	11	2	17	4	3
AT1G49790	1	6	2	6	12	3
AT1G05460	311	273	226	363	533	363
AT1G47210	388	367	314	510	600	344
AT1G23140	152	131	161	107	147	129
AT1G15400	1494	1225	1165	1386	1782	1344
AT1G19485	573	462	518	591	695	579
AT1G62590	18	27	12	30	33	15
AT1G14560	477	460	491	361	380	330
AT1G60360	66	106	94	98	107	122
AT1G28630	3	0	1	0	2	1
AT1G31770	1029	1508	1364	3222	4242	1757
AT1G65650	736	727	646	709	818	684
AT1G22250	1	1	3	8	8	3
AT1G18710	76	74	121	5	5	5
AT1G71490	62	39	48	59	61	46
AT1G53720	532	460	430	516	623	525
AT1G63630	23	39	27	19	40	15
AT1G55430	98	135	99	85	119	119
AT1G51430	212	128	179	190	202	188
AT1G44820	471	543	587	556	699	532
AT1G05120	1055	1102	1222	1070	1232	1101
AT1G04945	146	143	127	169	209	121
AT1G62085	124	112	111	125	179	138
AT1G17770	0	0	0	0	0	0
AT1G67430	14958	10257	9121	12883	14237	11949
AT1G02560	1789	1599	1561	1652	1643	1488
AT1G73270	97	143	113	213	269	248
AT1G21245	0	0	0	0	0	0
AT1G13605	0	0	0	0	0	0
AT1G23070	16	3	6	1	1	1
AT1G11880	111	112	93	107	128	76
AT1G44020	100	75	65	32	39	35
AT1G54170	1084	1164	1126	1024	1233	1117
AT1G60990	214	237	207	220	286	233
AT1G13670	340	238	121	115	112	149
AT1G73655	137	112	92	171	252	152
AT1G30910	358	342	424	345	421	333
AT1G52857	0	5	1	1	6	5
AT1G23030	1033	1009	661	1044	1202	813
AT1G67140	1680	1887	1892	1750	2090	1801
AT1G21360	22	12	12	28	41	47
AT1G26560	295	500	431	317	368	270
AT1G30120	3053	2709	2747	2685	2783	2422
AT1G58030	1558	1781	1936	1130	1208	1410
AT1G61080	0	2	1	12	6	7
AT1G69910	291	326	340	313	397	279
AT1G34060	30	51	45	17	22	32
AT1G50160	0	0	0	0	0	0
AT1G09050	101	110	97	132	177	112
AT1G79750	7226	7060	7047	6561	7548	6504
AT1G07770	7816	6078	5606	7319	8295	6777
AT1G22570	1583	1489	1758	808	611	1186
AT1G03365	478	463	435	525	636	514
AT1G49850	165	164	153	145	299	184
AT1G67440	106	102	107	124	175	112
AT1G59800	2	0	0	0	0	0
AT1G50910	116	86	76	127	180	114
AT1G06380	213	192	157	200	220	168
AT1G52825	114	120	97	90	116	86
AT1G23570	0	0	1	3	3	1
AT1G52270	16	32	9	43	43	27
AT1G35515	30	53	60	32	58	33
AT1G01940	430	329	316	424	449	354
AT1G35610	22	16	10	35	31	38
AT1G52342	43	12	24	15	11	18
AT1G61500	91	113	146	139	162	138
AT1G64210	15	14	16	18	34	27
AT1G31885	22	27	28	63	106	92
AT1G10320	586	476	524	571	659	552
AT1G49890	353	403	395	409	515	440
AT1G78030	0	0	2	1	0	0
AT1G76500	281	196	203	337	388	304
AT1G70870	0	0	0	0	0	0
AT1G80550	275	273	242	333	391	278
AT1G76630	567	631	583	615	760	591
AT1G26620	328	262	345	452	627	388
AT1G56160	3	0	0	0	2	0
AT1G69830	1370	2103	1886	1739	2216	1345
AT1G55230	14	47	59	5	5	15
AT1G08360	10078	7099	6531	9169	10240	8451
AT1G48160	987	732	740	805	883	768
AT1G51250	0	0	0	0	0	0
AT1G71680	0	0	0	0	0	0
AT1G05640	66	70	76	111	139	86
AT1G46480	317	421	281	514	919	333
AT1G66300	0	0	0	0	1	0
AT1G12500	717	754	668	597	790	458
AT1G55550	26	28	40	37	46	28
AT1G75980	178	144	154	153	208	176
AT1G12211	1	5	4	3	6	5
AT1G06970	8	7	10	11	5	13
AT1G29800	253	270	265	276	326	302
AT1G19140	396	309	326	403	449	302
AT1G47530	246	223	157	191	282	240
AT1G17300	54	31	28	77	84	118
AT1G76600	2281	2767	2897	1856	1738	3009
AT1G62660	5927	5111	4910	3436	3906	4138
AT1G78540	176	152	173	212	236	173
AT1G70610	535	492	544	313	316	339
AT1G32500	451	437	371	383	502	375
AT1G49700	133	94	90	78	76	59
AT1G53100	42	55	73	32	23	29
AT1G55760	329	553	561	297	473	325
AT1G33900	0	0	0	6	14	16
AT1G76620	72	47	40	27	30	24
AT1G17310	0	7	2	1	8	3
AT1G68725	226	263	209	143	199	138
AT1G77580	723	501	566	743	810	738
AT1G64830	0	0	0	0	0	0
AT1G45165	1	0	1	6	3	6
AT1G04610	82	62	50	103	100	120
AT1G68240	8	6	9	12	18	20
AT1G76160	8577	10584	8714	6912	6522	5511
AT1G23040	248	150	212	118	167	135
AT1G31243	1	1	0	0	1	0
AT1G02850	585	360	411	120	123	225
AT1G01880	46	48	48	59	75	31
AT1G01725	105	106	122	101	132	109
AT1G24070	72	155	198	39	54	23
AT1G15230	596	407	363	426	576	422
AT1G71100	572	521	521	492	516	439
AT1G52670	1073	715	674	854	916	745
AT1G67280	1055	896	882	1006	1115	979
AT1G32225	0	0	0	0	0	0
AT1G47890	18	20	21	8	14	32
AT1G06090	322	684	763	527	630	780
AT1G54760	0	0	0	0	0	0
AT1G30475	162	174	192	168	162	126
AT1G52770	0	0	0	1	1	0
AT1G68937	0	0	0	0	0	0
AT1G26420	21	20	9	5	7	47
AT1G07476	0	0	1	0	0	2
AT1G67830	141	235	111	189	357	77
AT1G67660	110	89	78	113	162	107
AT1G74045	0	0	0	0	0	0
AT1G20065	19	5	7	13	18	12
AT1G28350	1402	1325	1275	1452	1585	1540
AT1G51700	745	1039	1192	631	759	719
AT1G55590	448	350	332	391	533	372
AT1G65570	15	34	47	17	50	59
AT1G11790	397	475	424	329	388	239
AT1G06470	716	809	725	587	735	562
AT1G78270	374	298	414	237	345	251
AT1G71810	146	100	98	96	150	106
AT1G29670	140	198	148	81	43	79
AT1G47200	1386	1313	1268	1378	1465	1058
AT1G18960	14	13	8	8	5	11
AT1G14770	168	146	137	204	211	148
AT1G32100	1051	1583	1390	922	1241	1043
AT1G35860	0	0	0	0	0	0
AT1G44010	0	0	0	3	3	2
AT1G52540	773	919	806	602	729	663
AT1G48725	0	0	1	0	0	0
AT1G68640	51	65	72	91	97	95
AT1G54000	8575	7199	9724	8627	8148	8259
AT1G12750	460	587	611	501	699	504
AT1G13650	2	0	0	1	0	0
AT1G13450	633	572	549	687	829	698
AT1G43825	0	0	0	0	0	0
AT1G61740	2523	3108	2223	1331	1782	1535
AT1G77880	10	11	11	9	10	7
AT1G30925	0	0	0	0	0	0
AT1G30100	0	3	0	1	0	0
AT1G32750	1710	1760	1780	1874	2165	1972
AT1G74690	2691	2933	2702	3081	3589	2621
AT1G80630	122	118	88	109	164	127
AT1G23380	125	228	180	244	333	179
AT1G12400	109	67	79	87	82	63
AT1G02813	3	0	0	0	1	0
AT1G25380	612	575	580	581	643	505
AT1G53560	796	640	654	393	245	370
AT1G20770	756	617	614	698	755	637
AT1G13580	318	287	295	265	277	202
AT1G55320	161	154	224	232	295	298
AT1G60530	0	0	0	0	0	1
AT1G05280	118	54	69	78	113	80
AT1G48760	634	535	486	592	730	477
AT1G07460	0	0	2	0	2	1
AT1G79790	246	206	200	268	267	267
AT1G20750	1	0	3	0	0	1
AT1G73380	385	302	295	381	424	368
AT1G08070	35	27	22	29	34	26
AT1G14430	12	3	5	5	15	5
AT1G12490	1	2	0	0	2	2
AT1G73066	77	48	60	61	60	73
AT1G76080	118	153	85	91	121	74
AT1G65450	5	2	0	1	1	0
AT1G60740	0	1	1	12	5	4
AT1G64460	736	488	512	775	1008	659
AT1G16905	28	46	54	40	38	41
AT1G10070	213	370	362	211	243	220
AT1G21750	8834	6110	6525	6608	7303	6345
AT1G65930	21859	19536	16950	24583	28416	23235
AT1G35530	161	148	114	150	201	164
AT1G28290	20529	25576	14111	30390	35299	16726
AT1G52603	0	0	0	0	0	0
AT1G68610	1	0	0	0	0	0
AT1G04870	1122	949	843	1131	1408	1139
AT1G36078	0	0	0	0	0	0
AT1G51740	298	232	221	309	308	268
AT1G54230	0	0	0	0	0	0
AT1G44750	399	477	470	395	514	331
AT1G50710	623	669	599	678	747	542
AT1G09720	0	0	0	1	0	0
AT1G68875	0	0	0	0	0	0
AT1G65860	56	49	49	47	49	55
AT1G31530	0	0	0	0	0	0
AT1G62130	315	274	290	269	335	194
AT1G80650	65	44	37	82	109	81
AT1G10990	204	289	225	300	304	205
AT1G75785	2	1	1	0	0	2
AT1G22770	2625	3160	3150	2731	3201	2871
AT1G25250	73	60	72	49	49	72
AT1G28500	1	0	0	0	0	0
AT1G09490	274	312	294	292	326	251
AT1G25470	101	116	102	109	166	83
AT1G58025	693	627	643	718	904	724
AT1G70490	4497	4494	3929	3694	4268	3275
AT1G54580	3276	2222	2253	2519	2844	2181
AT1G64480	20	13	13	29	24	24
AT1G34030	4397	2985	2818	3295	3877	2971
AT1G12990	1124	1501	1575	896	801	1055
AT1G30540	239	208	191	218	280	232
AT1G37010	0	0	0	0	0	0
AT1G26370	436	478	426	472	613	502
AT1G17130	1031	837	861	893	970	866
AT1G16920	1692	1153	1131	1480	1514	1381
AT1G01010	503	679	792	644	721	606
AT1G67400	37	51	46	65	92	65
AT1G79510	28	22	16	8	14	11
AT1G08220	265	208	205	222	228	209
AT1G16060	408	384	419	445	548	388
AT1G12650	898	654	652	725	849	748
AT1G27990	2	2	1	1	3	0
AT1G20790	0	0	0	0	0	0
AT1G60440	336	306	335	298	309	310
AT1G59690	0	0	0	0	0	0
AT1G37020	0	0	0	0	0	0
AT1G59580	991	942	907	996	1195	1093
AT1G27570	0	0	0	0	0	0
AT1G11470	1	0	0	0	0	0
AT1G79690	1719	1904	1997	1842	2138	1631
AT1G34355	411	474	366	654	735	445
AT1G72755	0	1	0	0	0	0
AT1G25375	391	342	339	324	423	334
AT1G79640	178	217	176	274	315	262
AT1G74520	466	596	518	502	763	384
AT1G27565	6	10	0	4	0	10
AT1G24470	7	2	6	7	2	4
AT1G19180	30120	39965	43216	22454	19874	30330
AT1G54990	1205	1213	1077	1074	1294	959
AT1G14110	0	0	0	0	0	0
AT1G44895	0	0	0	0	0	0
AT1G78550	151	155	151	128	217	145
AT1G09195	157	121	152	206	169	205
AT1G58250	1696	1904	1943	1793	1993	1697
AT1G52750	610	607	356	515	562	370
AT1G50560	490	375	399	498	508	556
AT1G19800	416	402	354	389	431	344
AT1G24150	597	686	822	628	594	892
AT1G79630	426	412	373	540	810	440
AT1G66870	3	0	1	6	9	3
AT1G79103	5	10	6	7	12	17
AT1G60987	0	0	0	0	0	0
AT1G71340	550	416	464	467	560	395
AT1G72640	29	17	15	43	49	30
AT1G57580	0	0	0	0	0	0
AT1G27480	0	0	0	0	1	0
AT1G73080	15967	20572	24692	13208	9823	19645
AT1G27640	0	0	0	0	0	0
AT1G68410	2519	2872	2779	1389	1223	1750
AT1G14180	133	150	115	132	195	123
AT1G04020	286	284	225	395	467	297
AT1G70310	2955	2557	2431	2744	3205	2212
AT1G11600	27	30	31	22	30	23
AT1G43680	2	0	0	1	0	0
AT1G71080	1863	1625	1431	1382	1551	1341
AT1G14660	131	161	153	155	159	150
AT1G27530	1579	1269	1391	1387	1471	1207
AT1G23465	8	17	15	12	23	7
AT1G70690	985	915	1269	526	611	670
AT1G29520	937	1251	1221	1064	1232	1262
AT1G22920	958	912	828	940	1095	905
AT1G66290	0	1	0	0	0	0
AT1G26210	46	51	49	55	55	47
AT1G64010	2	3	0	3	2	0
AT1G73450	241	284	292	294	370	367
AT1G05000	286	451	425	156	174	250
AT1G70030	1	0	0	0	0	0
AT1G64490	343	271	244	318	375	279
AT1G60770	855	676	610	935	1057	801
AT1G54390	448	387	378	456	486	391
AT1G55300	124	107	114	121	172	144
AT1G26120	422	351	424	402	468	361
AT1G28140	138	157	160	134	208	139
AT1G09665	0	0	0	0	0	0
AT1G72070	94	66	42	66	48	80
AT1G21450	1533	1817	2136	1294	1562	2008
AT1G32280	0	0	0	0	0	0
AT1G68670	1177	1313	1150	1163	1321	978
AT1G80710	57	58	46	97	126	72
AT1G15190	18	28	28	16	15	19
AT1G19130	1221	1036	1069	985	1141	932
AT1G21475	2	1	3	1	0	1
AT1G55360	1694	1737	1570	2104	2783	1608
AT1G32130	2424	2393	2519	2290	2547	2401
AT1G35353	0	0	0	0	0	0
AT1G49030	12	26	15	125	186	170
AT1G47700	0	0	0	0	0	0
AT1G64430	136	131	131	134	180	131
AT1G48010	0	0	0	0	0	0
AT1G76070	849	1090	1131	798	802	1027
AT1G30470	1572	1568	1564	1585	1834	1600
AT1G54640	0	0	0	0	0	0
AT1G69060	480	488	477	449	494	440
AT1G13170	1189	1073	1048	1220	1519	1103
AT1G61140	1376	1469	1455	1148	1201	1305
AT1G69630	3	1	2	0	2	1
AT1G48580	106	77	50	86	92	110
AT1G58430	1	2	2	5	1	0
AT1G60630	142	221	136	205	207	70
AT1G71380	47	66	52	90	94	72
AT1G48470	26	18	14	6	7	3
AT1G12820	568	424	437	477	740	407
AT1G60980	0	0	2	0	0	2
AT1G27140	642	576	796	328	293	534
AT1G51200	3631	4052	4291	3846	4397	3664
AT1G54200	63	74	55	103	237	45
AT1G67190	153	114	129	150	208	121
AT1G50170	199	181	164	205	258	214
AT1G61720	3	2	2	5	12	1
AT1G07230	614	735	633	709	792	606
AT1G05160	266	298	304	293	403	285
AT1G11670	7356	9792	12047	6452	4296	8715
AT1G67990	0	3	7	1	2	2
AT1G78010	153	121	106	202	300	190
AT1G15830	2	6	9	6	9	3
AT1G50060	146	108	136	305	346	305
AT1G52890	177	92	128	100	118	119
AT1G04445	24	12	20	17	17	19
AT1G32140	0	0	0	0	0	0
AT1G17050	286	245	274	216	260	217
AT1G73430	1243	1213	1210	1279	1382	1186
AT1G28320	577	541	496	649	867	622
AT1G10700	688	635	606	647	701	686
AT1G80440	1239	941	905	1300	1328	1306
AT1G21140	506	584	524	336	643	762
AT1G33060	369	393	398	333	443	392
AT1G21928	0	0	0	0	0	0
AT1G64070	1	4	2	2	11	5
AT1G51980	5175	4717	4410	4621	5441	4516
AT1G74450	4881	6029	7469	6631	6867	5822
AT1G05300	51	73	73	50	73	84
AT1G59030	0	0	0	0	0	0
AT1G27890	5	15	8	4	4	6
AT1G03960	332	329	347	332	358	309
AT1G02470	5	9	5	8	13	10
AT1G28170	0	1	0	0	1	0
AT1G01750	348	262	247	204	176	308
AT1G74930	1960	2303	3322	4412	5604	4653
AT1G31840	20	29	12	23	25	21
AT1G61610	251	602	465	351	354	127
AT1G23340	194	182	162	175	248	138
AT1G30920	0	0	2	2	2	2
AT1G21890	216	207	524	10	12	11
AT1G26761	0	1	0	2	11	1
AT1G06650	61	85	71	118	115	75
AT1G43790	535	1371	1123	725	1039	1275
AT1G54840	26	24	22	41	43	32
AT1G22930	5775	6571	6964	4942	5285	6102
AT1G33945	0	0	0	0	0	0
AT1G32575	6	4	6	5	8	5
AT1G63150	40	31	31	45	48	37
AT1G77310	109	87	107	149	147	135
AT1G61110	0	0	1	0	0	0
AT1G75330	1896	1625	1472	1815	2052	1648
AT1G66580	8881	6071	6558	6868	7269	7601
AT1G43090	0	0	0	0	0	0
AT1G20520	24	19	7	34	30	29
AT1G74050	5994	4474	4328	5333	6292	5086
AT1G72770	951	951	1079	777	906	739
AT1G74970	262	255	195	269	317	261
AT1G22110	12	13	9	9	10	7
AT1G54470	3	6	4	5	5	2
AT1G32760	87	86	60	96	91	87
AT1G19080	87	68	69	62	90	60
AT1G14360	591	458	468	574	633	451
AT1G15730	799	855	835	629	432	725
AT1G63670	275	349	416	459	720	370
AT1G59860	27	55	35	28	25	13
AT1G26730	4312	8210	6569	3033	1598	2692
AT1G09130	831	713	706	740	833	755
AT1G59510	40	39	34	26	36	29
AT1G33170	1169	1982	1715	2208	2872	1623
AT1G61890	25268	34095	38301	20073	14004	24270
AT1G52490	0	0	0	0	0	0
AT1G64990	570	553	547	497	577	468
AT1G27050	192	154	125	162	197	120
AT1G25425	34	33	21	34	38	22
AT1G11350	94	88	72	114	109	107
AT1G55290	28	29	19	24	24	40
AT1G74090	927	909	838	1493	1826	1277
AT1G51823	0	0	0	0	0	0
AT1G76560	169	133	99	207	268	206
AT1G09812	12	11	7	21	27	11
AT1G09060	1244	1600	1624	1265	1364	1357
AT1G67150	21	46	33	114	171	112
AT1G78955	47	53	48	112	67	75
AT1G61850	1332	1403	1229	1180	1338	1104
AT1G20735	0	0	0	0	0	0
AT1G22690	1	1	0	0	1	1
AT1G78172	12	14	13	16	17	13
AT1G69600	30	12	15	20	19	15
AT1G54040	57	76	103	26	12	40
AT1G62540	293	568	483	369	475	124
AT1G53800	339	271	324	348	421	360
AT1G27900	533	518	563	575	656	516
AT1G08640	472	542	464	455	522	426
AT1G23360	142	158	112	153	183	142
AT1G49940	60	58	54	69	67	65
AT1G13420	1684	1234	1315	1329	1646	1264
AT1G75620	50	68	71	59	71	57
AT1G09650	15	8	13	9	13	13
AT1G06120	142	131	80	98	117	152
AT1G60070	1984	2294	2048	2150	2495	1861
AT1G10830	131	121	100	137	160	110
AT1G10340	344	489	347	651	632	952
AT1G64520	2492	2157	1992	2315	2521	2083
AT1G54380	509	427	392	473	497	481
AT1G63570	0	0	0	7	9	5
AT1G56450	3074	2532	2348	2614	2857	2397
AT1G59470	0	0	0	0	0	0
AT1G12160	701	547	560	697	870	744
AT1G49800	0	1	0	0	0	0
AT1G75080	1490	1943	1955	1683	1552	1764
AT1G79730	1348	1170	1223	1280	1484	1273
AT1G53542	5	1	2	4	3	5
AT1G35440	0	0	0	0	0	0
AT1G68150	139	99	93	295	316	296
AT1G67760	91	39	36	91	66	38
AT1G63070	3	1	2	0	0	5
AT1G23670	0	0	0	0	0	0
AT1G03560	216	170	163	181	190	183
AT1G10470	1304	913	662	2008	3105	1155
AT1G68862	88	78	66	88	104	91
AT1G03060	1936	2367	2179	2660	3221	2543
AT1G73020	547	809	598	619	695	495
AT1G65120	86	70	83	93	87	96
AT1G12845	81	67	47	37	39	28
AT1G32870	139	158	140	107	205	127
AT1G62950	130	138	102	152	156	110
AT1G18000	0	0	0	0	0	1
AT1G14290	407	456	287	348	495	320
AT1G65870	4	1	7	4	3	2
AT1G15370	1273	982	1048	967	1002	890
AT1G65352	0	0	0	0	0	0
AT1G43005	0	0	0	0	0	0
AT1G56280	9749	9825	11115	8256	9733	8972
AT1G48195	0	0	0	0	0	0
AT1G71040	1446	2252	2059	1487	1709	1334
AT1G11890	1170	1071	1030	1085	1030	898
AT1G65810	6	22	28	15	21	20
AT1G55970	249	263	248	293	411	275
AT1G72090	803	719	662	878	984	817
AT1G31095	0	0	0	0	0	0
AT1G60110	2	3	3	80	71	56
AT1G63020	174	219	204	260	276	192
AT1G22450	3760	2799	2611	3124	3198	2781
AT1G14740	2913	3028	3106	2839	3236	3300
AT1G48930	190	209	195	140	153	212
AT1G69540	3	7	9	3	1	5
AT1G03870	4529	2607	2466	3361	3546	3632
AT1G13520	551	1085	1121	417	340	801
AT1G55205	79	59	44	50	62	47
AT1G05530	64	42	37	82	112	87
AT1G16870	925	767	706	898	1029	839
AT1G78320	115	149	195	154	213	176
AT1G51130	133	91	84	145	203	147
AT1G33040	1050	934	833	916	1052	788
AT1G08135	0	0	0	0	0	0
AT1G29010	0	0	0	0	0	0
AT1G23201	2	4	3	0	1	1
AT1G09030	8	3	2	2	1	7
AT1G20560	955	996	843	870	1037	739
AT1G12840	3104	3089	2956	2658	3178	2595
AT1G42700	0	0	0	0	0	0
AT1G07080	1372	1242	1250	966	1091	1021
AT1G14570	1703	1646	1581	1616	1880	1575
AT1G21310	41707	31301	28783	24214	26737	33843
AT1G20730	14	28	6	9	4	2
AT1G18630	360	332	265	310	344	292
AT1G09300	298	253	247	288	337	288
AT1G35710	6	3	1	3	5	2
AT1G24100	2617	2956	2837	2790	3192	2784
AT1G47790	0	0	0	0	0	0
AT1G80850	101	150	110	181	211	111
AT1G34910	0	0	0	0	0	0
AT1G50380	759	776	747	708	862	767
AT1G28460	0	0	0	0	0	0
AT1G49500	277	193	26	425	574	251
AT1G73860	145	175	163	99	115	176
AT1G51810	7	0	6	9	17	21
AT1G25988	0	1	0	0	0	0
AT1G32370	208	178	208	204	203	172
AT1G10670	5310	4817	4552	4588	5127	4043
AT1G20650	143	172	147	242	429	160
AT1G54410	35376	36135	26242	42759	48810	36690
AT1G30020	0	0	0	0	0	0
AT1G57780	0	0	0	1	1	1
AT1G09290	305	232	234	273	312	319
AT1G10010	5	4	3	2	5	2
AT1G32375	1	5	2	0	3	2
AT1G62690	1	0	0	1	2	0
AT1G22100	6	6	5	0	3	4
AT1G72890	80	116	53	77	102	78
AT1G50510	573	585	545	587	671	594
AT1G09460	810	783	533	693	1118	694
AT1G77130	1468	1117	1110	1166	1256	1173
AT1G51172	0	0	0	0	0	0
AT1G13030	317	282	281	395	398	306
AT1G17744	6	4	6	3	0	0
AT1G31470	131	189	163	125	163	110
AT1G36085	0	0	0	0	0	0
AT1G77150	1	1	2	1	0	1
AT1G51230	0	0	0	0	0	0
AT1G02000	661	543	622	449	532	489
AT1G42550	9	11	5	8	13	2
AT1G75810	105	104	131	95	138	117
AT1G27180	299	334	358	334	366	432
AT1G74340	194	181	141	141	153	104
AT1G47056	213	245	172	204	277	169
AT1G70460	139	141	118	111	98	161
AT1G25055	0	0	0	0	0	0
AT1G69295	2189	1761	1695	1385	1843	1076
AT1G45215	0	0	0	0	0	0
AT1G51745	396	388	328	434	561	447
AT1G06330	19	13	10	15	31	23
AT1G65980	5825	4653	4734	4834	5234	4088
AT1G62978	0	0	0	0	0	0
AT1G21730	970	1073	1100	1202	1418	1323
AT1G35617	1	0	0	0	1	0
AT1G80790	1292	1273	1310	1346	1458	1199
AT1G47317	1	0	2	0	1	1
AT1G75730	183	227	224	228	272	151
AT1G06740	96	156	113	164	176	119
AT1G17790	343	366	389	333	423	356
AT1G04930	87	60	71	94	100	67
AT1G04455	0	0	0	0	0	0
AT1G09140	1357	1173	1237	1073	1194	1072
AT1G13609	0	1	1	1	2	0
AT1G22630	0	0	0	1	0	1
AT1G50410	680	773	804	892	1091	964
AT1G47980	2	0	0	0	0	0
AT1G48800	32	60	146	20	35	24
AT1G32050	2803	3034	2790	2274	2690	2199
AT1G09740	1087	873	811	1122	1400	981
AT1G13700	290	377	332	294	473	238
AT1G57700	398	397	329	414	466	341
AT1G50990	0	0	0	0	0	0
AT1G03905	325	305	305	192	247	276
AT1G22150	20	83	153	1	0	0
AT1G03660	21	18	15	33	28	28
AT1G55910	61	64	78	59	91	66
AT1G07500	46	32	72	33	30	19
AT1G19870	3206	2816	3008	3344	3929	3159
AT1G70260	24	37	92	8	6	10
AT1G61563	2	0	0	0	0	0
AT1G23145	0	0	0	0	0	0
AT1G54280	10	17	15	10	15	7
AT1G63860	242	310	378	251	230	477
AT1G10250	0	1	0	0	0	0
AT1G64180	125	131	101	161	212	110
AT1G51850	406	385	441	515	585	708
AT1G45191	111	170	134	73	239	32
AT1G51710	2432	2365	2201	2061	2482	2169
AT1G72720	21	25	15	13	13	5
AT1G18810	0	1	0	3	7	0
AT1G09930	512	499	400	558	621	1897
AT1G10585	1	1	1	1	1	0
AT1G26940	471	416	395	421	477	486
AT1G54560	24	12	15	12	12	6
AT1G18800	1600	1243	1297	1402	1569	1336
AT1G01510	1299	1289	1235	1536	1663	1283
AT1G20320	1	1	0	0	1	1
AT1G09815	435	369	381	422	481	390
AT1G66880	1284	1808	2159	1457	1385	2173
AT1G51790	136	191	152	291	372	444
AT1G80600	1270	1238	1031	1223	1366	949
AT1G05260	4259	2368	2503	3020	3504	3223
AT1G01500	160	105	177	150	175	161
AT1G01150	6	7	7	20	11	7
AT1G63310	588	746	637	695	841	610
AT1G48220	5	3	1	9	15	2
AT1G18010	0	0	0	0	0	0
AT1G10770	4	3	5	1	1	1
AT1G03890	0	2	3	0	0	0
AT1G54920	1471	1730	1682	1727	2025	1588
AT1G50640	1738	1967	2289	2099	1972	1806
AT1G32950	55	56	45	40	52	80
AT1G27940	6	11	21	3	1	3
AT1G27090	2850	2684	2584	2794	3077	2493
AT1G71110	493	505	407	335	496	319
AT1G19630	10	47	64	2	4	0
AT1G69980	311	286	265	251	355	253
AT1G18150	1344	1433	1486	1167	1453	1224
AT1G26570	166	275	297	141	173	118
AT1G69420	904	932	806	1050	1282	777
AT1G64350	462	410	409	392	499	346
AT1G65681	0	0	0	0	1	0
AT1G73980	1038	901	1042	809	964	855
AT1G48920	13149	9941	9207	12439	14023	11182
AT1G04120	3922	4094	4497	2595	3207	2769
AT1G74620	0	0	0	0	0	0
AT1G29450	0	0	0	0	0	0
AT1G55460	490	510	468	486	552	536
AT1G32250	2	1	0	0	1	0
AT1G03090	1084	859	616	1357	1460	1309
AT1G62515	0	0	0	0	0	0
AT1G20580	1470	1143	1039	1207	1493	1259
AT1G28660	167	129	166	16	29	26
AT1G76970	1649	1873	2049	1369	1148	1577
AT1G12910	529	531	430	636	759	581
AT1G64455	6	2	2	2	6	6
AT1G42980	2	1	0	0	1	0
AT1G43605	20	10	22	27	29	9
AT1G07270	33	26	21	40	47	25
AT1G30550	204	123	127	211	232	241
AT1G62670	64	72	63	68	91	51
AT1G09440	299	531	415	442	505	273
AT1G63030	1588	2284	1606	1168	625	1164
AT1G16590	90	97	80	107	109	104
AT1G66440	47	79	64	61	53	41
AT1G69818	0	0	0	0	0	0
AT1G60230	147	165	133	156	224	133
AT1G66320	0	1	0	0	0	0
AT1G12700	54	63	44	66	70	53
AT1G74600	66	64	53	64	76	56
AT1G22970	378	322	265	395	418	310
AT1G69580	260	346	320	510	885	343
AT1G25290	102	88	63	119	145	97
AT1G36730	5110	4657	4421	4032	4421	3819
AT1G73460	712	910	884	895	1045	833
AT1G72550	1404	1380	1267	1456	1707	1407
AT1G01770	396	402	347	369	462	478
AT1G55090	992	1104	1144	995	1235	1021
AT1G78080	3164	3211	3277	3383	4357	3488
AT1G02475	34	39	45	44	71	43
AT1G55070	0	0	0	0	0	0
AT1G32470	33	24	14	40	75	17
AT1G71440	632	536	547	533	600	477
AT1G08480	2004	1524	1397	1604	1804	1370
AT1G74510	812	665	618	662	866	671
AT1G43000	5	2	1	2	7	1
AT1G21560	329	287	281	333	433	247
AT1G20696	6638	5680	6428	4639	5037	5209
AT1G03395	0	0	0	1	0	0
AT1G18030	233	246	214	166	223	168
AT1G04500	2	5	6	6	0	5
AT1G21130	395	435	328	138	137	664
AT1G60850	384	303	304	360	383	330
AT1G25500	255	249	225	215	333	294
AT1G75000	217	269	260	144	112	173
AT1G64980	2094	2728	3035	1889	1737	1931
AT1G77670	489	369	340	377	406	346
AT1G74590	252	396	407	186	212	473
AT1G13350	809	683	769	762	811	839
AT1G76050	231	176	213	224	318	230
AT1G77210	3	2	1	3	2	20
AT1G26800	86	68	64	77	142	92
AT1G29750	443	577	508	487	594	381
AT1G28550	0	1	0	0	0	0
AT1G54770	417	302	285	343	321	284
AT1G74860	201	214	225	169	208	197
AT1G07200	308	276	348	535	1152	325
AT1G56720	688	703	634	609	759	629
AT1G66430	613	627	586	649	792	553
AT1G53820	1	3	5	3	3	3
AT1G51900	0	0	0	0	0	0
AT1G59520	482	452	520	364	391	429
AT1G20350	2	5	2	2	1	3
AT1G32020	0	0	0	0	0	0
AT1G19740	190	142	166	194	262	158
AT1G20710	1	0	1	0	3	0
AT1G13245	35	34	45	30	38	25
AT1G04180	261	247	226	168	153	138
AT1G52695	0	0	0	0	0	0
AT1G60790	463	488	464	449	622	285
AT1G64400	142	171	113	372	448	635
AT1G14950	0	0	2	0	0	0
AT1G55660	0	0	0	0	0	0
AT1G12760	1581	1574	1683	1338	1540	1605
AT1G56570	61	71	54	103	118	84
AT1G35035	0	0	0	0	0	0
AT1G23740	6	16	8	7	23	1
AT1G52000	5	17	2	13	22	1
AT1G31310	2	0	2	2	8	8
AT1G69960	964	868	887	875	989	812
AT1G14470	63	86	98	72	71	76
AT1G61450	73	72	45	76	78	61
AT1G69200	96	77	46	95	133	78
AT1G49990	3	2	5	4	5	2
AT1G05291	0	0	0	0	0	0
AT1G63855	59	43	48	49	58	47
AT1G67900	400	672	481	668	977	397
AT1G29630	338	254	285	384	392	350
AT1G48200	276	228	237	263	288	209
AT1G18310	2	0	0	0	1	0
AT1G21760	423	446	427	505	587	552
AT1G11450	159	227	195	166	216	250
AT1G29005	0	0	0	0	0	0
AT1G24010	7	17	6	6	9	2
AT1G04710	320	224	233	247	289	199
AT1G22850	243	192	203	257	305	244
AT1G62420	2	4	2	0	5	1
AT1G51080	16	13	20	16	29	8
AT1G13825	2	2	1	2	1	3
AT1G01090	3597	2535	2712	3245	3545	2990
AT1G72170	368	287	246	297	392	265
AT1G29440	0	0	0	0	0	0
AT1G05750	69	64	49	60	90	54
AT1G19396	17	13	11	9	11	9
AT1G49770	0	1	0	0	0	0
AT1G51300	1	0	0	0	1	0
AT1G06700	2599	2502	2425	2477	2816	2547
AT1G04730	211	225	183	291	361	264
AT1G33080	180	172	154	266	329	229
AT1G64290	0	0	0	0	0	0
AT1G56300	917	774	903	314	348	269
AT1G73470	318	262	223	287	311	245
AT1G45170	165	176	173	202	244	183
AT1G62810	1311	1240	1431	1140	1357	1345
AT1G59820	2385	2819	2685	1657	1532	1907
AT1G68280	0	0	0	0	0	0
AT1G05580	0	0	0	0	0	0
AT1G15215	495	447	412	290	283	286
AT1G24300	1078	1205	1015	1221	1523	1268
AT1G33480	193	124	121	156	215	121
AT1G72510	2103	2241	1983	1380	1326	1310
AT1G70590	1009	1015	1043	881	885	1008
AT1G24145	9	10	7	18	30	48
AT1G04790	529	508	443	582	694	628
AT1G64130	0	0	0	0	0	0
AT1G17370	2196	2233	2371	2010	2108	2079
AT1G23230	997	1138	1125	1138	1481	1109
AT1G71900	405	370	332	343	460	348
AT1G11380	375	315	175	268	300	217
AT1G23270	0	0	1	0	0	0
AT1G71750	142	113	141	118	131	132
AT1G24450	205	208	170	240	305	150
AT1G63220	1569	1233	1301	1222	1203	1187
AT1G73690	122	111	106	131	154	111
AT1G76720	121	103	150	206	195	182
AT1G48540	467	644	648	616	750	454
AT1G55945	0	0	0	0	0	0
AT1G01240	420	390	391	446	693	470
AT1G58520	154	162	184	132	146	130
AT1G30210	445	370	384	431	503	413
AT1G70270	1	2	1	0	0	0
AT1G22050	112	120	121	114	154	134
AT1G67530	341	342	324	354	530	486
AT1G15640	146	143	153	61	90	55
AT1G75780	2993	2058	1980	2270	2293	1930
AT1G76470	40	67	28	101	150	9
AT1G56040	0	0	0	0	0	0
AT1G55805	344	239	197	351	353	278
AT1G48260	26	50	59	9	29	27
AT1G70985	38	32	31	22	19	16
AT1G17930	305	298	260	312	404	303
AT1G68825	65	35	48	41	33	36
AT1G11100	97	98	110	128	177	168
AT1G35400	0	0	0	0	0	0
AT1G49100	0	1	0	8	19	17
AT1G78380	7914	8962	10290	7075	7821	6144
AT1G06220	1678	1541	1462	1869	2097	1863
AT1G43040	46	45	31	59	117	34
AT1G02650	18	24	15	24	30	15
AT1G32928	510	570	643	547	664	542
AT1G70740	2020	2287	2896	1338	1233	1689
AT1G68400	281	309	357	446	520	368
AT1G73400	73	65	52	92	90	73
AT1G60995	552	514	516	503	609	462
AT1G08985	0	0	0	0	0	0
AT1G55800	8	9	17	12	13	7
AT1G27700	307	287	284	255	311	295
AT1G35340	126	128	96	112	162	101
AT1G71420	19	25	18	18	25	19
AT1G30660	14	17	12	18	11	2
AT1G07470	516	442	451	406	499	453
AT1G60410	1	0	0	0	0	0
AT1G35470	414	402	360	442	506	414
AT1G63530	126	207	210	120	102	131
AT1G77650	0	0	0	0	0	0
AT1G68905	0	0	0	0	0	0
AT1G58360	1196	934	1200	352	377	344
AT1G25180	1	0	1	0	0	0
AT1G19620	1	0	1	3	19	1
AT1G34630	512	468	506	392	505	437
AT1G21326	56	120	177	126	96	164
AT1G33607	0	0	0	0	0	0
AT1G68230	249	419	457	312	374	420
AT1G72880	580	785	775	685	661	643
AT1G63550	0	0	0	2	0	2
AT1G06800	430	530	493	396	381	395
AT1G68320	1	0	3	5	0	3
AT1G20800	0	0	0	0	0	0
AT1G65760	0	0	0	0	0	0
AT1G20300	346	373	347	370	368	326
AT1G06060	468	400	435	452	513	390
AT1G68340	197	210	229	136	122	165
AT1G03170	39	94	46	19	8	12
AT1G09220	34	31	19	23	43	28
AT1G30320	317	349	328	472	642	403
AT1G02790	2	0	0	0	0	0
AT1G32860	649	713	581	534	637	414
AT1G47389	0	0	0	0	0	0
AT1G63850	316	270	255	425	549	405
AT1G52070	324	242	195	1037	1174	977
AT1G33280	91	104	121	101	123	141
AT1G59810	10	21	29	24	12	23
AT1G59550	0	0	0	0	0	0
AT1G32650	0	0	0	0	0	0
AT1G11125	95	162	133	143	223	103
AT1G05320	453	630	682	562	683	615
AT1G61795	71	45	54	133	209	90
AT1G22065	2195	2083	2811	1084	1321	1299
AT1G68750	70	89	116	5	7	8
AT1G22040	216	231	197	215	302	171
AT1G48840	285	350	295	276	430	281
AT1G13460	290	315	266	270	326	245
AT1G14900	1329	1313	1334	1273	1559	1319
AT1G80180	440	315	305	581	687	587
AT1G16270	1330	1447	1488	1649	1811	1629
AT1G10580	1118	941	965	1070	1176	919
AT1G36240	0	0	0	0	0	0
AT1G54510	701	750	833	785	875	757
AT1G57600	256	210	250	238	277	233
AT1G09155	41	15	20	23	55	29
AT1G20860	2	4	3	4	5	2
AT1G02965	1	1	0	0	0	0
AT1G33350	45	35	37	25	47	31
AT1G28160	1	1	0	7	5	1
AT1G15165	66	62	77	51	87	67
AT1G16040	410	335	359	346	424	308
AT1G53250	86	43	50	80	73	84
AT1G78210	482	474	506	363	408	312
AT1G11260	4773	6238	4369	3830	4331	4749
AT1G29820	720	673	707	687	791	710
AT1G72060	46	21	22	26	48	93
AT1G60940	726	838	773	775	994	720
AT1G71770	0	0	1	0	0	0
AT1G08660	1356	1183	1185	1238	1423	1181
AT1G40086	0	0	0	0	0	0
AT1G04340	796	625	638	676	814	634
AT1G47260	3904	3129	3052	3423	3703	3027
AT1G48325	7	8	8	4	5	12
AT1G26310	0	0	0	0	0	0
AT1G48460	90	61	72	98	133	81
AT1G59453	0	0	0	0	0	0
AT1G76200	4148	2791	2832	2929	3045	2549
AT1G17600	2	0	0	0	2	2
AT1G47740	1139	1179	1123	1308	1470	1140
AT1G75930	0	0	1	0	0	0
AT1G56580	1661	1406	1474	963	919	708
AT1G17890	1753	1350	1243	1607	1650	1663
AT1G49230	57	80	45	119	274	60
AT1G69935	83	95	101	65	73	61
AT1G54550	0	0	0	0	0	0
AT1G02150	447	374	362	491	566	463
AT1G56350	173	170	177	204	201	175
AT1G28650	2	6	6	0	1	0
AT1G18760	0	0	0	0	0	0
AT1G78470	7	5	1	0	0	0
AT1G04070	224	179	173	186	197	148
AT1G31255	0	0	0	0	0	0
AT1G58215	4	11	4	4	8	5
AT1G71460	81	75	59	61	81	66
AT1G78130	296	259	318	221	275	235
AT1G74810	8	4	4	11	6	0
AT1G24267	686	592	589	641	687	580
AT1G01920	739	622	625	865	897	694
AT1G25141	0	0	0	0	0	0
AT1G20590	0	0	0	0	0	0
AT1G32910	129	214	182	76	52	54
AT1G56180	185	167	182	241	285	239
AT1G58450	2	0	0	1	2	0
AT1G60220	895	937	979	874	1071	790
AT1G78460	2	2	2	10	36	18
AT1G21670	147	104	94	61	78	57
AT1G72490	15	3	2	5	15	10
AT1G55690	651	705	728	879	1089	700
AT1G53000	1145	969	1022	951	987	809
AT1G65880	0	1	0	0	0	0
AT1G29020	18	33	33	118	183	145
AT1G80400	318	335	283	299	388	286
AT1G29590	28	30	22	27	19	12
AT1G33860	0	0	0	0	1	0
AT1G50440	360	311	319	266	339	285
AT1G49540	596	502	487	720	835	593
AT1G18670	412	532	482	703	1037	434
AT1G12920	2626	2048	1866	2363	2857	2419
AT1G06920	0	0	0	0	0	0
AT1G14210	739	834	675	1695	2002	1209
AT1G32550	78	46	47	44	61	30
AT1G32790	2165	2261	2195	2055	2438	2009
AT1G46336	0	0	0	0	0	0
AT1G78840	18	15	14	11	13	21
AT1G36990	737	638	669	684	762	718
AT1G03930	720	731	763	717	713	648
AT1G20875	0	0	0	0	0	0
AT1G23915	0	0	0	0	0	0
AT1G24764	1062	945	1115	900	972	993
AT1G32260	345	270	279	304	319	276
AT1G52130	0	1	0	7	16	11
AT1G34210	322	264	285	361	372	310
AT1G53770	298	227	238	295	363	312
AT1G29040	577	493	488	410	500	422
AT1G15390	316	211	190	281	313	269
AT1G73340	406	416	436	324	431	487
AT1G64580	94	69	73	98	124	86
AT1G79050	337	279	292	377	383	343
AT1G35290	0	0	0	0	0	0
AT1G23050	38	40	18	10	17	14
AT1G29080	0	0	1	0	0	0
AT1G48990	0	0	1	0	0	0
AT1G63295	148	453	342	241	352	307
AT1G29535	30	21	18	33	38	24
AT1G64960	263	220	213	322	385	269
AT1G73000	1	4	4	1	2	1
AT1G36622	173	168	218	35	22	92
AT1G41820	0	0	0	0	0	0
AT1G50840	408	465	510	488	666	474
AT1G49860	61	166	55	1514	2279	1646
AT1G58420	829	1187	1647	564	528	906
AT1G49005	4	5	1	3	2	6
AT1G13880	1040	1095	1039	880	845	957
AT1G59835	0	0	0	0	0	0
AT1G50350	0	0	0	0	0	1
AT1G11210	2681	4358	3128	1266	1230	1614
AT1G10020	429	454	324	448	585	459
AT1G15890	100	90	73	165	201	282
AT1G31640	0	0	0	0	0	0
AT1G69520	70	93	122	136	132	146
AT1G08310	89	96	80	75	85	73
AT1G29270	107	64	54	90	81	81
AT1G26140	2	1	2	3	1	0
AT1G11110	1	0	0	0	0	0
AT1G20780	1272	1350	1308	861	921	1000
AT1G08190	3549	3644	3651	2916	3474	2923
AT1G04390	238	224	240	256	342	246
AT1G04800	2	2	1	5	2	3
AT1G51490	0	1	0	0	0	0
AT1G58037	57	55	45	47	57	54
AT1G32400	1289	1297	1194	1028	1238	1054
AT1G02090	1099	910	886	1046	1171	904
AT1G79600	495	521	578	471	522	468
AT1G10650	969	1221	1380	840	800	993
AT1G76994	0	0	0	0	0	0
AT1G52495	0	0	0	0	0	0
AT1G68960	2	3	0	0	0	0
AT1G52510	48	56	53	38	76	39
AT1G22360	2404	2963	2143	1427	1559	1501
AT1G27270	0	0	0	0	0	0
AT1G66680	1164	1017	904	1098	1294	1144
AT1G18520	3	3	4	1	3	3
AT1G11230	0	0	0	0	0	0
AT1G67640	0	1	0	0	0	0
AT1G52580	1	3	0	1	1	2
AT1G44080	0	0	0	0	0	0
AT1G61575	0	1	0	0	0	0
AT1G20600	0	0	1	0	0	0
AT1G14755	0	0	0	0	0	0
AT1G55420	61	71	81	77	96	51
AT1G73590	970	1193	1043	1216	1620	1093
AT1G21470	0	0	0	0	0	0
AT1G13870	369	379	307	300	350	318
AT1G50500	1309	1249	1202	1411	1572	1383
AT1G61105	0	0	0	0	0	0
AT1G43020	67	26	55	70	89	65
AT1G72160	2870	3083	2954	2946	3815	2689
AT1G23660	0	0	0	0	0	0
AT1G32360	505	482	458	531	614	515
AT1G67000	240	315	302	112	96	259
AT1G06350	50	39	18	30	28	20
AT1G66220	0	0	0	0	0	0
AT1G14680	34	27	26	26	32	29
AT1G18730	16	12	3	16	24	3
AT1G26390	25	36	5	7	7	30
AT1G28695	0	0	0	0	0	0
AT1G66420	0	0	0	1	0	0
AT1G10900	848	951	999	986	1189	1055
AT1G51820	8	8	16	0	0	1
AT1G68390	44	53	57	34	32	28
AT1G78370	452	952	639	794	952	275
AT1G14140	297	256	175	200	273	189
AT1G60430	219	181	198	191	242	185
AT1G02300	200	210	224	265	318	237
AT1G28130	774	806	1029	973	1522	1275
AT1G62280	85	115	42	210	231	163
AT1G62840	146	140	119	167	186	179
AT1G15970	348	440	380	321	485	302
AT1G27460	557	675	428	547	638	357
AT1G73870	0	0	0	0	1	0
AT1G13560	2519	2949	2619	2177	2027	2265
AT1G31335	213	257	231	310	320	246
AT1G35490	0	0	0	0	0	0
AT1G51220	2	0	1	4	4	3
AT1G49260	0	0	0	0	0	0
AT1G12010	2052	2260	1900	2999	3379	5385
AT1G19640	2	1	2	3	2	2
AT1G30090	316	296	281	340	404	259
AT1G27190	818	950	937	917	1140	786
AT1G48830	3641	2774	2615	2908	3365	2557
AT1G04430	6814	8395	7939	5440	5410	5371
AT1G24420	49	72	96	34	48	54
AT1G18290	172	140	107	61	74	115
AT1G07940	4034	2781	2525	3422	3558	3021
AT1G15660	577	569	525	745	835	656
AT1G17560	248	161	151	202	249	153
AT1G15980	2	6	3	1	0	0
AT1G68520	2	2	1	7	23	0
AT1G27595	776	977	925	1030	1294	1064
AT1G66390	0	0	0	0	0	0
AT1G19890	0	0	1	0	0	0
AT1G26110	5407	5308	5147	5387	6130	5229
AT1G48145	0	0	0	0	0	0
AT1G54575	1074	582	1020	30	37	81
AT1G20330	3397	3564	3585	3016	3315	2921
AT1G17400	9	7	11	2	4	1
AT1G11362	3	3	1	1	0	0
AT1G51540	742	617	641	628	716	562
AT1G28690	61	92	74	69	66	60
AT1G48430	1038	1004	1150	1134	1225	1229
AT1G63870	4	7	10	4	5	5
AT1G11860	4059	3521	3387	3843	4469	3534
AT1G66250	382	389	408	502	540	414
AT1G55673	0	0	0	0	0	0
AT1G73030	3273	3599	3979	2900	3170	3170
AT1G04920	11	15	5	1	9	14
AT1G55520	717	738	660	623	574	609
AT1G18470	1258	1297	1311	1067	1237	1286
AT1G13540	42	69	54	75	80	131
AT1G73965	38	21	23	31	48	46
AT1G80820	3762	7538	8325	4032	3146	5825
AT1G48530	0	0	0	0	0	0
AT1G35540	0	0	0	0	0	0
AT1G36675	8	1	1	3	13	3
AT1G73875	284	239	286	273	281	246
AT1G17650	173	148	144	205	201	158
AT1G55050	37	28	28	32	46	44
AT1G79130	5	4	2	19	17	12
AT1G58340	72	68	51	96	118	47
AT1G70840	0	0	2	1	0	0
AT1G14820	314	318	290	247	265	226
AT1G34160	126	97	89	81	136	81
AT1G79960	9	4	8	11	8	14
AT1G07610	407	277	219	1357	1971	910
AT1G77110	50	101	86	122	175	88
AT1G48960	290	275	355	210	224	208
AT1G45332	604	587	559	705	845	595
AT1G19920	1431	1539	1372	1347	1641	1108
AT1G20920	1195	1318	1397	1397	1624	1444
AT1G59723	0	0	0	0	0	0
AT1G69800	463	512	534	433	473	439
AT1G49680	0	0	0	0	0	0
AT1G53120	217	193	170	191	245	192
AT1G56418	0	0	0	0	0	0
AT1G06190	501	399	363	448	493	345
AT1G10570	640	660	652	627	711	620
AT1G42710	0	0	0	0	0	0
AT1G74110	1	1	1	7	17	9
AT1G34010	322	202	221	297	326	254
AT1G13600	41	57	53	62	116	15
AT1G80150	145	88	103	138	209	124
AT1G67480	1279	855	691	1256	1543	1228
AT1G52730	913	824	792	837	921	772
AT1G03680	178	151	186	176	214	118
AT1G72580	0	0	0	0	0	0
AT1G74080	70	82	105	57	68	130
AT1G32200	479	542	419	374	278	338
AT1G20960	5042	5185	5138	5810	6900	5750
AT1G12960	0	0	0	0	0	0
AT1G65360	0	0	0	0	0	0
AT1G13220	881	870	871	1007	1130	857
AT1G71030	11	5	3	16	25	22
AT1G65110	23	20	15	32	30	22
AT1G77060	662	795	734	635	477	717
AT1G21910	1345	1617	1535	1026	933	1055
AT1G33090	146	171	299	40	34	93
AT1G75190	161	129	91	177	260	203
AT1G12940	25	55	75	7	4	349
AT1G03990	6	13	20	11	12	14
AT1G23440	1093	1077	1082	864	940	1010
AT1G15885	36	29	24	25	42	31
AT1G06560	436	374	359	510	539	474
AT1G28540	360	229	284	238	292	226
AT1G70880	173	216	189	233	251	222
AT1G01660	71	58	96	87	119	113
AT1G12180	0	1	0	0	2	0
AT1G18780	0	0	0	0	0	0
AT1G15330	258	148	110	202	199	246
AT1G10520	98	77	94	104	137	105
AT1G30510	3811	2634	3452	3718	5705	4303
AT1G80990	1	2	1	0	2	1
AT1G11770	0	0	0	0	0	0
AT1G10220	16	22	23	16	13	20
AT1G70060	1361	1635	1433	1434	1660	1507
AT1G76955	0	0	3	0	0	0
AT1G22120	0	1	0	0	0	0
AT1G17590	214	274	400	193	275	113
AT1G58235	265	164	159	217	272	185
AT1G51090	661	975	990	274	142	174
AT1G70530	849	976	1075	774	1071	1111
AT1G70560	298	193	237	210	266	240
AT1G32170	1587	1414	1258	1054	1106	1337
AT1G25530	1127	1430	1276	842	1179	677
AT1G19550	9	12	6	7	9	2
AT1G61420	129	162	157	160	155	158
AT1G62490	7	6	5	2	9	0
AT1G80210	429	346	378	353	459	395
AT1G16960	5	13	12	4	8	8
AT1G19120	664	539	576	521	683	599
AT1G24625	408	426	301	391	588	300
AT1G07070	843	517	504	649	734	622
AT1G13200	2	0	0	0	1	0
AT1G74410	166	167	184	136	210	172
AT1G27720	93	89	80	70	59	79
AT1G02620	5	0	0	0	4	2
AT1G58070	176	215	231	202	291	235
AT1G64000	76	56	88	29	35	40
AT1G68060	3556	3938	3906	3332	3375	3586
AT1G33930	0	0	1	1	1	0
AT1G30230	12591	10472	9880	11915	13703	11888
AT1G11593	0	0	0	0	0	0
AT1G68370	1071	1074	1042	972	1021	975
AT1G33340	55	51	29	154	302	131
AT1G74120	92	87	67	98	123	82
AT1G16820	240	276	231	135	92	120
AT1G24210	8	4	7	12	12	19
AT1G67360	1206	1352	1650	829	867	664
AT1G27690	140	154	153	197	250	151
AT1G35625	30	26	12	51	68	54
AT1G60989	1161	1365	1463	701	784	775
AT1G02920	1518	1648	1000	764	738	2936
AT1G80510	199	212	185	210	246	182
AT1G47220	0	0	0	0	0	0
AT1G27070	272	239	257	221	301	256
AT1G25420	702	731	743	679	722	656
AT1G50460	1582	1979	1367	1057	920	918
AT1G42615	0	0	0	1	0	0
AT1G49480	1094	1055	1127	988	1257	1074
AT1G61560	284	348	458	174	200	408
AT1G14240	2733	2869	2913	1704	1758	1042
AT1G11250	2	2	0	1	0	5
AT1G49180	97	86	70	119	165	85
AT1G07380	585	648	700	565	718	547
AT1G35910	747	956	1465	430	496	761
AT1G76180	46845	58946	54874	35902	34022	39088
AT1G76800	75	34	16	126	332	132
AT1G32440	792	809	821	814	936	767
AT1G57570	16	16	7	15	15	21
AT1G28570	235	342	412	212	215	187
AT1G08710	232	211	224	229	262	227
AT1G06020	12	19	9	15	19	20
AT1G01040	1171	1454	1512	1351	1631	1404
AT1G75590	61	26	12	41	52	19
AT1G12410	1164	935	992	930	1120	1001
AT1G19690	293	221	243	274	340	294
AT1G48770	58	86	72	96	105	104
AT1G78995	2	2	0	0	1	0
AT1G68940	164	258	235	292	275	292
AT1G77122	72	73	64	75	135	59
AT1G56120	242	298	319	478	571	470
AT1G76960	0	0	0	0	0	1
AT1G79880	406	324	342	393	442	439
AT1G69640	671	680	741	522	589	567
AT1G53708	4	1	4	4	8	6
AT1G26810	450	514	467	386	402	371
AT1G02120	1705	1827	1874	1928	2319	1996
AT1G07620	154	141	262	119	117	138
AT1G17430	938	1004	1072	839	785	899
AT1G78240	3853	4206	3406	3019	2997	2826
AT1G10140	1459	1946	1346	1716	2066	1280
AT1G43800	157	406	125	408	278	51
AT1G60950	339	328	223	298	475	150
AT1G11750	659	586	616	655	786	624
AT1G05920	1	0	0	0	0	0
AT1G56423	381	314	360	323	360	364
AT1G53160	1	4	1	1	0	3
AT1G64530	3977	4418	4566	2633	2800	2945
AT1G69890	4022	5356	4831	3444	3011	5109
AT1G16880	1005	874	852	895	957	866
AT1G29510	0	0	0	0	1	0
AT1G50010	11468	12005	10095	12885	14385	10416
AT1G13485	0	0	0	0	0	0
AT1G16945	0	0	0	0	0	0
AT1G20150	39	16	19	12	18	18
AT1G53850	1535	1319	1239	1273	1460	1149
AT1G53070	290	452	271	302	485	127
AT1G54110	123	92	100	103	122	93
AT1G11920	2	4	1	3	4	1
AT1G54850	231	184	193	192	226	215
AT1G10660	429	391	415	431	538	391
AT1G29060	118	98	123	101	127	104
AT1G68890	112	85	79	90	116	67
AT1G26270	2007	1953	1321	2003	2120	2153
AT1G14205	25	20	19	13	17	23
AT1G73240	321	219	229	283	340	268
AT1G72220	43	33	60	73	104	55
AT1G47270	182	167	145	275	353	267
AT1G49140	1237	1017	965	1120	1253	951
AT1G17490	277	202	257	187	197	167
AT1G51370	55	66	62	70	130	79
AT1G73390	410	433	465	472	662	539
AT1G73180	1150	1009	995	1171	1221	1040
AT1G73760	425	378	375	377	413	270
AT1G64710	1	0	1	1	4	3
AT1G28330	3509	3537	3487	4380	6134	5491
AT1G11240	1148	768	802	1031	1050	910
AT1G22840	4217	3127	2916	2928	3255	2756
AT1G32000	0	0	0	0	0	0
AT1G51140	1382	1094	1184	612	889	670
AT1G64020	2	0	3	2	4	2
AT1G27710	0	0	0	0	0	0
AT1G43010	0	0	0	0	0	0
AT1G24350	381	301	297	265	322	269
AT1G65900	415	624	364	538	835	232
AT1G54780	29	18	8	10	55	1
AT1G18890	1768	2039	2093	1314	1274	1339
AT1G20816	103	106	91	78	86	92
AT1G18640	749	738	650	721	801	766
AT1G65200	4	4	2	3	5	2
AT1G43710	2853	2356	2892	2779	3625	2721
AT1G05577	16	8	15	17	9	17
AT1G55080	251	202	195	179	283	212
AT1G30930	0	0	0	0	0	0
AT1G66270	14652	11562	14186	11719	13172	15280
AT1G30410	637	571	662	523	508	437
AT1G60620	204	205	183	237	261	235
AT1G14120	1205	2170	2757	1025	811	581
AT1G62400	19	48	42	34	41	35
AT1G50040	284	360	155	195	185	225
AT1G26870	14	13	5	42	41	28
AT1G50290	8	6	0	7	11	3
AT1G20080	8	20	11	8	16	8
AT1G12640	972	1040	972	836	1019	968
AT1G13610	86	178	113	191	232	86
AT1G18350	7	6	6	8	10	5
AT1G08500	521	303	322	218	229	252
AT1G31830	495	476	446	435	620	397
AT1G70949	0	0	0	0	0	0
AT1G16020	464	427	439	411	504	377
AT1G17730	1178	1246	1270	1026	1124	1115
AT1G62010	64	53	42	64	79	51
AT1G80910	800	805	920	646	655	675
AT1G53140	404	441	332	424	604	387
AT1G52240	57	46	45	34	58	79
AT1G58110	753	719	467	497	699	471
AT1G73060	337	298	333	292	351	294
AT1G55850	748	716	700	612	545	758
AT1G74940	224	283	149	231	376	107
AT1G50250	69	104	67	67	120	40
AT1G66890	78	104	135	109	191	93
AT1G18265	32	16	10	42	34	32
AT1G65410	327	310	330	292	360	304
AT1G34560	0	0	0	0	0	0
AT1G13360	1061	1096	1200	1080	1521	728
AT1G33110	348	383	393	409	431	478
AT1G27410	94	86	70	87	99	86
AT1G68420	0	0	0	0	0	0
AT1G08000	188	174	187	193	222	159
AT1G29280	1585	1322	1328	1167	1323	1360
AT1G52290	196	320	325	190	201	107
AT1G04635	46	26	25	34	65	38
AT1G60913	0	0	0	0	0	0
AT1G07600	0	0	0	0	0	0
AT1G65430	705	698	660	649	741	643
AT1G76010	3948	3078	3114	4050	4173	3575
AT1G47550	1419	1570	1424	1391	1653	1419
AT1G14230	839	827	917	763	930	761
AT1G19880	1768	1836	1703	1952	2328	1921
AT1G21930	412	278	323	339	398	345
AT1G77550	789	728	755	879	1050	794
AT1G78860	1265	1041	799	2290	2349	1861
AT1G65020	447	454	439	464	544	397
AT1G62340	0	0	0	0	0	0
AT1G21010	491	559	765	401	385	380
AT1G62220	0	0	0	0	0	0
AT1G60830	1	0	0	0	0	0
AT1G69440	53	71	71	151	239	133
AT1G24147	0	0	0	1	1	0
AT1G45616	11	7	8	4	11	3
AT1G24881	0	0	0	0	0	0
AT1G11960	4558	5074	5244	3390	2306	4452
AT1G64760	2214	2727	2715	1900	1663	1465
AT1G12280	129	109	167	138	201	145
AT1G35890	0	0	0	0	0	0
AT1G02740	209	217	277	253	284	254
AT1G34200	237	243	216	238	297	234
AT1G14200	35	37	18	48	88	67
AT1G75850	1088	1054	1102	998	1069	1029
AT1G59890	1206	1487	1261	1330	1578	1381
AT1G47603	6	14	5	43	52	51
AT1G06645	71	52	49	43	50	75
AT1G62110	112	96	85	114	141	102
AT1G64600	324	236	216	357	355	248
AT1G54130	730	889	796	850	1177	701
AT1G13400	0	1	0	0	0	0
AT1G04360	293	225	189	197	280	194
AT1G05960	1882	1863	1978	1863	2059	1942
AT1G52190	114	93	91	133	131	100
AT1G53887	0	1	1	1	0	0
AT1G30040	107	165	84	191	243	162
AT1G28360	57	50	39	51	44	34
AT1G43970	0	0	0	0	0	0
AT1G05620	1445	1289	1285	1115	1156	1143
AT1G73310	285	258	275	271	316	268
AT1G13100	118	66	68	109	134	108
AT1G09910	597	670	677	649	739	765
AT1G03310	258	232	208	256	342	178
AT1G17235	0	1	1	2	2	1
AT1G71210	310	288	236	299	360	282
AT1G32585	1	0	0	6	0	1
AT1G57943	23	51	47	12	31	18
AT1G79170	0	0	0	0	0	0
AT1G29355	0	0	0	0	0	0
AT1G71450	122	112	155	64	78	125
AT1G17690	551	602	604	635	779	666
AT1G64890	261	201	297	200	245	143
AT1G21550	17	23	16	26	20	32
AT1G15550	63	48	32	141	384	88
AT1G19680	552	453	386	547	731	557
AT1G27370	634	494	499	542	639	498
AT1G51730	1534	1139	1199	1450	1637	1300
AT1G60800	731	997	1050	1110	1614	985
AT1G49410	1186	701	769	914	949	776
AT1G79490	165	139	139	181	259	182
AT1G49870	554	771	485	835	1097	642
AT1G63200	0	0	0	0	0	0
AT1G73790	106	106	92	95	93	93
AT1G06045	0	0	0	0	0	0
AT1G03070	27	75	60	46	50	42
AT1G61860	114	94	100	89	82	107
AT1G74430	693	1357	833	675	441	207
AT1G26640	826	701	832	719	784	755
AT1G17950	33	29	19	38	46	26
AT1G29110	0	0	0	0	0	0
AT1G11310	2143	2759	3087	2157	2177	2720
AT1G71410	1411	1537	1521	1702	1883	1647
AT1G74900	19	33	36	40	51	36
AT1G73580	76	97	69	51	47	54
AT1G53815	1	0	0	0	0	0
AT1G53640	6	11	4	44	36	29
AT1G69120	5	6	1	3	0	0
AT1G23760	568	466	526	507	484	543
AT1G02910	293	310	269	260	383	270
AT1G64910	73	33	39	83	107	106
AT1G64185	59	36	38	66	57	56
AT1G34046	0	1	0	0	0	0
AT1G23290	6695	4890	4465	5279	5961	5052
AT1G20110	2645	2721	2700	2149	2279	2339
AT1G20190	578	321	273	526	541	523
AT1G63100	1139	1124	1022	1378	1850	1268
AT1G68160	174	152	120	174	200	194
AT1G18650	149	219	107	200	273	85
AT1G69220	1700	1743	1666	1807	2177	1825
AT1G02970	96	80	61	114	143	77
AT1G70800	1597	1902	2186	799	697	971
AT1G01370	160	121	136	173	204	121
AT1G28700	1	0	0	0	3	0
AT1G71780	499	466	397	486	508	465
AT1G17830	637	959	800	594	411	355
AT1G59900	3158	2987	2920	2780	3439	2936
AT1G77990	71	58	37	139	167	94
AT1G27695	194	172	160	146	179	165
AT1G06760	4095	3896	3498	4357	5804	4380
AT1G01130	117	124	117	63	42	60
AT1G59312	0	0	0	0	0	0
AT1G19390	1	4	4	12	15	16
AT1G06720	1455	1350	1254	1737	1940	1553
AT1G50980	0	0	0	0	0	0
AT1G05136	0	0	0	0	0	0
AT1G22490	88	132	82	171	313	73
AT1G71400	2287	2949	3369	1501	1526	2402
AT1G49780	223	219	196	177	236	241
AT1G71310	279	243	260	213	259	220
AT1G63650	332	213	206	362	321	276
AT1G61330	0	0	0	0	0	0
AT1G18580	617	599	608	541	666	491
AT1G67620	224	196	170	204	244	203
AT1G32580	790	581	577	782	870	723
AT1G33680	1673	1652	1633	1799	2098	1839
AT1G68560	5392	3945	3498	4955	5564	3755
AT1G50690	0	0	0	0	0	0
AT1G65330	10	6	5	16	14	17
AT1G59990	332	232	204	341	401	272
AT1G11780	235	194	210	222	234	178
AT1G33700	2045	2802	3478	1391	1864	1944
AT1G28110	678	1047	796	1001	1428	768
AT1G58390	0	1	0	1	0	1
AT1G12620	143	142	128	114	100	93
AT1G21940	0	0	0	0	1	0
AT1G24545	0	0	0	1	0	1
AT1G74700	91	77	88	73	83	61
AT1G20340	115	56	3	43	224	11
AT1G09530	92	156	99	87	100	42
AT1G04890	0	0	0	0	0	0
AT1G66230	15	16	17	33	57	15
AT1G23610	0	0	0	1	0	0
AT1G51040	0	0	0	0	1	0
AT1G26840	160	100	80	144	135	94
AT1G23480	649	846	634	552	672	551
AT1G74750	233	287	274	247	348	231
AT1G67290	0	0	0	0	0	0
AT1G44990	0	0	0	0	0	0
AT1G34820	0	0	0	0	0	0
AT1G72340	409	276	257	358	435	311
AT1G20220	2057	1453	1400	1815	1987	1793
AT1G78480	78	96	88	129	186	95
AT1G34540	14	8	4	8	6	10
AT1G75060	247	311	282	372	431	286
AT1G77540	273	254	213	203	198	161
AT1G70250	89	80	105	61	84	63
AT1G05140	95	80	78	96	154	84
AT1G11440	170	177	157	207	236	172
AT1G55060	0	0	0	1	0	0
AT1G18530	1	2	0	1	1	0
AT1G70900	531	516	493	393	541	436
AT1G48100	27	58	35	61	199	2
AT1G02770	4	5	6	1	2	6
AT1G27000	1448	1413	1355	1317	1540	1366
AT1G68730	60	67	75	67	70	61
AT1G36020	0	0	0	0	0	0
AT1G33290	244	196	182	276	292	257
AT1G24190	933	1249	1287	1239	1476	1290
AT1G51020	2	2	0	1	1	3
AT1G29790	569	436	432	571	820	388
AT1G12540	24	51	30	14	17	20
AT1G62290	296	203	148	21	17	47
AT1G75450	337	387	676	120	173	128
AT1G07910	664	699	649	655	702	618
AT1G19570	11925	21276	14850	15254	19719	7015
AT1G48180	0	2	2	2	1	2
AT1G75860	1539	1171	1220	680	751	682
AT1G54310	153	128	104	160	172	139
AT1G52870	16	16	27	5	11	6
AT1G54630	2272	1817	1580	1706	2026	1664
AT1G61750	29	19	8	82	67	88
AT1G76870	16	16	16	29	53	15
AT1G09850	647	580	573	522	661	460
AT1G06010	272	207	215	240	295	268
AT1G29480	0	0	0	0	0	0
AT1G11591	1	0	0	1	0	0
AT1G76185	112	95	83	107	118	100
AT1G79940	2363	2074	1811	1946	2202	1709
AT1G08900	115	84	94	71	98	98
AT1G64260	12	11	4	6	23	8
AT1G22740	305	295	311	168	188	185
AT1G08720	2383	3292	3032	2477	1614	2063
AT1G06990	1	3	8	3	3	1
AT1G25240	11	22	29	13	12	18
AT1G56650	24	11	0	4	66	0
AT1G69100	0	0	0	0	0	0
AT1G48380	411	342	352	321	400	315
AT1G73325	12	22	18	20	17	0
AT1G59124	0	0	0	0	0	0
AT1G78510	125	89	100	109	150	118
AT1G76250	223	288	305	272	315	269
AT1G23750	626	398	436	332	352	431
AT1G15420	954	692	725	781	846	720
AT1G18975	0	0	1	1	0	0
AT1G76120	121	116	111	147	185	146
AT1G78920	2356	2377	2207	2277	2511	2280
AT1G26660	277	174	217	224	239	201
AT1G20140	411	352	318	277	342	250
AT1G15270	4059	3223	3268	3025	3352	2685
AT1G28580	2246	2434	2351	2037	2380	1876
AT1G34190	1209	1206	1135	1118	1484	1088
AT1G14370	469	558	490	453	498	535
AT1G24800	0	0	0	0	0	0
AT1G50000	68	53	49	84	92	60
AT1G69230	787	1275	506	901	1176	253
AT1G30610	187	187	212	273	313	205
AT1G34817	0	0	0	0	0	0
AT1G14390	144	62	87	124	150	129
AT1G17110	1348	1350	1348	1266	1406	1175
AT1G49000	21	25	44	44	41	72
AT1G60460	32	15	19	20	30	20
AT1G80010	436	394	392	392	554	369
AT1G18220	0	0	0	0	0	0
AT1G30270	1460	1589	1733	2544	3392	2188
AT1G70320	6107	7780	7968	7240	8433	7307
AT1G61670	1486	1643	1583	1156	1298	974
AT1G67940	346	315	441	260	342	296
AT1G41880	5368	3441	3363	4147	4568	3649
AT1G77740	845	882	1015	1073	1405	940
AT1G62000	2	3	2	2	4	5
AT1G08760	819	822	749	926	1226	869
AT1G59724	0	0	0	0	0	0
AT1G35420	11	6	1	4	40	0
AT1G35750	2	0	1	0	1	0
AT1G06100	0	1	0	0	0	4
AT1G31240	17	11	13	15	24	9
AT1G19330	276	465	386	538	679	298
AT1G07000	1678	1921	2052	1590	1481	2642
AT1G60140	1186	1110	795	2439	4298	2284
AT1G78620	339	339	360	298	373	275
AT1G24600	107	59	45	21	54	20
AT1G14260	73	119	136	102	138	85
AT1G01190	730	1334	586	2221	3018	1863
AT1G59920	0	0	0	0	0	0
AT1G07705	426	487	455	583	581	441
AT1G08520	510	590	492	618	794	512
AT1G30810	1481	1574	1807	1482	1269	1909
AT1G06390	1226	1283	1265	1200	1402	1364
AT1G70580	758	632	794	489	573	388
AT1G25550	1942	2208	1779	2258	2552	2262
AT1G51530	5	4	7	6	7	5
AT1G55390	123	163	112	118	118	202
AT1G47420	3953	3259	3303	3290	3635	3118
AT1G34403	0	0	0	0	0	0
AT1G22000	3	3	5	6	0	4
AT1G53875	0	0	0	0	0	0
AT1G09510	0	0	0	0	0	0
AT1G46840	0	0	0	0	0	0
AT1G77780	0	0	0	0	0	0
AT1G02490	11	6	4	6	14	5
AT1G22020	503	573	589	548	716	570
AT1G66650	17	8	7	14	16	13
AT1G73260	1691	1236	548	2199	1664	1873
AT1G77250	487	480	494	409	452	465
AT1G16780	209	346	261	214	270	114
AT1G62430	757	736	750	540	617	612
AT1G48640	27	37	63	48	56	77
AT1G23810	0	0	0	0	0	0
AT1G21110	292	338	416	224	218	609
AT1G56600	253	197	249	85	130	117
AT1G02440	30	27	35	30	46	49
AT1G66145	0	0	0	0	0	0
AT1G17410	262	207	252	201	238	230
AT1G31750	85	50	61	24	11	30
AT1G12440	1021	1125	1028	1051	1225	1170
AT1G77290	160	130	165	163	181	133
AT1G34140	1	0	0	0	1	0
AT1G57630	12	35	13	16	16	54
AT1G01520	8	11	8	15	8	18
AT1G53500	1970	2106	1840	1949	2336	1514
AT1G16240	2057	1790	1776	1613	1807	1710
AT1G78600	388	369	344	251	339	223
AT1G80170	367	366	321	338	358	322
AT1G30974	0	0	0	0	0	0
AT1G22200	1003	1034	958	1025	1125	884
AT1G08270	18	18	17	13	8	13
AT1G29580	0	0	0	0	0	0
AT1G55535	285	278	250	234	250	204
AT1G31460	109	165	139	149	175	121
AT1G53840	12549	17879	17500	10814	9119	11205
AT1G64200	1161	1057	1076	843	941	849
AT1G58470	111	93	105	115	147	117
AT1G71260	590	527	476	559	624	463
AT1G21970	0	0	0	0	0	0
AT1G63000	7757	6917	7725	5482	6275	5448
AT1G77480	433	504	486	380	572	474
AT1G71910	19	19	21	18	11	14
AT1G67250	1463	1076	981	1090	1311	1053
AT1G16900	565	537	508	541	679	521
AT1G28040	3	4	3	24	11	14
AT1G16720	279	288	329	254	314	197
AT1G14170	764	1002	738	657	804	669
AT1G68090	0	0	0	0	0	0
AT1G16440	23	44	39	32	38	48
AT1G64700	317	321	445	224	185	293
AT1G10910	247	214	208	311	434	315
AT1G69210	150	79	116	100	120	110
AT1G14010	1390	1065	1068	1042	1162	967
AT1G65165	0	0	0	0	0	0
AT1G08050	254	292	377	291	295	405
AT1G09080	25	12	15	25	30	47
AT1G22240	0	0	0	8	4	0
AT1G53830	762	671	583	636	705	686
AT1G03900	3125	2665	2629	2471	2667	2459
AT1G33910	0	1	0	0	3	2
AT1G53240	6607	4925	4542	5947	6773	5042
AT1G23690	0	0	0	0	0	0
AT1G67460	15	4	7	27	31	18
AT1G26300	529	505	470	553	692	515
AT1G09760	1175	913	836	1162	1275	972
AT1G47300	0	0	0	0	0	0
AT1G08470	479	491	531	458	611	437
AT1G63810	728	729	658	859	918	765
AT1G46408	0	0	0	0	0	0
AT1G21880	939	1045	820	1102	1218	714
AT1G67910	245	256	167	270	366	298
AT1G61370	774	1065	1214	1004	833	1278
AT1G52980	3070	2492	2294	3044	3493	3035
AT1G66660	159	173	123	142	162	126
AT1G66130	4	0	3	3	4	4
AT1G35550	0	0	0	0	1	5
AT1G77570	20	15	18	13	25	17
AT1G62300	1183	1020	1149	747	859	1198
AT1G18130	0	0	0	0	0	0
AT1G14810	1552	1187	1131	1655	1743	1545
AT1G62480	11465	5824	5321	10046	10031	7864
AT1G48405	23	9	10	3	8	8
AT1G67855	1	1	2	0	0	0
AT1G50190	2	2	1	4	5	3
AT1G54330	45	40	45	29	50	41
AT1G03130	51	33	34	39	101	25
AT1G70070	242	242	202	249	335	222
AT1G21680	544	472	557	443	564	443
AT1G68870	1	2	3	1	2	1
AT1G49760	4878	3979	3668	5109	5947	4966
AT1G66380	0	0	0	0	1	0
AT1G73650	174	196	173	178	221	172
AT1G01700	18	43	27	52	71	32
AT1G22090	0	0	1	0	0	0
AT1G60300	0	0	0	0	0	0
AT1G13740	181	137	175	80	139	70
AT1G07920	5517	3705	3338	4550	5024	4201
AT1G73320	91	100	99	117	164	104
AT1G55175	4	5	6	1	4	8
AT1G52230	38	20	0	39	168	6
AT1G67390	0	0	0	0	0	0
AT1G49580	925	896	810	950	1239	814
AT1G61090	0	0	0	0	0	0
AT1G63590	2	3	1	0	2	5
AT1G54530	70	51	82	72	67	50
AT1G23037	0	0	0	0	0	0
AT1G11320	83	62	76	73	65	60
AT1G11540	62	59	47	168	198	210
AT1G54150	344	330	323	323	379	342
AT1G27120	145	132	106	177	237	126
AT1G54440	483	514	436	593	726	506
AT1G61130	97	43	44	36	70	61
AT1G23220	277	348	273	306	400	281
AT1G16390	30	7	6	26	34	24
AT1G49620	55	21	31	45	59	28
AT1G34290	0	0	0	0	0	0
AT1G20850	2859	4086	3296	2576	3428	2578
AT1G12120	1588	1422	1370	1639	2144	1496
AT1G50325	0	0	0	0	0	0
AT1G80525	0	0	1	0	0	0
AT1G22440	1726	1387	1764	1058	1051	1167
AT1G48660	16	36	12	23	48	2
AT1G71360	901	991	860	626	678	681
AT1G01530	0	0	0	0	0	0
AT1G76340	1209	1258	1148	762	836	835
AT1G26100	262	271	232	294	385	223
AT1G19700	235	306	322	380	589	374
AT1G05770	99	119	116	123	143	147
AT1G07490	24	12	9	21	18	15
AT1G06030	2	2	0	0	2	0
AT1G55260	105	97	94	40	33	47
AT1G05030	158	125	191	156	211	172
AT1G68680	440	340	324	351	428	325
AT1G80120	1978	1914	2488	534	487	885
AT1G02400	4700	5860	7434	3201	2536	5548
AT1G24000	2	3	3	2	2	2
AT1G67540	0	0	1	1	0	0
AT1G29920	14	0	0	45	39	3
AT1G32900	64	83	79	39	44	30
AT1G34400	0	0	0	0	0	0
AT1G10690	67	64	60	48	74	46
AT1G15015	0	0	1	5	6	3
AT1G47410	210	223	193	258	307	208
AT1G25145	0	0	0	0	0	0
AT1G08350	341	272	241	295	341	289
AT1G26240	8	46	22	108	140	520
AT1G11070	53	53	17	125	154	181
AT1G34805	0	0	0	0	0	0
AT1G27045	0	0	0	3	3	8
AT1G74310	228	240	204	201	262	214
AT1G11905	333	327	296	218	264	238
AT1G68350	46	44	50	25	24	31
AT1G61215	69	108	81	93	131	98
AT1G51970	0	0	0	0	0	0
AT1G61097	0	0	0	0	0	0
AT1G05660	197	110	90	220	264	187
AT1G19397	57	69	61	45	60	67
AT1G14185	98	102	78	143	191	143
AT1G54540	242	306	323	186	232	199
AT1G18980	268	287	310	194	234	156
AT1G11608	0	0	0	0	0	0
AT1G77790	6	3	5	15	8	6
AT1G63900	335	297	316	278	357	320
AT1G10240	177	192	168	195	284	217
AT1G63535	0	0	0	0	0	0
AT1G78160	2	3	0	0	1	5
AT1G22790	733	619	746	598	805	656
AT1G24590	0	0	0	0	0	0
AT1G55940	179	232	256	144	194	211
AT1G76480	18	14	25	7	1	5
AT1G15910	629	568	570	860	989	833
AT1G19110	1082	1488	1354	1187	1418	1226
AT1G76920	491	480	407	452	652	470
AT1G36005	0	0	0	0	0	0
AT1G31510	0	0	0	0	0	0
AT1G72260	0	0	0	0	0	0
AT1G01120	2643	4003	4869	1782	1875	1876
AT1G49840	464	462	461	501	722	523
AT1G23590	0	0	0	0	0	0
AT1G20450	46848	53913	50216	24861	22204	23461
AT1G04220	1239	1625	2042	553	608	847
AT1G17200	17	7	7	20	13	16
AT1G18485	45	28	13	34	60	35
AT1G34370	1869	1697	1829	2167	2547	2214
AT1G19360	1963	1929	1991	1781	2028	1944
AT1G55546	0	0	0	0	0	0
AT1G31812	7929	7643	8569	6239	6789	5989
AT1G15700	137	127	141	172	205	170
AT1G76990	2981	3342	2956	3296	4337	4009
AT1G23400	177	131	114	183	220	160
AT1G09370	10	17	9	15	18	9
AT1G32210	498	468	391	399	450	331
AT1G50745	2	0	0	1	2	0
AT1G61990	249	165	178	248	252	173
AT1G59406	0	0	0	0	0	0
AT1G49640	0	0	0	0	0	0
AT1G62935	1	21	10	5	8	9
AT1G07747	0	1	0	0	0	0
AT1G68080	172	126	134	139	201	123
AT1G49970	798	711	696	676	900	745
AT1G72930	45	41	49	108	84	102
AT1G70170	521	599	777	566	406	816
AT1G30600	735	879	825	845	1065	691
AT1G54500	121	92	75	64	128	59
AT1G34550	1737	1623	1553	1264	1393	1242
AT1G58410	439	512	604	344	366	573
AT1G22600	3	1	1	1	4	2
AT1G21280	108	95	94	92	112	71
AT1G69390	258	226	219	258	334	225
AT1G52810	0	0	1	1	3	2
AT1G70290	1517	1439	1029	1701	2084	1940
AT1G35895	0	0	0	0	0	0
AT1G48780	95	60	51	75	94	75
AT1G14640	204	308	364	276	403	356
AT1G63480	234	193	226	263	363	255
AT1G70944	0	0	0	0	0	0
AT1G72230	1294	1370	1639	895	994	704
AT1G34825	0	0	0	0	0	0
AT1G21340	23	16	15	18	22	30
AT1G56420	123	110	96	109	114	83
AT1G10630	2854	2380	2199	2444	2515	2136
AT1G03950	288	326	356	245	305	279
AT1G60970	2	1	4	0	1	0
AT1G34930	0	0	0	0	0	0
AT1G06140	39	43	56	41	59	51
AT1G13250	199	278	206	310	501	157
AT1G63540	0	0	0	0	0	0
AT1G28000	0	0	0	0	0	0
AT1G23410	1097	571	598	715	830	646
AT1G35660	241	240	242	293	468	299
AT1G22590	7	2	6	4	5	1
AT1G60380	3	2	2	1	1	1
AT1G76360	1561	2055	2560	1251	888	1372
AT1G15940	955	1065	1100	1197	1372	967
AT1G22870	827	863	862	653	562	677
AT1G16640	48	33	31	38	58	27
AT1G47570	543	470	481	446	514	478
AT1G70110	1	4	1	3	12	12
AT1G65440	3182	3540	3649	3506	3946	3557
AT1G10330	16	27	24	26	22	22
AT1G57775	0	0	0	0	0	0
AT1G72970	427	389	320	330	303	272
AT1G11850	0	0	0	0	0	0
AT1G11720	568	433	496	363	445	418
AT1G49390	123	89	96	126	140	111
AT1G04895	0	0	0	0	0	0
AT1G14453	2	1	0	0	0	0
AT1G05783	15	11	37	10	26	9
AT1G52640	33	21	26	22	42	28
AT1G51630	1575	1819	1774	1646	2143	1293
AT1G51070	2030	2029	2767	2455	2540	2056
AT1G32490	1458	1371	1368	1579	1749	1726
AT1G02690	1043	965	859	1278	1398	1122
AT1G22470	242	238	205	131	118	210
AT1G52520	137	113	108	146	174	137
AT1G66340	785	837	888	751	799	747
AT1G06530	1334	1189	1109	1238	1364	1178
AT1G14860	211	138	160	150	128	111
AT1G78810	159	133	170	218	263	153
AT1G21320	3	7	2	4	6	10
AT1G27250	0	0	0	0	0	0
AT1G51120	0	0	0	0	0	0
AT1G77360	106	150	152	127	112	119
AT1G54120	87	42	83	62	85	66
AT1G08910	613	733	679	863	1209	767
AT1G49010	2	4	2	5	13	6
AT1G71880	2475	3012	1502	4346	6038	3347
AT1G22500	239	207	138	621	883	511
AT1G13930	10640	13706	13186	4170	5968	3322
AT1G16540	440	336	450	322	406	396
AT1G21323	0	0	0	0	0	0
AT1G22160	202	193	321	56	49	142
AT1G51950	560	1004	742	546	446	477
AT1G31440	855	753	937	695	862	762
AT1G74850	104	94	97	107	143	111
AT1G44191	0	0	0	0	0	0
AT1G23710	2680	3314	4392	3503	3659	4192
AT1G53520	104	85	81	109	144	88
AT1G32150	790	730	703	595	625	646
AT1G12740	92	95	91	111	136	132
AT1G12080	4048	3004	2024	4924	5119	2840
AT1G14220	328	305	388	278	301	425
AT1G47470	0	0	0	0	0	0
AT1G06620	4823	5361	6617	2373	2193	3876
AT1G12100	0	0	1	3	4	0
AT1G69690	183	246	253	116	193	100
AT1G67210	95	78	77	92	128	78
AT1G74630	19	18	21	37	26	23
AT1G16950	0	0	0	0	0	0
AT1G65740	0	0	0	0	0	0
AT1G09180	10	7	9	4	0	5
AT1G70120	0	0	0	0	0	0
AT1G30650	214	168	174	230	266	260
AT1G73880	1370	1579	2008	837	895	974
AT1G76810	6087	6544	6850	6025	6103	6133
AT1G18560	149	118	116	152	166	124
AT1G15050	11	5	4	3	3	7
AT1G23180	269	257	219	278	359	280
AT1G53910	4721	5223	5040	4551	5158	4446
AT1G12520	1308	977	1227	1456	1790	1506
AT1G68830	102	71	72	114	172	83
AT1G03030	360	338	329	316	388	300
AT1G04690	2878	2681	2666	2705	3091	2424
AT1G13710	181	143	158	669	791	659
AT1G74910	1665	1464	1272	1649	1971	1551
AT1G61230	44	33	48	39	34	39
AT1G62530	6	1	3	0	7	3
AT1G63500	1311	1482	1420	937	1151	1210
AT1G49270	0	0	0	0	0	0
AT1G60340	0	1	0	0	0	0
AT1G52120	1	15	2	9	13	3
AT1G64670	61	48	41	42	47	50
AT1G51660	1028	1088	1229	996	1105	1009
AT1G08065	0	0	0	0	0	0
AT1G57620	793	633	652	675	833	607
AT1G62390	1665	1368	1322	1800	2054	1871
AT1G61310	115	135	125	133	184	116
AT1G62350	26	17	16	15	36	21
AT1G14060	593	385	371	477	518	374
AT1G27770	13182	15716	17945	15156	12105	17783
AT1G70820	21	14	18	3	5	13
AT1G72350	1	1	0	2	1	0
AT1G79440	2869	2710	2576	2244	2477	2178
AT1G53990	45	59	48	67	58	127
AT1G35183	0	0	0	0	0	0
AT1G54620	0	0	0	1	0	0
AT1G25277	6	4	1	1	8	3
AT1G06170	8	30	42	33	31	25
AT1G21790	196	189	150	140	191	149
AT1G73710	156	137	144	212	229	150
AT1G05680	255	155	174	46	45	101
AT1G51965	200	179	152	236	272	182
AT1G16700	1806	1359	1342	1399	1486	1357
AT1G64970	68	109	124	44	50	58
AT1G01960	2992	3240	3118	3669	4215	3344
AT1G73200	2037	2316	1969	1460	1470	1384
AT1G29418	91	74	71	68	83	57
AT1G09350	14	36	41	72	272	4
AT1G75380	755	776	760	872	1247	858
AT1G07090	196	225	249	276	468	177
AT1G67020	11	17	14	15	20	7
AT1G31850	4171	4939	4503	4101	5100	3286
AT1G14600	29	32	26	44	46	23
AT1G03220	4059	3447	2766	4113	4521	3900
AT1G08600	1287	1375	1467	1436	1668	1391
AT1G05087	17	23	28	18	14	18
AT1G61710	1	10	3	2	7	4
AT1G31330	178	128	19	99	443	5
AT1G28600	2008	2255	3760	809	611	1455
AT1G23310	965	945	1023	984	1146	1121
AT1G06730	315	269	245	269	326	275
AT1G75400	1119	1034	1157	1057	1295	1210
AT1G34860	0	0	0	0	0	0
AT1G48330	76	25	26	58	47	30
AT1G10588	0	0	0	0	0	0
AT1G06070	480	520	464	451	520	445
AT1G77440	1344	1137	1028	1066	1234	989
AT1G11765	0	0	0	0	0	0
AT1G27860	0	0	0	1	1	0
AT1G33070	0	0	0	0	0	0
AT1G29170	552	706	538	708	874	492
AT1G27630	759	664	608	638	760	585
AT1G33720	0	0	0	0	0	0
AT1G61570	1025	588	594	801	824	595
AT1G09090	730	554	628	787	864	972
AT1G68250	0	2	0	0	0	0
AT1G24060	0	0	0	0	0	0
AT1G63055	28	18	4	29	15	5
AT1G68720	956	1042	1003	1109	1370	1087
AT1G30580	6250	4929	4654	5780	6389	5190
AT1G04130	345	288	314	291	297	223
AT1G45545	12	18	10	20	11	24
AT1G79870	769	735	725	767	838	600
AT1G57790	34	69	39	36	72	27
AT1G62800	1344	1370	1461	1315	1384	1164
AT1G16570	517	468	466	490	555	443
AT1G70140	502	775	781	409	381	534
AT1G33970	967	1155	1254	942	1047	930
AT1G03687	275	233	206	232	320	224
AT1G45221	0	0	0	0	0	0
AT1G30755	462	485	512	370	408	677
AT1G09020	978	982	1024	998	1142	1007
AT1G74160	665	645	642	768	1006	663
AT1G23420	0	0	0	0	0	0
AT1G70330	1598	1672	1768	1331	1434	1403
AT1G49340	2202	2816	2689	2641	2972	2565
AT1G09710	144	174	157	207	266	201
AT1G49710	371	397	388	411	549	375
AT1G64080	65	73	87	126	177	83
AT1G17080	1507	1356	1413	1149	1269	1224
AT1G76950	689	866	822	830	1079	826
AT1G05690	9	14	13	12	26	4
AT1G51055	10	18	14	12	15	6
AT1G07060	3	1	2	1	4	1
AT1G72030	0	0	1	0	8	0
AT1G79010	3462	2605	2573	2786	2949	2630
AT1G60640	1010	829	764	925	1065	784
AT1G61060	0	0	1	0	0	0
AT1G28180	0	1	0	0	0	1
AT1G02900	2077	2278	2432	1525	1650	1533
AT1G03210	1052	819	924	991	1053	991
AT1G70620	2945	2710	2733	2927	3341	2805
AT1G02160	344	259	236	289	329	271
AT1G53165	626	645	640	723	868	761
AT1G31450	0	1	0	0	0	0
AT1G63930	34	22	22	16	29	32
AT1G05890	1325	1429	1405	1545	1903	1703
AT1G68590	36	52	41	66	119	53
AT1G62170	0	0	0	0	0	0
AT1G06710	116	142	128	181	232	171
AT1G02800	2	1	2	3	4	1
AT1G27670	79	78	63	80	113	69
AT1G14910	1171	1300	1303	1279	1482	1298
AT1G12850	1109	960	939	1002	1196	995
AT1G75470	0	0	0	0	0	0
AT1G79660	851	1116	909	572	562	538
AT1G14300	462	379	365	423	507	390
AT1G75640	418	274	300	473	588	414
AT1G70410	3188	3686	4013	2619	2932	3401
AT1G05065	1	13	7	8	19	5
AT1G55130	504	457	460	524	636	442
AT1G24580	1	5	11	0	0	1
AT1G01400	0	0	0	0	0	1
AT1G77093	0	0	0	0	0	0
AT1G07550	3	7	7	34	55	33
AT1G32610	47	42	43	58	54	39
AT1G10417	84	55	80	73	63	67
AT1G51880	12	20	7	20	26	14
AT1G63010	3167	3100	3221	1439	1878	1807
AT1G77240	19	42	28	24	40	34
AT1G31020	283	209	206	253	269	223
AT1G24577	1	0	1	0	2	1
AT1G78915	60	84	91	82	93	107
AT1G44100	1408	1293	1552	858	961	1325
AT1G75180	539	503	581	623	738	633
AT1G27008	1	0	0	0	0	1
AT1G43700	788	774	734	920	1161	938
AT1G09770	4328	3906	3958	4741	5285	4932
AT1G53690	4	2	3	8	10	4
AT1G55000	169	121	92	139	216	143
AT1G51610	349	428	379	321	384	305
AT1G53655	0	0	0	0	0	0
AT1G10060	31	60	35	40	86	22
AT1G06660	280	270	182	328	320	223
AT1G26762	1	0	0	0	0	0
AT1G67420	373	341	357	390	417	356
AT1G75530	0	1	2	0	0	0
AT1G63380	8	4	6	14	5	7
AT1G07902	64	67	65	57	81	60
AT1G10865	756	650	657	577	545	577
AT1G09800	166	132	124	186	211	156
AT1G48750	1948	2064	1324	2195	2283	1159
AT1G80760	93	165	162	221	279	72
AT1G79590	604	678	523	556	677	604
AT1G36000	0	0	0	0	0	0
AT1G09820	124	112	117	137	143	134
AT1G65960	6122	10548	9042	9102	12710	6639
AT1G04750	2321	2331	2321	2203	2504	2137
AT1G68850	931	1169	1309	660	722	841
AT1G23200	108	215	263	137	177	126
AT1G74800	595	533	523	574	695	515
AT1G44160	232	196	208	264	316	265
AT1G02510	0	0	2	0	0	0
AT1G14970	397	295	242	352	397	274
AT1G20230	67	29	35	35	56	43
AT1G11910	10017	9601	9593	8335	10269	8945
AT1G51460	17	10	14	14	16	12
AT1G74200	39	42	24	32	30	29
AT1G32850	6	15	9	12	22	19
AT1G05700	6	7	2	94	176	149
AT1G13270	211	192	198	185	250	180
AT1G79820	807	662	687	558	657	505
AT1G57906	0	0	0	0	0	0
AT1G24256	0	0	0	0	0	0
AT1G54070	2	1	1	4	2	7
AT1G59910	4165	5679	6530	4306	3720	6083
AT1G13990	406	313	356	252	305	339
AT1G01210	338	236	244	209	247	214
AT1G77770	646	572	553	476	584	580
AT1G34015	0	0	0	0	0	0
AT1G49360	590	690	577	564	644	536
AT1G78490	677	1599	836	886	1383	174
AT1G65346	0	0	0	0	0	0
AT1G77530	6364	8753	9655	3965	4428	5459
AT1G77450	822	627	1064	357	369	477
AT1G49900	29	13	20	4	8	3
AT1G09160	1277	1586	1414	1232	1221	1071
AT1G66850	0	0	0	0	0	0
AT1G53885	0	1	0	0	0	0
AT1G06590	385	348	363	434	559	437
AT1G56045	4402	2559	2329	2937	3180	2649
AT1G70360	58	43	42	38	59	29
AT1G67770	1	1	5	1	2	2
AT1G53080	14	35	22	21	8	14
AT1G07750	1514	1213	1180	1291	1589	1323
AT1G18210	6437	7389	7750	4203	3549	4939
AT1G71020	288	269	223	476	553	376
AT1G60010	146	95	132	142	184	135
AT1G21530	15	9	7	41	43	49
AT1G74060	4889	3848	3476	4607	5267	4343
AT1G79915	23	6	10	19	31	20
AT1G25390	1063	1245	1343	608	694	963
AT1G14410	219	195	179	218	246	215
AT1G06225	3	4	0	4	19	5
AT1G24570	6	7	9	6	5	2
AT1G49600	3680	2783	2697	3688	4252	3671
AT1G17760	718	688	701	709	813	662
AT1G15430	479	580	489	481	596	547
AT1G21380	2915	3356	3411	2687	2612	3168
AT1G77000	145	136	96	145	242	170
AT1G66940	1	12	5	21	17	14
AT1G77220	667	580	532	517	544	530
AT1G03475	621	640	558	623	675	607
AT1G71180	141	122	106	149	206	140
AT1G70500	102	210	175	134	223	203
AT1G11145	0	1	0	0	0	0
AT1G17550	1404	1350	1543	1212	1372	1318
AT1G44224	0	0	0	0	0	0
AT1G02430	25	34	38	56	61	58
AT1G74290	1	0	0	2	1	1
AT1G03370	1680	1936	1932	1589	1533	1846
AT1G52300	11237	7902	7291	10549	11229	9040
AT1G48980	0	1	0	0	0	1
AT1G10950	3748	3515	3265	3704	4182	3529
AT1G04090	31	18	10	20	14	23
AT1G05360	375	285	341	381	427	333
AT1G23790	181	227	181	273	365	195
AT1G21722	0	1	0	0	0	0
AT1G18590	748	1033	926	906	1018	770
AT1G57820	950	891	699	1013	1099	835
AT1G08570	664	578	511	530	977	568
AT1G72110	0	0	0	0	0	0
AT1G02330	780	640	563	658	797	630
AT1G06200	1308	1178	1234	1066	1149	1025
AT1G18020	0	0	0	0	1	0
AT1G65470	310	285	221	404	483	337
AT1G09450	153	169	132	190	210	148
AT1G51100	22	21	22	17	38	14
AT1G80200	58	32	30	44	32	33
AT1G30820	1819	1814	1333	2033	2149	1829
AT1G01450	2	0	0	2	1	11
AT1G78410	19	27	22	15	8	19
AT1G65690	160	228	318	150	130	222
AT1G11950	453	377	397	414	498	723
AT1G32350	13	44	37	6	4	16
AT1G45233	156	149	129	159	223	166
AT1G73620	557	218	229	507	468	461
AT1G79090	1146	1093	1010	1010	1308	1130
AT1G13150	0	0	0	0	0	0
AT1G79540	186	184	143	184	268	148
AT1G50180	26	27	27	47	46	31
AT1G29350	312	367	313	389	472	400
AT1G66700	509	387	270	74	109	552
AT1G06130	728	601	688	604	677	696
AT1G43600	0	0	0	0	0	0
AT1G08770	238	207	249	217	259	178
AT1G60780	2848	2491	2464	2445	2858	2378
AT1G70680	5	1	4	3	5	4
AT1G79040	302	211	102	130	509	61
AT1G16340	514	429	431	473	575	420
AT1G36627	0	0	0	0	0	0
AT1G08920	6224	7872	8530	3398	3358	4161
AT1G35230	52	43	48	45	38	44
AT1G13470	2	11	15	6	5	10
AT1G27740	87	78	98	34	30	35
AT1G32770	1	3	3	0	0	0
AT1G04290	299	236	234	217	264	196
AT1G05150	1085	1343	1119	1461	2004	1271
AT1G65670	2	11	3	12	22	3
AT1G53570	2709	2921	2763	1545	1608	1955
AT1G60390	814	982	1017	1153	1435	860
AT1G58684	0	0	0	0	0	0
AT1G06475	314	314	228	188	199	210
AT1G17350	505	431	403	359	432	385
AT1G50420	242	199	202	295	378	318
AT1G05450	36	30	33	21	25	29
AT1G60470	802	1371	2108	256	366	455
AT1G45248	76	76	77	87	97	64
AT1G79360	147	81	135	43	68	59
AT1G76710	470	421	414	532	729	528
AT1G11580	15481	21860	18037	18971	21906	19317
AT1G60240	0	0	0	0	0	0
AT1G19500	1	1	0	0	0	0
AT1G12800	350	322	337	333	416	357
AT1G54690	1327	985	792	981	1129	813
AT1G53470	905	486	485	351	427	318
AT1G01390	0	1	1	0	2	1
AT1G28270	0	0	0	0	0	0
AT1G07360	1181	1050	1015	1090	1235	988
AT1G60680	2366	2040	2309	1575	2088	2416
AT1G13570	259	246	242	344	380	285
AT1G43620	623	716	831	468	601	506
AT1G79390	625	461	402	506	603	478
AT1G31860	636	360	311	552	701	554
AT1G30450	1143	1151	1030	1320	1463	1206
AT1G10500	461	377	343	331	397	363
AT1G44446	53	39	45	57	145	46
AT1G64625	21	44	27	96	193	33
AT1G08790	0	0	0	0	0	0
AT1G55775	129	201	300	172	73	209
AT1G44941	0	0	0	0	0	0
AT1G49730	246	288	258	326	481	241
AT1G06930	102	80	77	129	124	130
AT1G73885	114	89	80	124	166	115
AT1G51030	4	21	16	6	12	7
AT1G08140	5	4	6	4	4	7
AT1G50670	1189	976	1020	877	1033	799
AT1G72300	384	396	321	350	588	255
AT1G70390	193	222	288	163	119	136
AT1G80750	1743	1272	1232	1572	1728	1393
AT1G04050	225	196	208	287	369	260
AT1G76930	3937	7591	3893	8746	11195	7054
AT1G77320	423	424	426	443	493	374
AT1G77145	38	43	23	31	55	24
AT1G77910	0	0	0	0	0	0
AT1G19160	3	2	1	2	2	0
AT1G59950	1	0	0	0	2	2
AT1G48740	22	22	31	24	36	24
AT1G75700	57	94	73	87	94	83
AT1G15740	1077	1145	979	1353	1962	1419
AT1G29720	1	0	0	0	0	0
AT1G47780	0	0	1	0	0	0
AT1G61320	0	0	0	0	0	0
AT1G78740	0	0	0	0	0	0
AT1G78530	33	47	43	44	50	45
AT1G52150	2486	3374	3192	3325	4059	3196
AT1G62970	315	293	255	378	514	302
AT1G49960	502	629	791	231	253	411
AT1G68020	1068	1083	811	1071	1320	1087
AT1G56700	1155	1295	1157	1451	1701	1335
AT1G33820	0	0	0	0	0	0
AT1G03350	1355	1314	1325	1155	1397	1122
AT1G14490	7	4	5	18	9	15
AT1G53750	5234	4468	4178	4256	4829	3902
AT1G76390	781	938	940	595	677	606
AT1G15150	4	5	0	2	3	2
AT1G02680	259	215	216	236	290	213
AT1G11940	239	190	182	201	221	167
AT1G61840	417	595	340	142	150	153
AT1G36230	0	0	0	0	0	0
AT1G43667	0	0	0	0	0	0
AT1G74675	0	0	0	0	0	0
AT1G11680	3381	2790	2722	3077	3524	2979
AT1G66670	577	539	539	574	672	534
AT1G28300	0	0	0	2	0	0
AT1G55620	700	684	685	650	742	636
AT1G32030	0	0	0	0	0	0
AT1G16910	1	2	3	2	3	3
AT1G23500	11	12	5	5	22	9
AT1G67265	1	2	1	2	3	2
AT1G54240	0	0	0	0	0	0
AT1G72310	173	198	189	287	467	195
AT1G32190	730	1057	970	676	783	714
AT1G61870	851	714	598	813	936	740
AT1G66080	201	204	214	205	168	185
AT1G08490	317	322	298	324	373	312
AT1G30960	212	141	137	194	212	141
AT1G09430	1801	1840	1910	2090	2460	2261
AT1G69530	154	101	191	157	356	51
AT1G78220	0	1	1	0	0	0
AT1G03250	534	514	467	495	544	453
AT1G08840	274	335	314	363	439	365
AT1G51960	0	0	0	0	2	0
AT1G33400	312	286	305	309	416	315
AT1G64500	6	5	3	4	9	7
AT1G13440	24774	20386	19930	26793	34466	24717
AT1G50360	622	619	631	657	789	633
AT1G50660	2199	1714	1709	2094	2442	2063
AT1G52470	0	0	0	0	0	0
AT1G20400	0	0	0	0	1	0
AT1G22330	167	108	106	172	234	219
AT1G49910	110	130	118	162	179	120
AT1G76190	0	1	0	1	0	0
AT1G29550	175	185	170	192	196	124
AT1G15850	0	0	0	0	0	0
AT1G03600	76	36	20	31	79	21
AT1G73840	773	676	653	796	909	802
AT1G53280	1533	1616	1524	1219	1372	1040
AT1G13340	2000	2366	3491	2228	2181	2785
AT1G54290	162	205	196	134	168	164
AT1G08430	62	38	47	165	111	55
AT1G26540	60	104	47	95	138	47
AT1G43580	979	818	821	1057	1286	868
AT1G07260	961	1123	1001	1234	1420	997
AT1G02270	2168	2453	2634	1229	970	1318
AT1G69360	858	737	637	661	772	635
AT1G53980	18	17	27	11	12	26
AT1G17860	1734	1397	1530	1564	1703	1844
AT1G72175	357	268	300	246	266	226
AT1G76550	1489	1712	1496	1805	2044	1532
AT1G02210	0	0	0	0	0	0
AT1G61260	1269	1442	1581	706	637	746
AT1G22680	1	2	1	3	2	1
AT1G06540	31	25	28	26	11	21
AT1G66920	2	0	5	2	1	2
AT1G12220	90	106	89	123	137	131
AT1G23280	917	676	572	780	915	738
AT1G72520	11806	17197	22824	11254	7368	15159
AT1G30890	490	447	434	414	410	364
AT1G32880	0	0	0	0	0	0
AT1G14480	1120	1299	1803	1225	1312	1454
AT1G80240	702	504	453	700	894	772
AT1G80165	31	38	20	78	113	34
AT1G17190	6144	3610	4018	2117	2066	2362
AT1G74840	1611	1387	980	2017	2787	1580
AT1G03760	291	188	192	280	372	243
AT1G76290	5	4	0	0	1	0
AT1G74670	10	24	5	9	21	0
AT1G14280	46	25	10	58	38	37
AT1G58370	214	658	603	694	1037	1042
AT1G31555	0	0	0	0	0	1
AT1G65170	0	0	0	0	0	0
AT1G75840	1842	2020	1576	1565	1883	1455
AT1G49405	13	12	5	9	11	4
AT1G13480	256	365	510	323	405	749
AT1G29300	419	438	535	327	384	335
AT1G23130	0	0	1	1	3	1
AT1G32630	239	280	258	186	203	184
AT1G62960	220	215	227	301	449	255
AT1G17180	714	642	933	357	353	408
AT1G27385	401	368	393	196	200	173
AT1G07885	0	3	5	3	1	5
AT1G62915	0	0	0	0	0	0
AT1G17345	293	217	230	44	27	48
AT1G09260	0	0	0	0	0	0
AT1G58080	1707	1492	1379	1929	2396	1897
AT1G51940	277	292	203	317	396	307
AT1G09320	194	154	160	267	257	250
AT1G54520	345	260	301	308	415	313
AT1G55180	48	267	204	123	187	224
AT1G28395	395	249	228	339	380	289
AT1G19720	96	97	58	83	122	62
AT1G33240	1270	942	813	976	1113	1056
AT1G26340	380	336	341	258	355	291
AT1G18197	35	46	41	40	44	24
AT1G09570	2901	3110	2724	3050	3727	3211
AT1G26960	327	205	223	259	295	262
AT1G25580	468	499	499	570	850	549
AT1G72950	163	217	204	324	424	396
AT1G12530	346	299	306	342	381	273
AT1G79330	61	83	89	57	82	76
AT1G50200	5093	5109	5313	5938	6570	6511
AT1G70720	124	238	86	23	41	7
AT1G50280	11	8	5	14	49	4
AT1G56030	0	0	0	0	0	0
AT1G28310	152	100	76	107	120	92
AT1G26250	257	907	641	2202	3376	5023
AT1G27280	0	0	0	0	0	0
AT1G01453	15	13	15	4	8	16
AT1G03110	424	332	251	416	482	388
AT1G15060	326	343	335	392	527	372
AT1G61200	0	0	0	0	0	0
AT1G03200	8	3	7	10	8	1
AT1G49660	664	659	611	826	1035	622
AT1G11090	229	280	240	238	318	187
AT1G01110	255	174	186	270	311	290
AT1G61800	4	7	11	2	4	2
AT1G51913	34	49	38	1	5	14
AT1G65190	5	9	11	6	13	6
AT1G36510	0	0	0	0	0	0
AT1G14320	15579	10801	9670	12886	14306	11760
AT1G52720	1075	1010	859	1009	1210	890
AT1G66470	255	230	267	145	184	243
AT1G16170	397	294	265	423	579	376
AT1G69710	63	48	38	90	54	71
AT1G04160	675	872	763	585	587	506
AT1G71720	309	254	258	221	209	223
AT1G33980	1132	1118	1143	1113	1318	1125
AT1G32410	474	478	490	383	432	395
AT1G22760	0	0	1	0	0	0
AT1G52280	1327	1395	1269	1093	1059	904
AT1G29560	163	226	179	190	237	129
AT1G55150	605	581	540	701	785	644
AT1G63780	536	410	466	625	652	542
AT1G08680	988	1206	1144	1124	1326	1032
AT1G77410	73	69	58	68	82	66
AT1G29962	0	0	0	1	0	2
AT1G68530	187	152	161	52	37	52
AT1G33880	0	0	0	6	8	7
AT1G43190	1167	1042	1049	1336	1419	1120
AT1G06290	1314	1438	1492	1394	1547	1710
AT1G33940	1	0	0	0	1	0
AT1G19770	13417	19974	24205	16106	16298	20471
AT1G50430	2424	2006	1971	2087	2460	2033
AT1G16500	153	120	217	93	146	77
AT1G68910	565	719	658	544	522	567
AT1G03590	1069	1088	1019	748	783	936
AT1G77340	3	0	1	0	0	0
AT1G21695	12	7	3	5	11	4
AT1G14620	991	733	721	881	984	815
AT1G14100	2	0	0	2	0	0
AT1G22340	17	20	12	17	20	12
AT1G70650	50	74	61	85	90	65
AT1G77710	1839	1386	1292	1306	1374	1071
AT1G75600	50	16	21	6	12	9
AT1G75410	207	263	294	295	412	300
AT1G15690	13761	14903	12120	12451	14411	11741
AT1G65484	13	6	17	19	13	18
AT1G30900	713	752	857	785	1022	938
AT1G05730	68	35	34	45	64	34
AT1G80950	742	675	623	671	790	644
AT1G26830	1680	1760	1688	1708	2094	1691
AT1G27730	14548	18621	20788	12486	12234	17117
AT1G04830	614	474	489	540	588	474
AT1G21720	2171	1879	1766	1794	2090	1712
AT1G62830	237	243	218	310	384	261
AT1G20510	13241	16678	20860	10862	8920	14952
AT1G49150	1	1	0	2	0	0
AT1G61170	229	277	214	323	425	256
AT1G26380	152	202	82	31	22	487
AT1G30970	840	782	843	951	1009	871
AT1G80090	56	27	33	5	6	5
AT1G80580	2	7	2	3	0	0
AT1G44800	5671	4828	6782	4120	6403	6288
AT1G23720	4715	7406	6261	8286	12889	13907
AT1G15780	1133	1432	1428	1360	1710	1438
AT1G25510	469	623	521	424	535	372
AT1G72730	1169	837	792	1083	1319	1110
AT1G77840	1337	1018	842	1158	1414	923
AT1G80060	84	91	80	82	110	95
AT1G70510	17	15	23	18	18	6
AT1G08845	125	115	85	76	129	97
AT1G31390	0	0	0	0	0	0
AT1G72050	730	528	456	574	690	509
AT1G11800	99	70	47	87	118	83
AT1G68877	0	0	0	0	0	0
AT1G25260	2402	1633	1484	2265	2335	2203
AT1G20100	1814	1508	1368	1504	1640	1494
AT1G24148	0	1	0	3	1	0
AT1G77520	3320	5374	7048	2851	3117	2994
AT1G51402	10	7	1	6	6	7
AT1G80680	976	1090	991	1155	1360	1116
AT1G27340	967	874	808	986	1345	958
AT1G44900	766	717	688	1027	1129	796
AT1G66830	52	84	55	16	45	11
AT1G50580	237	230	256	219	266	325
AT1G75390	887	676	578	668	639	661
AT1G62510	47	8	9	45	19	30
AT1G34812	0	0	0	0	0	0
AT1G73830	0	0	0	0	0	0
AT1G12672	0	0	0	0	0	0
AT1G26255	0	0	1	0	0	1
AT1G08160	994	1253	1133	1145	1347	1252
AT1G28530	148	109	103	113	158	105
AT1G15750	4229	4952	4673	5568	6479	5612
AT1G54260	232	187	212	179	220	133
AT1G76490	7173	7247	7967	6147	7526	6323
AT1G05785	124	112	97	116	151	102
AT1G31010	154	107	119	176	202	144
AT1G05170	496	392	440	412	511	314
AT1G76860	680	570	570	638	679	614
AT1G28080	20	31	23	35	38	41
AT1G60450	2	10	17	0	0	0
AT1G56270	2	1	3	1	0	0
AT1G79230	2951	2647	2633	2478	2875	2270
AT1G13310	1	7	3	8	14	12
AT1G69020	146	131	165	148	173	167
AT1G76728	0	0	0	0	0	0
AT1G09245	0	0	0	0	0	0
AT1G68935	0	0	0	0	0	0
AT1G53380	874	741	785	730	869	798
AT1G69370	389	404	328	377	397	280
AT1G05205	678	380	452	543	568	470
AT1G06670	1719	1704	1627	1969	2271	1946
AT1G52260	294	272	247	363	435	268
AT1G10230	113	105	80	128	149	85
AT1G68290	5	5	0	9	13	22
AT1G47970	1637	1250	1264	1340	1593	1463
AT1G68200	76	91	115	86	87	52
AT1G53900	0	0	0	0	0	0
AT1G09310	189	167	124	10	7	16
AT1G55700	82	57	50	33	32	56
AT1G47230	201	183	149	257	344	207
AT1G04590	542	480	448	514	657	453
AT1G68840	1422	1530	1600	1476	1369	1991
AT1G55490	1213	868	910	1198	1404	1179
AT1G12000	5236	4433	4494	5308	5411	4381
AT1G10750	104	153	148	251	329	215
AT1G76530	0	1	0	0	0	1
AT1G07485	4	7	5	3	7	3
AT1G31430	21	18	19	20	20	14
AT1G60190	1033	1056	1058	2356	2132	2485
AT1G33612	116	131	151	34	86	74
AT1G51450	259	209	178	226	315	194
AT1G24510	5981	5183	4778	5917	6733	5910
AT1G10717	0	0	0	0	0	0
AT1G25112	0	0	0	0	1	0
AT1G18600	262	263	290	252	326	225
AT1G48490	883	1077	1091	1068	1195	1152
AT1G19520	1115	893	852	1168	1440	1021
AT1G64690	93	66	58	57	67	58
AT1G72650	761	736	801	842	1092	852
AT1G01580	25	37	31	116	150	199
AT1G55840	1884	1877	1712	1486	1725	1435
AT1G66050	54	42	32	55	55	38
AT1G09190	96	114	68	88	98	99
AT1G54773	18	11	5	17	13	22
AT1G12470	1042	1192	1207	1092	1304	1105
AT1G30515	106	219	98	169	302	56
AT1G28375	9	16	17	7	2	9
AT1G11545	1621	1668	1197	1831	2139	1317
AT1G14345	6	5	4	10	26	10
AT1G67370	184	153	178	84	100	53
AT1G59780	122	159	137	344	386	405
AT1G67550	629	611	692	584	588	703
AT1G03920	396	332	377	343	395	362
AT1G16250	315	323	265	284	307	301
AT1G58090	0	0	0	0	0	0
AT1G74150	31	35	25	103	150	45
AT1G20380	196	136	102	272	389	265
AT1G08180	63	38	42	74	117	49
AT1G74400	62	49	43	44	50	82
AT1G02080	3620	4164	4217	4375	5346	4270
AT1G17800	0	0	0	0	0	0
AT1G06640	9868	12735	13152	8246	9962	6982
AT1G01170	87	85	33	74	139	69
AT1G80745	17	11	7	10	16	3
AT1G36970	0	0	0	0	0	0
AT1G01410	0	0	0	0	0	0
AT1G51910	0	0	0	0	0	0
AT1G80220	0	0	0	0	0	0
AT1G49475	68	72	109	49	57	77
AT1G76370	7	6	9	2	3	4
AT1G75670	249	151	145	199	206	187
AT1G26230	26	12	13	6	13	14
AT1G31600	712	664	662	662	710	605
AT1G20900	761	528	538	674	738	714
AT1G24822	0	0	0	0	0	0
AT1G67960	291	261	258	260	349	267
AT1G77380	372	381	338	235	304	164
AT1G75710	530	379	337	641	705	756
AT1G62620	13	25	17	14	11	4
AT1G08315	306	388	442	205	245	233
AT1G29740	29	23	16	139	153	181
AT1G05790	396	346	355	402	534	389
AT1G02350	22	16	17	15	26	16
AT1G01310	3	1	2	1	1	2
AT1G66090	344	564	720	622	366	788
AT1G17745	3656	4843	5786	3200	4326	3196
AT1G49975	2	0	0	2	5	0
AT1G13180	363	384	328	384	404	309
AT1G14610	4054	4084	3937	4835	5446	4510
AT1G49470	51	42	23	166	286	111
AT1G31950	1016	540	485	1110	973	967
AT1G14800	0	0	0	0	0	0
AT1G60370	0	0	0	0	0	0
AT1G54080	2473	2223	2102	2039	2421	1815
AT1G12930	606	665	603	706	809	598
AT1G32810	799	757	766	820	1009	884
AT1G03510	43	54	50	50	41	34
AT1G53163	59	26	53	93	87	80
AT1G31350	64	61	70	50	68	72
AT1G55030	9	2	3	4	3	2
AT1G18410	17	24	25	33	27	17
AT1G48410	5008	6513	6261	6662	7787	6774
AT1G53030	270	225	264	234	267	202
AT1G58380	1403	1007	875	1180	1296	1052
AT1G76520	182	187	198	174	184	321
AT1G77682	0	0	0	0	0	0
AT1G77620	421	438	514	473	525	467
AT1G30730	2544	2429	1959	2869	2539	4431
AT1G76460	545	566	664	809	1140	760
AT1G11475	684	534	510	564	672	480
AT1G04010	385	392	430	379	388	327
AT1G29570	0	0	0	0	0	0
AT1G08890	1130	1150	1246	626	857	580
AT1G68238	107	84	53	222	323	192
AT1G16680	482	439	472	531	747	445
AT1G29860	8	12	12	21	50	14
AT1G75290	60	110	94	97	84	76
AT1G24050	1873	1394	1429	1733	1948	1587
AT1G32127	142	104	100	135	185	150
AT1G50450	92	73	66	42	37	28
AT1G62730	176	168	153	173	166	170
AT1G27400	6855	4530	4375	5912	6439	5638
AT1G79430	252	274	274	300	398	284
AT1G78690	225	187	173	227	274	197
AT1G72120	352	462	473	270	272	262
AT1G09560	5057	5284	5352	3706	4100	4301
AT1G54445	0	0	0	0	0	0
AT1G49610	3	4	2	4	3	2
AT1G49830	8	9	3	3	4	0
AT1G10930	378	382	417	486	596	411
AT1G27040	2	0	0	0	0	0
AT1G15630	59	71	48	47	60	36
AT1G04670	2	3	0	0	4	3
AT1G24340	432	396	388	412	451	374
AT1G08940	548	802	669	445	433	432
AT1G79210	1162	849	840	902	1053	809
AT1G10820	374	362	403	408	489	460
AT1G24480	36	28	27	12	31	18
AT1G78960	261	249	281	249	312	225
AT1G62080	0	3	0	2	2	2
AT1G51000	0	0	1	0	0	0
AT1G24706	1750	1869	1888	1830	2188	2004
AT1G47280	1	3	2	1	5	8
AT1G61065	194	200	220	164	164	174
AT1G29041	0	0	1	0	0	0
AT1G78780	1318	1476	2087	685	699	606
AT1G73730	429	494	450	492	635	471
AT1G55140	94	91	63	99	140	94
AT1G04000	195	156	134	210	254	210
AT1G14960	1053	534	595	311	194	219
AT1G45163	75	71	75	71	135	64
AT1G53190	442	393	408	504	634	520
AT1G61960	97	102	79	89	102	66
AT1G35537	0	0	0	0	0	0
AT1G34500	1	1	1	0	1	3
AT1G59730	334	245	186	275	327	406
AT1G06080	137	117	179	122	182	142
AT1G02405	6	2	2	1	0	0
AT1G07300	81	80	49	87	101	103
AT1G11810	1	0	1	0	3	1
AT1G35215	0	0	0	0	0	0
AT1G61970	93	72	88	139	173	120
AT1G76110	15	14	6	19	26	11
AT1G34760	27	21	18	48	38	75
AT1G08250	151	176	198	131	175	135
AT1G47885	0	0	0	0	0	0
AT1G54775	0	0	0	0	0	0
AT1G21460	154	152	170	53	56	86
AT1G49450	333	538	638	263	286	244
AT1G20360	0	0	0	0	0	0
AT1G53541	0	0	0	0	0	0
AT1G34260	1215	1417	1494	1171	952	1235
AT1G07340	0	0	0	1	0	0
AT1G65350	0	0	1	0	0	1
AT1G02205	326	299	327	16	20	23
AT1G69750	261	227	246	247	272	291
AT1G63440	988	1167	1240	1034	1408	1234
AT1G65520	127	119	125	127	137	135
AT1G67730	1917	1823	1855	1484	1894	1629
AT1G29960	119	90	96	120	110	83
AT1G10000	8	6	7	8	8	9
AT1G21630	3212	3495	3453	3448	3980	3494
AT1G21651	12	2	5	7	8	5
AT1G02060	112	119	129	228	226	187
AT1G17510	269	194	193	211	222	186
AT1G68180	13	35	31	26	32	27
AT1G48910	0	0	0	0	0	0
AT1G57760	0	0	0	0	0	0
AT1G70860	17	8	7	27	40	23
AT1G53390	596	769	788	874	975	902
AT1G75790	0	0	0	0	0	0
AT1G18460	371	362	420	448	551	364
AT1G04970	506	502	441	413	546	403
AT1G07860	2	2	4	1	0	1
AT1G05040	1	0	1	0	0	3
AT1G18190	950	1032	1021	895	912	830
AT1G58290	5329	6849	6834	5063	4677	6631
AT1G32730	118	119	113	148	187	145
AT1G02100	1053	945	1016	977	1085	987
AT1G62270	0	0	0	0	0	0
AT1G02940	1	0	0	0	4	0
AT1G68130	97	51	52	127	140	86
AT1G72130	475	640	523	421	534	361
AT1G74540	0	0	0	0	0	1
AT1G43160	584	468	279	86	84	148
AT1G50120	717	697	643	691	864	660
AT1G18570	1543	2056	1820	1603	1527	1975
AT1G47450	0	0	0	0	0	0
AT1G80100	38	26	15	46	48	45
AT1G71930	58	143	67	99	139	107
AT1G71850	196	161	138	174	236	175
AT1G32270	18	10	13	17	13	23
AT1G79810	322	268	312	379	400	300
AT1G27100	8128	11373	12136	8363	8204	9449
AT1G17980	2202	2388	2514	1588	1285	1687
AT1G77500	1575	1359	1884	1661	1466	2520
AT1G05370	44	94	75	142	211	92
AT1G68630	0	0	0	0	0	3
AT1G57540	265	177	186	217	275	195
AT1G52450	59	53	53	70	81	67
AT1G31040	44	26	21	22	22	27
AT1G58170	176	277	174	155	238	113
AT1G45474	5	1	0	6	11	6
AT1G50400	16	6	17	11	10	9
AT1G23080	908	871	1237	688	845	626
AT1G64850	489	483	457	395	482	364
AT1G17910	0	0	0	0	0	0
AT1G50760	0	0	0	0	0	0
AT1G54720	0	1	2	0	0	0
AT1G73930	530	537	489	557	673	478
AT1G04760	89	103	131	150	149	95
AT1G11510	0	0	0	0	0	0
AT1G70175	1	2	4	0	0	0
AT1G56560	323	358	355	339	490	335
AT1G05440	84	66	63	88	109	81
AT1G22280	2635	2810	3414	2122	1953	2834
AT1G68600	9	5	9	4	0	5
AT1G66490	1	2	0	3	0	0
AT1G19860	426	380	364	413	484	424
AT1G56190	1198	952	1062	1209	1345	1085
AT1G05910	1010	1012	940	1024	1201	1009
AT1G12810	530	579	608	507	583	495
AT1G59590	786	899	1036	1004	1224	1324
AT1G67720	1293	1723	1619	1070	1248	1276
AT1G67820	86	88	96	70	139	68
AT1G71710	830	804	751	490	608	366
AT1G74990	0	0	0	0	0	0
AT1G47290	641	622	622	800	938	793
AT1G65720	1982	2133	2241	1862	2012	1661
AT1G08590	522	404	389	560	818	498
AT1G15010	4100	4856	3950	3459	2717	4570
AT1G66860	5	4	0	11	17	6
AT1G79910	41	25	42	32	38	36
AT1G16480	112	125	130	126	136	131
AT1G32600	0	0	0	0	0	0
AT1G71220	3615	3558	3402	3806	4401	3451
AT1G47610	5	4	2	1	6	0
AT1G65420	34	23	15	34	34	20
AT1G01990	314	306	254	312	370	285
AT1G05675	18	20	16	16	17	70
AT1G53940	355	261	288	478	518	668
AT1G17170	1492	1320	2249	366	343	561
AT1G79580	62	38	46	82	125	97
AT1G61290	18	14	12	17	17	34
AT1G73330	87912	126447	179683	80145	85164	83766
AT1G18870	898	1449	1375	403	380	253
AT1G35140	10242	13210	11418	7374	4726	7680
AT1G22015	0	0	0	0	0	0
AT1G10970	162	176	142	158	184	130
AT1G23240	0	0	0	0	0	0
AT1G11870	289	300	271	368	406	318
AT1G76570	49	43	37	50	92	57
AT1G21738	0	0	0	0	0	0
AT1G03840	200	114	123	156	176	125
AT1G68570	365	465	456	338	665	122
AT1G71530	209	154	182	124	138	178
AT1G72150	12202	17800	13952	12620	14969	12484
AT1G54360	885	884	869	953	1108	920
AT1G48170	297	265	258	286	360	268
AT1G31070	1586	2009	2100	1625	1907	1477
AT1G30790	0	0	0	0	0	0
AT1G21850	0	0	2	0	0	0
AT1G47640	1407	1175	1085	1290	1463	1088
AT1G75910	0	0	0	0	0	0
AT1G55380	312	282	270	108	122	107
AT1G53025	122	123	111	147	174	134
AT1G34360	389	365	323	355	370	381
AT1G26180	78	46	59	79	80	76
AT1G70920	105	151	132	101	121	141
AT1G08510	3481	3963	4190	2676	2961	2734
AT1G20880	179	193	184	216	275	247
AT1G07820	1533	1106	1093	1218	1306	1128
AT1G20060	313	268	308	394	500	364
AT1G26450	683	524	382	388	560	304
AT1G03160	184	196	213	230	261	257
AT1G16225	3	2	3	12	15	8
AT1G03610	478	523	432	485	576	420
AT1G66330	219	208	220	247	322	251
AT1G08030	697	676	668	618	761	581
AT1G19670	0	8	7	8	16	1
AT1G23000	191	119	118	218	248	198
AT1G14700	73	84	58	74	99	28
AT1G31170	159	124	116	94	167	111
AT1G27660	244	283	225	234	305	160
AT1G19050	163	127	78	390	825	194
AT1G63690	1745	1971	1989	1812	2194	1880
AT1G44790	602	610	574	534	559	462
AT1G18830	1	4	2	1	2	0
AT1G66235	0	0	1	0	0	0
AT1G18860	52	58	60	57	50	73
AT1G32530	471	451	415	511	581	453
AT1G65890	152	322	133	235	258	33
AT1G78940	99	123	82	98	142	73
AT1G67650	90	68	104	49	63	62
AT1G55240	115	135	140	82	115	73
AT1G80960	68	80	78	55	76	41
AT1G33010	0	0	0	0	0	0
AT1G46264	190	194	125	385	537	260
AT1G25460	56	37	47	49	58	48
AT1G35500	0	0	0	0	0	0
AT1G65210	0	0	0	0	0	0
AT1G28005	0	0	0	1	2	0
AT1G75750	4232	1698	1329	3606	3960	3751
AT1G51720	759	859	800	780	918	803
AT1G65680	14	80	45	87	93	51
AT1G05005	0	1	3	0	0	1
AT1G54890	107	55	33	228	330	299
AT1G24240	293	308	230	258	386	233
AT1G78050	320	346	489	369	592	407
AT1G12970	266	311	251	254	350	295
AT1G42960	1505	1286	1247	1254	1503	1170
AT1G68723	11	3	11	5	7	6
AT1G13160	1144	1025	918	1214	1247	1090
AT1G14690	970	1110	1178	1162	1590	1186
AT1G66120	0	0	0	0	0	0
AT1G73950	204	270	294	322	441	316
AT1G67970	270	247	226	248	300	265
AT1G02860	1318	1830	1632	1193	1478	1456
AT1G77720	234	270	217	341	470	365
AT1G59171	0	0	0	0	0	0
AT1G62210	0	0	0	0	0	0
AT1G57830	0	0	0	0	0	0
AT1G55830	283	238	267	279	324	226
AT1G79180	230	315	253	151	244	183
AT1G02550	0	0	0	0	0	0
AT1G70475	2	6	2	3	15	3
AT1G01620	22493	22604	16705	21561	26001	21829
AT1G72020	2663	2080	1935	1875	2274	1786
AT1G01290	356	348	376	344	367	310
AT1G29025	1649	1109	1474	876	1007	1100
AT1G51580	397	362	375	398	482	351
AT1G06230	1845	1850	1814	1887	2259	2154
AT1G73160	100	66	75	89	112	79
AT1G71250	1	1	0	0	1	1
AT1G03630	15	7	8	8	22	8
AT1G76670	1672	1859	1648	1251	1587	1187
AT1G05290	0	0	0	0	0	0
AT1G68990	617	537	521	745	869	672
AT1G19210	677	754	1527	1161	1566	1392
AT1G72840	739	580	584	816	791	897
AT1G76790	5597	6432	6071	4696	5921	3671
AT1G80560	977	900	776	1229	1331	1126
AT1G22940	215	223	190	205	316	247
AT1G22720	0	0	0	0	0	0
AT1G45201	1661	3418	3224	1666	2010	1140
AT1G60030	133	164	145	125	158	136
AT1G74790	798	562	599	684	747	760
AT1G09390	511	520	507	506	601	435
AT1G12805	4	3	1	19	1	1
AT1G80860	438	380	362	429	496	401
AT1G61180	270	359	321	360	447	345
AT1G79370	0	0	0	0	0	0
AT1G04200	1433	1560	1370	1326	1378	1167
AT1G59530	2	2	0	2	3	0
AT1G03770	502	480	433	476	495	418
AT1G74280	161	127	100	158	168	178
AT1G65590	657	683	601	813	987	829
AT1G72390	816	967	884	917	1130	909
AT1G53760	546	414	365	430	481	427
AT1G67710	566	687	624	794	1316	845
AT1G58310	0	0	0	0	0	0
AT1G31620	0	0	0	0	0	0
AT1G55340	736	623	543	643	716	512
AT1G62740	1686	1627	1512	1555	1798	1426
AT1G56260	53	53	37	48	43	36
AT1G25682	1473	1733	1784	1212	1037	1264
AT1G75490	11	3	9	2	3	7
AT1G07840	554	523	453	574	626	519
AT1G77890	468	460	485	439	407	518
AT1G51860	79	93	62	222	188	250
AT1G79680	99	95	113	25	26	149
AT1G50260	229	187	245	225	267	207
AT1G51870	0	0	1	10	12	8
AT1G21770	599	461	454	539	615	470
AT1G17610	34	60	32	52	75	39
AT1G20070	147	92	125	181	252	126
AT1G30740	1	3	3	7	7	5
AT1G62990	913	1116	1075	558	686	531
AT1G62560	60	131	130	161	204	81
AT1G35330	57	55	69	58	75	80
AT1G26630	17029	12678	12621	15074	15896	13108
AT1G09500	14	3	7	0	0	1
AT1G06510	99	87	100	99	148	136
AT1G19270	753	756	833	723	857	723
AT1G32975	0	1	0	0	0	0
AT1G14350	492	419	672	384	421	397
AT1G10380	921	965	1027	749	820	938
AT1G26170	841	814	856	834	927	713
AT1G08165	18	24	13	13	10	13
AT1G77930	252	245	301	242	352	277
AT1G60900	2199	2020	2092	1960	2218	2081
AT1G33640	0	0	0	0	0	0
AT1G74170	180	160	153	187	168	199
AT1G51890	79	139	134	220	225	395
AT1G38065	0	0	0	0	0	0
AT1G72100	17	8	4	2	1	4
AT1G72990	359	394	393	370	392	353
AT1G75770	25	7	12	21	21	10
AT1G21528	82	76	106	37	34	67
AT1G26530	29	23	19	28	25	32
AT1G73540	9203	11913	13979	10084	10874	12445
AT1G63300	617	657	650	682	774	594
AT1G46768	94	76	72	88	106	63
AT1G69588	23	23	23	40	56	29
AT1G79850	410	409	273	453	553	392
AT1G73660	581	748	693	740	934	491
AT1G19310	372	335	320	305	381	383
AT1G33990	1262	1003	969	1166	1279	1155
AT1G66245	0	0	0	0	0	0
AT1G23350	9	5	6	6	7	3
AT1G02640	1410	2662	1499	2551	4334	1992
AT1G29830	24	45	49	53	49	70
AT1G02630	0	0	0	3	3	2
AT1G67680	2198	1806	1571	2033	2318	1920
AT1G28120	781	670	680	687	846	742
AT1G74040	469	501	552	577	633	537
AT1G28230	27	18	24	8	4	24
AT1G64390	1884	1402	1776	2381	3300	1967
AT1G61190	55	51	49	56	93	46
AT1G26690	463	470	446	402	474	408
AT1G03280	1072	1008	942	880	1094	942
AT1G10155	17	16	18	22	21	5
AT1G34047	2	0	0	0	1	0
AT1G65250	22	23	22	13	18	16
AT1G75940	0	0	0	0	0	0
AT1G71270	1008	1095	1067	1076	1335	1003
AT1G64090	2144	1904	1769	2016	2394	1699
AT1G08670	25	16	12	48	80	39
AT1G51520	83	94	84	100	179	81
AT1G30250	0	0	0	0	0	0
AT1G16470	1899	1614	1452	1427	1609	1316
AT1G56380	0	0	0	0	0	0
AT1G65910	79	121	101	106	164	104
AT1G47271	173	264	232	230	239	238
AT1G35580	7822	7609	6927	8033	9923	10698
AT1G61540	0	0	0	0	0	0
AT1G65580	1388	1401	1380	1288	1526	1382
AT1G63330	0	0	0	0	0	0
AT1G65790	2	2	1	2	4	2
AT1G50140	1028	1070	1035	1129	1272	1013
AT1G22010	0	0	0	0	0	0
AT1G08410	573	514	475	599	694	524
AT1G11530	40	61	44	115	131	112
AT1G75130	367	270	310	356	440	421
AT1G22550	796	979	1024	596	583	481
AT1G73190	5	8	7	2	3	4
AT1G54095	27	45	26	35	42	27
AT1G31120	550	500	499	543	622	489
AT1G03150	276	276	223	224	282	235
AT1G27980	610	631	666	544	658	575
AT1G52220	27	26	3	15	65	2
AT1G31960	0	0	0	0	0	0
AT1G56440	161	179	181	239	268	189
AT1G04540	7	4	3	1	3	2
AT1G80140	0	0	0	0	0	0
AT1G64280	1081	1140	1085	1248	1284	1389
AT1G22910	541	606	565	538	744	522
AT1G77850	307	291	272	292	400	285
AT1G35510	660	612	626	640	752	538
AT1G49510	224	254	188	210	295	213
AT1G26930	780	739	750	683	929	816
AT1G60815	0	0	0	0	0	0
AT1G24460	1809	2177	2338	2085	2391	1953
AT1G22130	3	1	0	1	0	0
AT1G43080	0	0	0	0	0	0
AT1G06430	248	260	233	119	142	118
AT1G70000	343	453	489	222	224	243
AT1G76260	395	361	339	396	443	346
AT1G49330	5	3	3	3	2	0
AT1G05805	700	841	815	933	1047	993
AT1G20740	10	30	18	5	3	5
AT1G52900	0	1	0	0	0	0
AT1G43810	0	0	0	0	0	0
AT1G21864	0	0	0	0	0	0
AT1G01305	1	0	1	0	0	0
AT1G16890	2866	2723	2707	2428	2788	2406
AT1G62940	1	3	7	3	6	4
AT1G20923	0	0	0	0	0	0
AT1G77390	81	97	67	50	48	58
AT1G30455	4	5	6	6	3	6
AT1G33355	0	0	0	0	0	0
AT1G23110	8	10	17	5	12	16
AT1G20970	3218	3657	3277	3412	3731	3132
AT1G02700	3	4	1	2	0	0
AT1G70340	154	225	160	241	320	195
AT1G09950	2433	4012	3246	1683	808	1068
AT1G66045	0	0	0	0	0	0
AT1G77860	7	9	10	16	13	8
AT1G21160	581	447	476	558	716	554
AT1G06360	4	0	0	0	0	0
AT1G43890	1695	1546	1498	1325	1745	1355
AT1G75360	7	2	7	5	5	2
AT1G29410	106	85	70	82	129	82
AT1G79060	165	112	136	195	235	204
AT1G01280	0	0	0	0	0	0
AT1G52950	2	0	0	1	0	0
AT1G22170	286	278	328	284	311	217
AT1G21520	103	53	71	143	165	140
AT1G10730	194	184	168	208	227	163
AT1G07880	561	865	643	801	938	493
AT1G79030	376	410	410	577	857	500
AT1G11930	1085	1125	1180	1013	1194	1024
AT1G49630	319	368	317	353	420	361
AT1G09170	122	90	93	88	80	104
AT1G72240	460	394	397	325	315	389
AT1G66600	19	30	20	21	28	28
AT1G54140	339	255	225	282	298	239
AT1G74480	0	0	0	0	3	0
AT1G36623	0	0	0	0	0	0
AT1G15200	2042	1600	1627	1971	2086	1828
AT1G24095	88	62	52	75	70	61
AT1G73090	181	182	165	208	233	215
AT1G04780	1604	1738	1830	1717	1920	1740
AT1G68330	121	195	185	173	198	116
AT1G34480	5	12	8	6	8	6
AT1G76240	1125	794	1093	1271	1370	1499
AT1G20760	1817	1912	1736	1982	2387	1996
AT1G56690	69	60	50	79	82	48
AT1G17520	321	297	273	307	357	358
AT1G76740	191	311	282	336	380	295
AT1G78570	6131	6158	5772	4440	5089	3791
AT1G09470	213	233	181	339	406	220
AT1G77260	833	892	872	882	948	705
AT1G50930	11	14	7	7	11	7
AT1G12270	1676	1415	1326	1670	1862	1580
AT1G68050	249	223	194	175	273	201
AT1G66800	1091	824	960	363	362	506
AT1G13330	83	51	55	66	57	44
AT1G23970	207	354	272	266	340	216
AT1G49720	1185	1092	1110	902	1470	1011
AT1G15290	490	424	435	652	1015	623
AT1G09580	583	372	364	406	427	353
AT1G42970	35	10	10	20	41	11
AT1G53780	2574	2265	2651	2054	2279	2338
AT1G26910	766	536	489	637	686	626
AT1G07410	199	174	174	158	213	138
AT1G66345	73	88	74	84	103	63
AT1G49670	1321	1551	1448	1217	1402	1155
AT1G24610	336	291	260	316	380	327
AT1G25300	0	0	0	0	0	0
AT1G21210	81	66	111	135	139	201
AT1G31260	0	0	0	4	16	15
AT1G77815	0	0	0	0	0	0
AT1G47800	0	0	0	0	0	0
AT1G44770	926	887	867	966	1172	1203
AT1G68380	0	0	0	0	0	0
AT1G01820	1131	1103	1120	1209	1389	1397
AT1G50050	6	4	3	311	511	726
AT1G74088	56	49	44	72	86	56
AT1G27620	77	61	77	141	168	104
AT1G63320	0	0	0	0	0	0
AT1G21200	343	314	323	287	344	304
AT1G03780	777	691	603	944	1069	694
AT1G09070	24052	33622	37448	19866	17732	24525
AT1G56310	124	144	89	124	200	143
AT1G48900	1819	1721	1572	1677	1939	1602
AT1G78700	736	657	751	740	719	760
AT1G65845	662	521	498	858	728	1073
AT1G34350	410	365	304	337	361	309
AT1G31630	0	0	0	0	0	0
AT1G28470	235	287	304	125	193	171
AT1G12665	0	0	0	0	0	0
AT1G22460	78	28	22	71	47	49
AT1G27390	1140	843	821	931	1025	816
AT1G18330	35	34	16	45	65	63
AT1G72700	3477	4627	4540	3076	3087	3740
AT1G79000	2036	2237	2374	2271	2713	2476
AT1G24485	6	8	8	34	23	45
AT1G11730	67	101	90	82	137	73
AT1G73480	1341	1633	1488	839	670	841
AT1G10480	145	214	131	194	407	118
AT1G74530	268	295	257	279	362	222
AT1G07645	9	2	3	0	0	0
AT1G75920	51	30	50	29	21	29
AT1G29990	775	622	642	666	752	603
AT1G79560	665	630	698	801	887	696
AT1G70670	813	879	795	812	1106	1074
AT1G04530	534	515	521	544	694	629
AT1G41920	0	0	0	0	0	0
AT1G07570	107	106	146	119	142	121
AT1G78280	15895	22005	24169	12427	7614	14858
AT1G15530	265	294	254	191	303	271
AT1G53050	1336	1485	1396	1303	1480	1195
AT1G67180	97	103	70	100	137	98
AT1G36922	1	10	0	4	3	0
AT1G33430	0	2	0	0	0	1
AT1G17620	25278	30154	30108	15035	12124	16135
AT1G48745	11	10	6	7	9	14
AT1G76020	235	374	264	293	355	238
AT1G66110	0	0	1	1	0	0
AT1G10640	260	724	272	464	1179	46
AT1G48670	51	29	30	24	59	38
AT1G11740	176	151	150	144	153	126
AT1G18040	267	340	282	367	363	280
AT1G02990	464	544	518	558	703	565
AT1G17700	2	0	0	1	0	0
AT1G23490	9983	10185	10058	7565	7106	7012
AT1G75440	428	382	421	446	527	376
AT1G20810	84	92	103	107	138	117
AT1G04400	1961	2232	1768	1857	2527	1766
AT1G23390	155	185	129	290	510	211
AT1G50370	1296	1275	1243	1248	1455	1249
AT1G65295	144	119	116	146	138	109
AT1G21900	698	605	642	557	645	574
AT1G13960	792	708	762	765	883	878
AT1G62320	650	638	697	251	304	557
AT1G79160	85	100	96	27	64	54
AT1G02390	322	255	352	243	325	423
AT1G29680	12	7	10	12	12	25
AT1G04450	0	0	0	0	0	1
AT1G04660	92	102	34	206	347	16
AT1G69340	1012	1123	1073	1092	1195	1066
AT1G51840	5	2	7	20	24	3
AT1G77690	1426	1594	1455	2152	2738	1931
AT1G11370	0	0	0	0	0	0
AT1G66480	675	945	895	869	813	845
AT1G47940	0	0	0	0	0	0
AT1G64235	0	2	0	0	0	0
AT1G47580	86	48	48	62	67	46
AT1G12730	90	85	70	106	112	83
AT1G79080	228	190	166	191	282	217
AT1G23950	671	616	741	468	557	527
AT1G22300	7671	7217	7179	7153	8112	6652
AT1G24120	1061	1043	940	928	1208	923
AT1G31710	2997	5013	4735	5100	5958	3832
AT1G61620	1152	1041	943	985	1140	1020
AT1G31370	0	0	0	0	0	0
AT1G64630	357	351	355	407	543	367
AT1G10586	0	0	0	0	0	0
AT1G75350	255	208	188	222	281	206
AT1G20683	0	0	0	0	0	0
AT1G08210	465	523	459	544	696	510
AT1G04250	1857	1296	1130	1882	2326	1477
AT1G69880	94	56	88	53	47	10
AT1G16445	19	12	9	21	27	21
AT1G53400	588	599	600	559	695	578
AT1G17420	6467	10856	14066	7280	4905	9957
AT1G09270	1953	2144	2179	2011	2180	2108
AT1G03530	507	347	339	523	587	468
AT1G47990	12	16	28	23	13	11
AT1G26798	0	0	0	0	0	0
AT1G11560	0	4	5	2	7	8
AT1G63960	2	3	1	5	3	2
AT1G29395	131	332	237	86	91	14
AT1G08560	1578	1648	1396	1788	2081	1430
AT1G48700	4	7	3	2	1	3
AT1G19400	824	697	736	740	934	842
AT1G76400	1476	1425	1289	1439	1675	1346
AT1G19790	42	37	46	32	72	34
AT1G29120	316	281	315	304	388	341
AT1G48590	5	11	3	5	5	0
AT1G35170	1	1	2	6	6	4
AT1G10280	79	81	86	88	147	83
AT1G80970	31	21	28	37	42	32
AT1G21120	249	293	292	115	139	603
AT1G73600	1642	1167	1451	3770	7617	6734
AT1G66210	0	0	0	0	0	0
AT1G11710	65	39	55	55	84	49
AT1G75830	3	4	8	0	0	0
AT1G13410	47	27	35	37	52	31
AT1G53935	1	0	0	2	1	0
AT1G03860	1827	1537	1357	1742	1975	1528
AT1G55330	2446	2320	1817	1818	1934	1730
AT1G52710	348	278	273	464	532	454
AT1G23520	0	0	1	1	1	1
AT1G14688	2	0	2	0	1	0
AT1G67455	0	0	0	0	0	0
AT1G08830	10683	7599	9767	8768	10230	8271
AT1G25310	24	2	2	0	0	6
AT1G63340	1	0	1	0	0	0
AT1G78910	142	111	89	110	170	135
AT1G11572	0	0	0	1	1	0
AT1G39070	0	0	0	0	0	0
AT1G07830	821	602	540	755	784	634
AT1G05630	527	542	502	506	504	496
AT1G79500	600	562	528	669	702	526
AT1G72040	801	612	571	802	925	778
AT1G73290	67	33	48	47	51	70
AT1G14980	3989	2416	2349	3158	3219	2340
AT1G78070	10578	12713	14191	8014	4613	8746
AT1G51550	81	71	43	107	110	73
AT1G80670	638	538	566	633	698	616
AT1G30160	24	44	25	29	54	5
AT1G37140	0	0	0	0	0	0
AT1G79800	3	2	2	3	1	0
AT1G69180	0	0	0	0	0	0
AT1G66855	0	0	0	0	0	0
AT1G30710	0	1	0	0	0	0
AT1G17230	150	188	91	80	108	38
AT1G68550	406	484	522	449	619	362
AT1G09100	981	973	904	959	1185	962
AT1G35850	0	0	0	0	0	0
AT1G11040	1	1	0	3	2	2
AT1G74560	2929	2771	2477	2648	3122	2454
AT1G71820	1638	1979	1867	1776	2046	1692
AT1G65050	0	0	0	0	0	0
AT1G10710	15	22	19	17	31	16
AT1G63140	0	2	0	0	0	0
AT1G33780	412	489	422	386	550	375
AT1G64950	885	612	828	245	260	401
AT1G06750	17	14	7	13	11	12
AT1G07290	71	57	54	65	88	67
AT1G20620	23612	38112	34372	29977	40940	24907
AT1G22700	189	180	144	177	247	185
AT1G33770	28	30	21	18	8	5
AT1G10920	44	48	62	59	59	69
AT1G80490	2646	3340	3597	2645	3083	2706
AT1G61410	23	19	18	16	22	24
AT1G76650	18902	22762	25159	13196	10211	19314
AT1G54570	459	426	469	303	356	293
AT1G33265	462	364	288	381	437	305
AT1G71290	0	1	1	0	2	0
AT1G04900	377	270	296	425	458	345
AT1G28090	309	261	268	322	407	277
AT1G55720	0	1	0	1	1	1
AT1G02370	193	128	132	207	220	166
AT1G24250	0	0	0	0	0	0
AT1G12290	178	177	214	139	126	157
AT1G23800	2580	2851	2196	1828	2516	1923
AT1G70505	45	58	74	70	81	66
AT1G66740	205	201	200	247	289	231
AT1G15030	497	473	456	458	519	431
AT1G13230	0	3	1	2	3	0
AT1G31580	2	0	0	4	1	3
AT1G31320	18	29	14	120	325	58
AT1G58350	668	703	627	787	872	643
AT1G34120	242	182	213	191	267	187
AT1G49210	3	0	0	1	12	1
AT1G10040	348	403	460	263	345	408
AT1G50750	1	1	0	0	0	1
AT1G67100	1	0	1	0	2	0
AT1G65180	61	74	64	83	130	105
AT1G06310	136	72	103	180	140	156
AT1G36325	0	0	0	0	0	0
AT1G24110	0	0	0	1	0	0
AT1G27950	688	473	549	354	361	378
AT1G34840	0	0	0	0	0	0
AT1G54385	263	245	175	316	363	195
AT1G21313	4	8	1	3	1	4
AT1G18500	1633	1546	1462	1821	2092	1868
AT1G70980	873	935	1012	808	791	658
AT1G26780	9	6	1	7	2	2
AT1G30825	226	210	210	260	299	253
AT1G19250	600	931	1316	480	328	1021
AT1G70090	5850	7465	6645	4269	3642	3734
AT1G18773	13	21	14	35	34	16
AT1G17120	450	467	426	474	551	469
AT1G51510	2166	1703	1723	1634	1803	1550
AT1G52855	12	8	3	5	3	2
AT1G60400	0	0	0	0	0	0
AT1G80360	1907	1777	1912	1760	2238	1749
AT1G49160	200	320	223	369	528	243
AT1G29050	2859	3152	3661	1449	1571	1368
AT1G67623	6	1	1	2	5	9
AT1G53610	14	20	9	25	11	29
AT1G48500	46	94	124	31	46	37
AT1G06340	0	0	0	0	1	0
AT1G24996	0	0	0	0	0	0
AT1G06440	220	230	222	205	158	172
AT1G04620	188	156	136	104	171	118
AT1G19460	0	1	2	1	1	0
AT1G78870	1499	1424	1484	1485	1696	1333
AT1G54475	0	0	0	4	2	1
AT1G65340	0	0	0	0	0	0
AT1G64170	67	154	171	205	303	138
AT1G70370	3684	5905	4321	4926	5742	2342
AT1G31200	51	57	55	77	110	94
AT1G04240	530	635	537	546	1015	320
AT1G27130	6872	6439	6750	6929	6970	7063
AT1G25410	1	0	0	0	0	0
AT1G63050	593	413	380	513	480	435
AT1G47660	0	0	0	0	0	0
AT1G12244	96	112	106	115	136	73
AT1G50600	4294	6083	6848	3384	2947	4267
AT1G18620	330	402	239	355	393	302
AT1G03290	847	780	838	657	722	755
AT1G18250	1137	1535	886	1702	2008	844
AT1G75630	1637	1298	1253	1127	1406	1195
AT1G61680	5	4	6	0	11	0
AT1G18910	749	794	821	761	883	1049
AT1G47128	7433	8452	9322	5094	7259	6187
AT1G65970	322	168	45	1060	965	363
AT1G05940	468	471	470	481	577	394
AT1G76640	2484	1936	3009	1513	1375	1843
AT1G13120	554	573	547	614	723	587
AT1G73610	3	0	0	1	3	0
AT1G26900	210	223	231	175	158	185
AT1G43980	35	35	31	36	41	24
AT1G22270	583	413	481	580	587	505
AT1G32540	16	26	16	26	37	9
AT1G05410	353	319	254	474	523	445
AT1G03700	62	54	71	30	41	48
AT1G30473	0	0	2	0	0	1
AT1G49015	0	0	0	0	0	0
AT1G55950	0	0	0	0	0	0
AT1G75150	214	201	200	275	351	227
AT1G29690	2644	3120	3140	2399	1976	2957
AT1G76350	1182	1347	1492	669	650	780
AT1G44980	0	0	0	0	0	0
AT1G78650	278	258	239	364	359	281
AT1G19000	1709	1901	1824	1992	2740	2073
AT1G64100	2	6	1	5	5	6
AT1G29430	0	0	0	1	0	0
AT1G15415	27	15	10	39	34	9
AT1G21190	613	441	467	517	611	520
AT1G31360	300	293	345	354	430	317
AT1G45063	1	1	1	0	2	2
AT1G05020	29	49	63	33	28	58
AT1G09010	1282	1261	1141	1377	1720	1458
AT1G76954	0	0	0	0	0	0
AT1G55600	2	0	2	0	2	0
AT1G80540	1	1	0	0	2	0
AT1G07810	1502	1468	1478	1268	1580	1333
AT1G45110	89	60	53	81	67	67
AT1G33220	0	0	0	0	0	0
AT1G12240	3138	3103	3335	1932	1961	1494
AT1G61780	708	459	474	462	570	477
AT1G52910	395	288	355	280	302	297
AT1G27820	16	23	36	15	18	28
AT1G51160	1097	899	875	939	1140	906
AT1G11760	168	128	146	152	200	165
AT1G07725	2	2	3	6	2	3
AT1G60860	1094	930	1105	870	932	817
AT1G07140	4819	3997	3889	4019	4677	3911
AT1G79990	4599	4524	4345	4241	4562	4038
AT1G11200	328	346	272	292	332	295
AT1G27520	619	579	610	672	765	619
AT1G78560	605	549	542	568	649	492
AT1G44910	1053	1122	1214	1162	1287	1127
AT1G71160	0	0	1	1	1	4
AT1G58245	0	0	0	0	0	0
AT1G66510	328	345	367	258	354	300
AT1G73607	0	0	0	0	0	0
AT1G33270	216	184	234	196	259	197
AT1G10460	38	54	51	71	162	56
AT1G63520	61	58	52	39	56	35
AT1G16320	64	45	34	38	79	34
AT1G43320	0	0	0	0	0	0
AT1G69720	0	0	0	0	0	0
AT1G19830	0	0	0	0	0	0
AT1G35160	2772	2873	2910	2839	3107	2532
AT1G52180	0	0	0	0	0	0
AT1G24030	182	234	229	162	237	152
AT1G35181	0	0	0	0	0	0
AT1G78300	4021	3729	3403	3885	4397	3692
AT1G19750	24	30	28	19	20	22
AT1G12040	316	495	407	290	384	486
AT1G64190	2365	1911	2180	2727	3555	2464
AT1G53635	5	15	9	27	27	30
AT1G21070	350	288	269	266	247	224
AT1G01320	481	564	478	509	717	509
AT1G69310	276	322	317	294	280	180
AT1G69450	1165	1098	1111	922	967	1079
AT1G26150	1129	1502	1667	1326	1777	1120
AT1G14530	200	174	182	133	111	144
AT1G09840	1774	1989	1900	1889	2122	1639
AT1G63980	2952	2818	2632	3157	3955	3169
AT1G47960	594	789	760	341	404	280
AT1G63110	609	503	554	579	667	519
AT1G65486	2	4	10	10	12	6
AT1G64870	0	0	0	0	0	0
AT1G29220	599	556	524	538	642	595
AT1G78400	0	0	0	0	0	0
AT1G78635	0	0	0	0	0	0
AT1G79550	10108	8590	8199	8738	9935	7753
AT1G72920	77	94	65	198	246	91
AT1G77640	1638	1559	1385	682	667	994
AT1G10840	3577	3093	2927	3463	3893	3289
AT1G01790	457	542	515	632	808	715
AT1G79650	1190	1090	987	999	1087	943
AT1G16350	1868	1629	1570	1835	1995	1608
AT1G68510	1	1	0	0	0	0
AT1G23770	0	0	0	1	0	0
AT1G04350	19	21	17	23	35	14
AT1G16220	176	177	159	257	342	232
AT1G32700	456	431	337	616	995	479
AT1G67040	81	120	61	104	190	52
AT1G54610	1301	1310	1310	1283	1529	1278
AT1G50950	66	89	76	90	106	62
AT1G78200	189	195	197	185	252	178
AT1G56553	0	0	0	0	0	0
AT1G26680	84	85	101	59	59	58
AT1G10130	1385	1440	1560	1282	1470	1333
AT1G76900	1844	1927	1912	1666	1859	1912
AT1G20830	154	172	134	144	178	149
AT1G73700	5	1	1	7	2	0
AT1G52565	239	262	288	104	110	151
AT1G70600	9579	6685	5981	8231	8826	6866
AT1G66260	4857	4155	4282	3481	3419	3330
AT1G05970	96	99	93	123	159	125
AT1G17000	1	0	0	0	0	0
AT1G07110	789	769	743	833	962	898
AT1G70220	56	29	43	31	35	28
AT1G60890	701	815	727	568	723	430
AT1G23965	0	1	0	0	0	0
AT1G28020	0	0	0	0	0	0
AT1G18335	191	114	152	166	152	157
AT1G25270	0	0	0	0	0	0
AT1G09420	124	95	102	116	105	66
AT1G04105	2	0	0	1	0	1
AT1G19320	0	0	0	0	1	0
AT1G07710	52	35	24	53	83	35
AT1G48950	650	512	446	611	802	622
AT1G15760	109	80	111	123	233	140
AT1G17920	34	21	30	51	65	55
AT1G80920	1566	1008	560	2428	3280	2118
AT1G65160	0	0	0	0	0	0
AT1G76780	228	290	305	285	484	253
AT1G14000	1554	1778	1706	1467	1767	1637
AT1G68460	7	5	2	6	9	2
AT1G79150	888	714	616	943	1068	826
AT1G27350	945	705	675	687	764	573
AT1G22060	1317	1521	1460	1677	1935	1477
AT1G76410	116	113	82	188	430	146
AT1G02030	5	4	6	9	8	10
AT1G17580	798	1096	1050	1174	1463	1130
AT1G36030	0	0	0	0	0	0
AT1G64800	0	2	1	0	0	1
AT1G02960	535	492	523	570	645	523
AT1G28100	445	446	459	346	617	242
AT1G79280	3835	4059	4179	4154	4778	3874
AT1G59680	0	0	0	0	0	0
AT1G78660	4275	4556	3977	2583	2230	2463
AT1G53680	319	265	292	297	323	356
AT1G30860	47	54	44	54	89	32
AT1G66360	3	2	2	1	0	1
AT1G66900	232	241	200	215	294	218
AT1G11660	1365	1372	1311	1371	1603	1322
AT1G62070	0	0	0	0	0	0
AT1G06830	10	3	7	147	253	79
AT1G21780	657	625	612	668	811	677
AT1G57613	0	0	0	0	0	0
AT1G24560	918	782	831	887	1087	931
AT1G35670	966	1006	884	821	906	1045
AT1G44960	238	151	185	152	196	161
AT1G45160	1425	1472	1503	1428	1680	1343
AT1G16190	1277	1162	1084	1125	1187	1054
AT1G76140	1545	1712	1502	1651	1802	1535
AT1G56010	684	634	659	638	835	827
AT1G61700	0	0	0	1	1	0
AT1G12150	21	17	12	20	34	19
AT1G70380	78	73	152	29	22	47
AT1G06923	7	5	3	5	9	8
AT1G47840	554	553	474	761	850	817
AT1G52325	0	0	0	0	0	0
AT1G80930	2221	2316	2268	2518	3022	2584
AT1G60930	150	147	149	126	136	84
AT1G14940	0	0	0	1	0	0
AT1G74770	332	344	439	498	585	554
AT1G27880	139	161	118	187	229	126
AT1G72190	136	121	130	138	154	108
AT1G01810	15	15	16	8	10	11
AT1G03330	848	531	550	610	686	515
AT1G79610	567	593	623	426	502	442
AT1G74055	44	31	23	54	67	43
AT1G26710	0	0	0	0	0	0
AT1G68140	1282	1126	1180	1397	1493	1433
AT1G05550	0	0	0	0	0	0
AT1G30080	85	66	75	75	136	48
AT1G64370	5135	14342	21236	5553	2732	1940
AT1G33475	9	7	7	7	21	12
AT1G80620	1215	965	936	1159	1288	1051
AT1G13140	2	1	0	2	1	1
AT1G11060	368	441	422	514	602	509
AT1G64150	25	21	29	18	16	16
AT1G02816	367	220	228	190	199	176
AT1G68540	79	100	84	71	99	60
AT1G16280	240	192	172	234	249	184
AT1G71370	0	0	0	1	1	0
AT1G62360	6	41	20	21	68	0
AT1G45229	36	63	45	54	60	53
AT1G50630	837	772	737	459	519	469
AT1G12630	27	25	21	24	63	14
AT1G65349	0	0	0	0	0	0
AT1G20693	4723	4915	5200	4399	4934	4841
AT1G13380	786	1001	771	817	960	632
AT1G20160	1592	1496	1350	1351	2108	1315
AT1G23900	1146	1289	1260	1184	1451	1351
AT1G51150	0	0	0	0	0	0
AT1G64310	21	12	13	19	11	12
AT1G21620	0	2	5	2	1	1
AT1G16860	2457	2651	2352	1991	2249	1739
AT1G03940	6	1	2	0	16	0
AT1G31250	0	1	2	1	1	2
AT1G49715	0	0	0	0	0	0
AT1G07970	443	404	384	524	561	468
AT1G32763	0	0	0	0	0	0
AT1G20240	0	0	0	0	0	0
AT1G12360	2639	2672	2608	2449	2672	2788
AT1G32230	5451	5375	5202	5263	5880	5791
AT1G22985	135	134	118	111	86	100
AT1G78340	569	716	902	319	284	473
AT1G28370	3008	4117	6107	4075	3216	4208
AT1G64585	0	1	1	0	0	0
AT1G53180	1769	1379	1657	960	1021	1135
AT1G23205	93	60	40	128	183	139
AT1G69660	5	1	2	0	6	0
AT1G56670	315	457	434	423	378	395
AT1G32380	270	232	210	301	379	277
AT1G52390	0	0	0	0	0	0
AT1G15520	39	81	95	43	34	34
AT1G30440	1069	1231	1050	1428	1870	1351
AT1G44835	800	599	586	723	734	590
AT1G17665	105	58	68	49	89	58
AT1G18680	90	70	73	81	97	65
AT1G69670	353	301	277	318	424	343
AT1G73805	768	594	799	1490	1219	1981
AT1G75300	27	8	21	10	11	4
AT1G44180	116	170	182	171	179	203
AT1G42430	459	363	441	426	452	440
AT1G36050	1230	1224	1144	1205	1392	1163
AT1G61390	15	14	11	36	41	27
AT1G04560	357	132	124	8	15	16
AT1G30350	0	0	0	0	0	0
AT1G55220	0	0	0	0	0	0
AT1G04080	3026	3075	2708	2875	3173	2861
AT1G43330	0	0	0	0	0	0
AT1G26225	0	0	0	0	1	0
AT1G09600	80	53	61	82	87	67
AT1G51590	1108	1144	1030	1036	1280	1058
AT1G79120	52	40	31	37	39	36
AT1G16850	1794	1357	996	254	214	112
AT1G18140	304	383	323	209	251	258
AT1G68110	6	2	1	4	6	6
AT1G19565	32	52	43	35	39	17
AT1G50490	1798	1686	1355	2052	2312	1521
AT1G48370	398	306	349	312	367	322
AT1G02705	21	30	23	21	6	10
AT1G21065	515	467	435	442	560	482
AT1G32940	132	152	127	113	140	129
AT1G50240	510	621	522	704	945	565
AT1G71015	41	32	37	61	78	36
AT1G46696	2	1	0	0	0	1
AT1G71790	466	397	391	470	534	459
AT1G30380	81	34	16	34	133	6
AT1G05860	216	223	192	215	230	175
AT1G21350	111	117	95	109	118	79
AT1G26976	0	0	0	0	1	0
AT1G53430	1656	2166	1970	2590	2819	3000
AT1G35350	304	318	309	143	141	232
AT1G21700	788	870	770	808	1053	864
AT1G69260	732	489	555	374	354	354
AT1G78430	105	120	114	148	256	135
AT1G52030	2	17	4	15	3	3
AT1G22190	1852	1676	1910	1900	2120	1691
AT1G25520	374	347	343	245	300	264
AT1G30370	420	493	401	968	995	1313
AT1G62225	0	0	0	0	0	0
AT1G15960	44	32	38	5	9	4
AT1G33710	0	0	0	0	0	0
AT1G03270	137	117	118	137	150	110
AT1G30460	558	448	423	544	633	498
AT1G06148	4	9	8	6	9	6
AT1G07450	0	0	0	0	0	0
AT1G16790	97	77	82	95	99	81
AT1G64295	0	0	0	0	0	1
AT1G30750	322	242	254	241	284	336
AT1G36180	265	233	281	304	345	250
AT1G75020	486	551	482	418	497	475
AT1G30500	160	133	170	62	65	73
AT1G76465	0	0	0	0	0	0
AT1G55480	35	34	45	42	78	31
AT1G06850	409	414	417	390	435	329
AT1G63720	299	314	416	473	741	590
AT1G32450	5262	6144	6993	6375	4431	4309
AT1G27555	0	0	0	0	0	0
AT1G70180	817	733	790	811	865	851
AT1G63230	61	59	54	80	91	57
AT1G76380	523	559	615	436	443	446
AT1G48150	0	0	0	0	0	0
AT1G70950	270	209	252	263	312	346
AT1G14990	310	317	283	273	310	251
AT1G22080	1	1	3	1	1	0
AT1G66410	8589	7999	8447	6959	8120	6436
AT1G72275	63	64	37	66	83	48
AT1G31163	0	0	0	0	0	0
AT1G31180	820	677	611	700	877	685
AT1G67740	27	43	4	29	142	1
AT1G43770	110	85	94	91	125	99
AT1G47380	1200	1155	1085	848	841	916
AT1G01840	39	26	21	30	23	23
AT1G29380	209	288	243	277	303	264
AT1G19650	139	134	173	82	88	83
AT1G02820	2	2	3	6	4	2
AT1G55450	1990	2818	3385	1635	1568	3759
AT1G52340	319	273	249	286	352	226
AT1G04980	725	453	457	645	650	507
AT1G16330	224	306	246	304	357	257
AT1G48300	833	778	582	1661	2710	940
AT1G76610	1	2	2	1	2	4
AT1G78770	248	268	217	292	400	252
AT1G49120	0	0	0	0	0	0
AT1G07120	79	139	140	65	60	64
AT1G28030	0	0	0	1	0	0
AT1G25422	178	209	133	161	158	252
AT1G20130	3	1	0	1	2	3
AT1G63950	0	0	0	0	0	0
AT1G67090	616	242	23	301	1151	24
AT1G55900	613	551	437	582	672	521
AT1G73410	27	30	30	21	57	20
AT1G48630	4597	3283	2854	4183	4525	3580
AT1G22640	116	112	103	180	323	152
AT1G28335	0	0	0	0	0	0
AT1G53440	2040	2352	2311	3089	3146	3353
AT1G77885	1453	1099	1039	1849	2337	2181
AT1G26515	0	1	0	0	0	0
AT1G69990	2	0	2	3	4	0
AT1G71980	926	1089	946	814	979	760
AT1G17750	5344	5499	7234	3933	3026	5273
AT1G12060	99	163	82	188	323	104
AT1G04040	4077	3375	3805	4213	4758	5043
AT1G06410	9091	11854	11424	6721	6102	8602
AT1G76760	213	191	182	167	169	184
AT1G64561	37	30	20	19	28	26
AT1G50575	191	216	196	182	221	163
AT1G34750	1548	1701	2162	1327	1205	1812
AT1G63260	228	236	173	198	207	171
AT1G02320	0	0	0	0	0	1
AT1G02575	10	6	8	13	11	22
AT1G65550	0	0	0	1	1	0
AT1G16380	0	0	0	0	0	2
AT1G07320	331	302	278	415	469	408
AT1G30400	3707	5327	5054	4140	5009	4323
AT1G67570	86	60	61	57	105	48
AT1G31380	0	0	2	3	1	4
AT1G07370	598	499	459	675	695	514
AT1G19190	52	73	71	96	141	90
AT1G80770	333	297	269	412	446	360
AT1G33830	0	0	0	0	1	0
AT1G32720	0	0	0	0	0	0
AT1G64405	13	8	11	19	59	13
AT1G06960	297	281	273	332	432	311
AT1G76690	1068	1232	1463	645	618	700
AT1G78190	104	54	48	66	93	69
AT1G73230	5329	3764	3466	5059	5320	4439
AT1G05600	87	78	78	97	123	93
AT1G25350	2557	2446	2438	2465	2687	2349
AT1G64105	0	0	0	1	0	0
AT1G47915	1	1	0	0	0	0
AT1G17880	5193	3560	3320	4381	4791	4069
AT1G59650	555	485	411	442	521	433
AT1G78360	14	20	26	24	48	38
AT1G77030	1362	1213	1060	1500	1569	1462
AT1G28400	4964	6668	6795	9614	13927	7677
AT1G13680	6	7	6	11	5	1
AT1G68740	132	140	65	332	463	253
AT1G20910	308	330	253	344	394	318
AT1G12680	478	369	334	394	514	420
AT1G64220	132	85	97	108	113	92
AT1G47750	242	212	229	195	245	163
AT1G27850	997	1193	1144	1187	1437	1208
AT1G50970	265	335	340	239	295	227
AT1G47655	49	43	42	110	155	70
AT1G52370	439	342	348	324	406	305
AT1G49032	44	38	31	55	101	44
AT1G09830	433	381	375	443	554	361
AT1G75500	6041	8014	7322	9073	12070	6550
AT1G26355	0	0	0	0	0	0
AT1G57650	1	1	1	1	2	13
AT1G74500	658	303	311	338	305	320
AT1G73850	665	593	794	588	716	641
AT1G71320	0	0	0	0	0	0
AT1G08370	1008	908	871	942	1009	940
AT1G10760	2841	3580	3773	1385	1625	1312
AT1G20610	395	299	310	470	523	403
AT1G31220	160	150	161	161	177	147
AT1G26770	8	6	9	6	15	4
AT1G28420	1462	1606	1532	1616	1884	1469
AT1G79520	402	370	487	185	274	198
AT1G63130	136	149	131	141	178	106
AT1G20090	1307	1416	1286	966	1170	955
AT1G62180	543	670	450	812	1565	749
AT1G33960	0	0	0	0	0	0
AT1G16460	1264	1162	1152	1189	1457	1087
AT1G69920	161	159	151	45	78	341
AT1G17680	662	722	781	754	872	828
AT1G22430	37	26	26	14	28	16
AT1G75880	24	19	10	5	8	5
AT1G05400	31	19	24	25	38	15
AT1G67120	1721	1677	1615	2115	2630	2034
AT1G10780	153	108	87	178	218	131
AT1G03400	52	66	83	71	66	65
AT1G77300	1555	1704	1818	1859	1992	1952
AT1G19910	4745	3782	3564	3234	3774	3064
AT1G66310	0	0	0	0	0	0
AT1G66750	300	309	283	320	366	299
AT1G72416	1312	1608	1461	268	221	341
AT1G05055	236	218	197	277	299	187
AT1G74230	1059	942	908	947	1039	856
AT1G80420	548	402	434	496	570	443
AT1G05470	323	316	337	681	1042	572
AT1G07160	117	115	141	71	102	145
AT1G11925	109	137	138	104	97	188
AT1G79200	358	281	293	318	331	258
AT1G61490	159	153	117	146	173	141
AT1G12950	1290	2524	2547	789	429	890
AT1G57765	407	400	368	302	397	336
AT1G65481	27	22	17	44	27	50
AT1G09625	0	0	0	0	0	0
AT1G28060	960	889	730	1030	1207	816
AT1G17940	284	300	264	287	401	235
AT1G14450	1207	867	938	972	1001	783
AT1G06630	613	619	615	570	676	669
AT1G51930	0	0	0	0	0	0
AT1G72440	1162	1076	976	1260	1348	1387
AT1G76170	188	147	150	189	232	154
AT1G23150	215	178	148	440	557	259
AT1G05210	266	159	170	196	223	188
AT1G27210	419	352	358	436	502	470
AT1G75100	75	74	71	62	78	58
AT1G72125	94	111	98	77	117	158
AT1G24200	0	0	0	0	0	0
AT1G48095	0	0	0	0	1	0
AT1G61380	199	223	236	177	224	216
AT1G52660	70	67	75	42	68	79
AT1G16000	601	351	326	443	423	334
AT1G60550	84	42	31	41	86	60
AT1G69680	262	197	233	187	206	153
AT1G22480	11	20	26	11	10	8
AT1G48520	325	327	273	355	424	308
AT1G10400	109	90	105	155	170	186
AT1G64770	13	9	25	22	19	7
AT1G21440	785	746	655	1484	2013	1558
AT1G78900	12234	11498	11112	10652	12057	10130
AT1G03982	0	0	0	0	0	0
AT1G25054	0	0	0	0	0	0
AT1G03340	42	47	55	42	33	27
AT1G60985	0	1	0	0	0	0
AT1G29540	11	8	4	8	7	2
AT1G80555	2	4	4	2	7	6
AT1G53600	29	24	22	22	53	24
AT1G24807	0	1	0	1	14	1
AT1G64540	11	16	13	12	27	5
AT1G78450	0	0	0	0	8	0
AT1G52820	1720	2056	3321	927	1117	1008
AT1G19260	0	0	0	0	0	0
AT1G14380	1369	1763	1518	1774	2200	1634
AT1G47495	0	0	0	0	0	0
AT1G67860	254	439	433	213	239	199
AT1G51670	55	30	28	28	35	55
AT1G67785	1995	1508	1558	1408	1766	1261
AT1G33540	66	65	60	117	121	137
AT1G08800	833	835	884	856	1083	932
AT1G21000	1512	2211	2291	1462	1509	1524
AT1G50920	3950	3340	3156	4023	4798	3915
AT1G05650	53	30	17	149	151	119
AT1G64680	4	0	1	3	2	3
AT1G60670	291	312	298	340	426	325
AT1G17065	0	0	0	0	1	0
AT1G73490	761	767	696	657	732	568
AT1G71690	193	402	182	316	505	47
AT1G53650	311	297	271	271	358	259
AT1G02530	55	61	62	45	50	44
AT1G10680	38	31	8	85	182	151
AT1G30990	95	47	28	81	129	107
AT1G21400	103	113	56	92	88	98
AT1G33920	0	0	0	2	0	1
AT1G09810	305	356	320	336	332	315
AT1G06870	938	1073	1051	749	846	873
AT1G20030	143	174	185	68	65	56
AT1G12310	2445	2237	2414	2389	2624	2149
AT1G19290	260	291	261	323	359	278
AT1G21390	536	553	719	579	634	663
AT1G78060	1475	2992	2250	1926	2653	1247
AT1G01980	0	0	1	0	1	0
AT1G69240	56	63	80	61	42	65
AT1G48020	0	1	0	0	0	2
AT1G53950	9	7	4	7	7	14
AT1G66140	198	216	174	285	426	276
AT1G75030	113	89	63	34	62	63
AT1G08970	1271	1187	1299	969	1147	957
AT1G74780	171	174	159	173	201	160
AT1G05090	3	1	3	5	1	3
AT1G27300	1307	1128	1126	825	892	1006
AT1G53540	12	5	8	5	7	2
AT1G49740	443	437	427	402	469	347
AT1G78670	1084	1216	1326	810	1015	863
AT1G20500	2	2	3	0	2	6
AT1G57750	0	0	0	0	2	0
AT1G69050	383	352	381	258	234	383
AT1G11650	4485	3820	3771	3763	4539	3992
AT1G33500	43	29	18	22	24	20
AT1G51330	1	2	2	6	2	4
AT1G77020	432	418	402	283	377	357
AT1G80280	426	294	267	766	953	569
AT1G49560	220	187	208	253	352	212
AT1G18510	0	0	1	0	0	1
AT1G72830	676	730	1711	242	272	229
AT1G29775	11	4	2	4	10	3
AT1G72470	473	385	379	262	314	255
AT1G29230	41	33	22	43	31	48
AT1G12330	44	41	57	67	65	37
AT1G22810	551	700	920	211	280	425
AT1G74870	23	14	20	14	18	18
AT1G17630	117	76	90	84	105	67
AT1G57720	11512	9408	8872	10793	12124	11024
AT1G14580	102	96	116	103	119	149
AT1G05835	53	20	27	29	21	29
AT1G19840	29	16	13	43	37	17
AT1G75890	4	3	4	1	1	0
AT1G32570	15	24	8	15	25	15
AT1G50732	3	0	1	1	2	1
AT1G12070	26	9	14	25	24	24
AT1G30140	0	1	0	0	1	0
AT1G76440	205	185	139	175	199	177
AT1G71350	688	580	568	655	736	631
AT1G03000	508	536	483	580	761	600
AT1G48480	861	1266	1133	1010	1241	973
AT1G64440	1029	855	885	776	950	803
AT1G31130	3871	4975	5117	3536	3447	3980
AT1G52060	295	253	220	903	1090	946
AT1G71760	37	30	24	40	27	34
AT1G14340	228	167	217	199	287	187
AT1G49380	71	67	49	74	106	54
AT1G73500	2535	3527	2798	1716	1861	1949
AT1G22750	22	25	21	11	28	8
AT1G16310	259	261	250	194	325	176
AT1G59710	517	594	472	486	535	428
AT1G09590	5709	3793	3606	4773	5301	4257
AT1G36280	250	248	187	225	310	225
AT1G20680	11	13	19	17	23	24
AT1G06110	1187	1117	1021	1130	1368	1095
AT1G62980	114	86	67	83	95	131
AT1G29760	462	423	464	415	453	465
AT1G26773	0	1	0	0	0	0
AT1G14270	41	37	24	50	58	34
AT1G23700	3	4	1	2	2	2
AT1G68930	40	49	48	68	74	58
AT1G20225	510	489	457	413	439	404
AT1G22960	224	163	154	197	244	176
AT1G70570	1003	1044	1025	1026	1183	1095
AT1G44050	68	65	57	76	85	72
AT1G54320	2691	2381	2513	2439	2863	2541
AT1G65030	412	294	301	402	415	363
AT1G47695	0	0	0	0	0	0
AT1G17290	3604	3814	2969	2982	2789	2649
AT1G06210	1264	1085	1138	1007	1152	1058
AT1G17030	33	155	98	92	132	106
AT1G80780	1263	1080	1149	1235	1708	1237
AT1G71950	1344	1041	1059	733	755	773
AT1G20950	3028	2735	2624	2849	3216	2508
AT1G19394	13	11	6	4	13	6
AT1G58230	1301	1508	1319	1386	1693	1399
AT1G21835	0	0	0	0	0	0
AT1G58050	0	0	0	0	0	0
AT1G70150	164	134	130	151	213	176
AT1G35560	58	87	88	102	94	98
AT1G13090	416	549	663	392	593	456
AT1G64050	584	576	562	731	886	687
AT1G17850	178	131	173	235	239	178
AT1G45150	357	392	336	337	431	331
AT1G04510	1391	1349	1285	1410	1594	1435
AT1G68795	40	39	42	40	47	23
AT1G71470	1	0	1	1	0	0
AT1G73130	527	572	693	515	506	551
AT1G21580	1819	2164	2064	2155	2397	2334
AT1G67600	20	19	17	16	15	24
AT1G75690	18	9	1	3	13	4
AT1G10310	219	158	166	177	179	178
AT1G22880	94	82	109	154	155	127
AT1G40090	0	0	0	0	0	0
AT1G48570	282	167	148	254	325	247
AT1G72900	174	174	126	389	384	395
AT1G65230	16	12	22	26	32	18
AT1G17480	108	168	140	187	255	125
AT1G53660	26	23	28	29	44	27
AT1G36960	0	0	0	0	0	0
AT1G80160	73	24	29	24	17	34
AT1G19020	3328	3451	4836	2379	1840	3910
AT1G17150	1	0	3	1	0	0
AT1G61250	2210	2168	2095	1902	2063	2145
AT1G54210	101	86	93	84	156	121
AT1G55750	450	482	451	527	527	486
AT1G18700	1370	1198	1068	1079	1133	1006
AT1G16130	424	516	570	237	206	344
AT1G68920	1350	1134	1023	730	814	876
AT1G17820	0	0	0	0	0	0
AT1G77870	0	1	2	5	6	2
AT1G71990	158	119	110	178	193	151
AT1G61440	15	10	14	13	11	4
AT1G73920	1423	1314	1247	1359	1998	1341
AT1G64040	1394	1247	1212	1412	1656	1574
AT1G07135	4083	4253	5063	3806	3446	5155
AT1G52420	1706	1792	1883	1895	2501	1934
AT1G35320	1061	772	798	878	898	733
AT1G17100	43	35	35	30	37	25
AT1G47540	0	0	0	0	0	0
AT1G77950	8	6	10	0	6	2
AT1G79450	264	226	270	183	214	196
AT1G01540	2132	2290	2128	1622	1766	1527
AT1G48130	0	0	0	0	0	0
AT1G67080	182	217	243	122	180	144
AT1G44575	39	19	0	20	73	1
AT1G19610	5	0	1	7	5	13
AT1G34042	0	1	0	0	1	0
AT1G08390	80	46	46	73	79	53
AT1G10090	1313	1831	1517	1032	918	910
AT1G74650	23	32	34	19	23	29
AT1G69610	25	53	45	45	39	33
AT1G54700	0	0	0	0	0	0
AT1G66530	780	759	720	804	889	758
AT1G11610	2	0	0	1	1	1
AT1G32420	0	0	0	0	0	0
AT1G60625	0	0	0	0	0	0
AT1G08340	338	474	406	314	427	371
AT1G13040	89	105	73	135	163	109
AT1G25320	478	533	417	464	636	395
AT1G66780	0	2	1	1	2	4
AT1G23550	32	30	33	42	54	44
AT1G35730	3	13	4	17	20	3
AT1G20803	0	0	0	0	0	0
AT1G19060	0	0	0	0	4	0
AT1G43310	0	0	0	0	0	0
AT1G03820	650	825	797	1422	1971	827
AT1G03100	63	81	52	70	92	53
AT1G27030	4450	6828	7820	4113	4993	3817
AT1G80450	159	143	170	99	106	110
AT1G07560	71	80	58	104	140	137
AT1G69330	221	195	212	216	236	189
AT1G51560	308	329	335	337	433	297
AT1G18270	3466	3324	2555	4447	4706	5031
AT1G28670	54	75	116	31	27	31
AT1G07870	1992	2456	2269	1446	1209	1414
AT1G08860	37	23	41	7	7	26
AT1G55560	0	0	0	0	0	0
AT1G73820	333	250	209	272	330	208
AT1G18320	39	21	24	37	36	39
AT1G71840	976	800	766	832	988	771
AT1G63610	226	177	178	203	254	180
AT1G32690	140	104	133	62	65	65
AT1G77730	11	21	36	13	17	11
AT1G79250	10	6	5	7	4	8
AT1G48550	222	158	185	228	289	222
AT1G79190	391	384	437	492	615	535
AT1G59930	0	0	0	0	0	0
AT1G74440	508	647	645	534	364	635
AT1G74010	274	389	447	229	225	270
AT1G51640	35	49	28	64	97	49
AT1G08980	374	481	471	412	456	364
AT1G60810	2121	2084	1899	1822	2039	1816
AT1G28265	0	1	0	1	0	0
AT1G05850	10742	12676	12243	9356	11165	7689
AT1G31780	1146	1078	972	1183	1349	1044
AT1G10745	0	0	0	0	0	0
AT1G16400	302	334	278	1171	1564	1125
AT1G64065	456	524	621	575	496	840
AT1G63206	0	0	0	0	0	0
AT1G23935	231	252	245	245	275	209
AT1G61950	2	6	6	14	13	16
AT1G50940	286	216	174	299	321	268
AT1G33140	4117	2631	2429	3510	3724	2940
AT1G59600	566	485	448	502	569	429
AT1G69760	870	643	620	272	273	269
AT1G23780	519	545	540	520	719	540
AT1G06135	71	60	108	52	46	96
AT1G14760	0	0	0	0	0	0
AT1G56385	0	0	0	0	0	0
AT1G65270	1500	1358	1332	1319	1567	1263
AT1G07890	20212	20543	20696	15837	16111	15126
AT1G69825	0	0	0	0	0	0
AT1G09360	0	0	0	0	0	0
AT1G73890	0	0	0	0	0	0
AT1G53480	739	596	563	691	895	621
AT1G10960	24	15	13	10	34	19
AT1G06550	1783	2059	2070	1648	2070	1469
AT1G50960	4	14	10	5	9	2
AT1G70020	0	0	0	0	0	0
AT1G06925	0	1	0	0	0	0
AT1G32330	250	228	246	282	304	275
AT1G01900	210	357	229	233	340	219
AT1G55790	0	0	0	1	0	0
AT1G24400	0	3	1	2	3	1
AT1G11290	45	62	51	40	74	51
AT1G26360	13	16	12	24	11	16
AT1G02065	1	2	1	0	0	0
AT1G20280	0	0	0	0	0	0
AT1G48355	0	0	0	0	0	0
AT1G16940	0	0	0	0	0	0
AT1G20940	0	0	0	0	1	0
AT1G15710	282	360	306	309	374	349
AT1G14190	166	232	174	278	403	273
AT1G09200	1856	1419	1416	1663	1872	1463
AT1G48390	34	46	38	37	53	43
AT1G10875	0	0	1	0	0	5
AT1G60600	16	19	11	23	20	6
AT1G67800	354	479	541	450	490	588
AT1G31810	736	804	723	828	1061	815
AT1G58055	0	0	0	0	0	0
AT1G24230	0	1	0	1	0	0
AT1G68070	837	792	829	713	806	757
AT1G63180	140	111	57	211	327	305
AT1G52800	45	73	112	127	214	152
AT1G17160	515	478	505	441	512	406
AT1G72540	107	152	273	135	135	168
AT1G35260	537	614	801	448	535	377
AT1G59610	2845	3168	3039	2931	3400	2941
AT1G54050	86	92	90	57	71	62
AT1G65390	475	689	702	235	157	224
AT1G70480	793	1078	1185	896	1017	776
AT1G15900	27	28	22	35	28	28
AT1G26330	97	95	99	173	175	129
AT1G11270	138	104	107	103	132	123
AT1G64860	190	175	207	220	309	193
AT1G20405	0	0	0	0	0	0
AT1G16770	3	0	3	0	5	1
AT1G18400	18	8	11	10	15	11
AT1G61050	35	34	48	60	71	62
AT1G72910	3	5	3	11	17	6
AT1G51355	23	35	26	48	88	45
AT1G29179	9	12	16	12	24	13
AT1G13143	12	17	16	16	27	11
AT1G42560	0	1	0	0	0	0
AT1G13760	0	0	0	0	0	0
AT1G74740	789	895	862	695	939	710
AT1G63450	108	133	127	88	124	137
AT1G63680	387	388	351	461	596	426
AT1G34050	12	21	22	43	47	54
AT1G03470	283	292	245	276	345	269
AT1G74380	5984	6294	6738	4571	4390	4690
AT1G66170	10	2	6	9	7	7
AT1G28340	1067	1150	1079	1143	1355	871
AT1G79890	83	65	61	100	82	78
AT1G20980	3140	3912	3958	3389	3387	3704
AT1G70200	213	173	176	212	260	203
AT1G71480	15	17	20	9	27	18
AT1G20260	5034	4604	4880	3838	4476	3890
AT1G32090	782	1048	656	619	712	629
AT1G62760	3	1	2	3	7	2
AT1G07510	1616	1841	1794	1401	1390	1358
AT1G02460	41	102	71	103	221	40
AT1G19300	416	497	519	366	471	311
AT1G20700	235	285	319	362	381	302
AT1G20310	650	519	746	348	248	542
AT1G80040	1620	1375	1377	1362	1541	1202
AT1G78230	487	329	332	261	224	286
AT1G20640	611	790	840	471	545	609
AT1G67410	274	250	245	229	262	191
AT1G44110	120	150	109	248	351	125
AT1G24475	0	0	0	0	0	0
AT1G56170	315	318	407	291	241	354
AT1G23460	404	612	482	551	786	501
AT1G80480	514	446	433	510	629	447
AT1G72370	17950	13172	11647	16198	18379	14516
AT1G43780	0	0	0	0	0	0
AT1G24388	0	0	0	0	0	0
AT1G02040	1	4	0	0	3	2
AT1G30010	258	214	173	253	256	192
AT1G13830	110	81	138	95	102	109
AT1G45130	3254	3473	3710	2825	3257	2432
AT1G56100	0	0	0	0	0	0
AT1G75250	9	35	19	14	36	6
AT1G19090	0	0	0	0	0	0
AT1G66820	94	76	61	88	126	89
AT1G54115	494	496	429	474	608	456
AT1G12870	0	0	0	0	0	0
AT1G32337	0	0	0	0	0	0
AT1G69170	529	558	605	387	432	402
AT1G15770	2	3	1	1	1	0
AT1G52780	474	525	502	524	692	507
AT1G32340	481	488	430	351	517	409
AT1G05615	0	0	0	0	0	0
AT1G04190	962	868	785	940	1023	752
AT1G61475	0	0	2	1	2	2
AT1G72710	3864	4367	3631	3870	4496	3654
AT1G05490	78	188	85	89	84	82
AT1G69030	986	1018	1039	875	949	826
AT1G27440	527	592	608	506	664	413
AT1G24909	0	0	0	0	0	0
AT1G64195	18	13	9	7	3	13
AT1G46912	0	0	0	0	0	0
AT1G58100	808	783	620	661	746	620
AT1G03260	251	221	214	201	250	191
AT1G56590	459	391	353	485	557	423
AT1G06820	452	451	427	460	500	443
AT1G62262	9	14	29	15	5	4
AT1G71070	1009	968	915	936	982	795
AT1G80000	950	978	985	847	998	1074
AT1G74890	15	14	12	39	63	21
AT1G20687	0	0	0	1	0	1
AT1G59560	165	142	136	167	205	152
AT1G15580	6	10	3	10	15	8
AT1G08280	160	171	187	210	295	125
AT1G10350	364	328	355	357	426	321
AT1G24160	1262	1120	1254	1026	1142	1139
AT1G25211	35	53	51	53	65	35
AT1G12370	46	43	30	55	79	28
AT1G26920	711	505	556	327	512	346
AT1G56290	462	411	413	455	523	503
AT1G18070	4060	4159	3974	3453	3711	3510
AT1G26850	8803	9276	8511	7856	9474	6726
AT1G08120	1	3	4	0	0	0
AT1G72010	446	562	415	514	805	500
AT1G16690	197	168	186	229	236	220
AT1G01380	282	330	590	69	75	107
AT1G58180	271	237	183	240	277	271
AT1G72790	4118	3609	3813	1865	1467	2478
AT1G33870	1	1	0	20	27	20
AT1G11280	792	908	724	883	1046	792
AT1G31140	5	3	8	2	6	6
AT1G68585	44	85	68	110	139	88
AT1G75720	101	131	121	109	131	121
AT1G77920	247	270	335	166	285	376
AT1G73010	2705	3149	2713	1531	1215	720
AT1G72460	0	0	0	0	0	0
AT1G55917	2	0	0	0	2	2
AT1G50820	0	0	0	0	0	0
AT1G22030	74	66	50	163	377	79
AT1G12580	2009	2143	2433	1546	1621	1834
AT1G17990	4	2	1	3	0	0
AT1G16916	207	122	132	147	173	160
AT1G56130	106	94	72	126	127	179
AT1G19490	88	74	68	86	128	72
AT1G30520	45	32	26	58	61	53
AT1G19980	117	105	89	111	164	85
AT1G75945	15	20	0	0	0	0
AT1G53060	50	31	27	89	108	30
AT1G13080	94	81	36	216	253	82
AT1G54215	3	2	1	4	2	0
AT1G67325	715	567	549	764	806	690
AT1G59830	1217	1061	1019	1043	1214	1110
AT1G15825	3	4	2	8	9	4
AT1G28327	1	0	0	0	0	0
AT1G68220	661	777	753	577	824	629
AT1G19350	870	1023	863	1226	1595	868
AT1G76420	2	0	0	0	2	0
AT1G53460	248	181	217	244	248	174
AT1G56610	155	152	136	191	206	191
AT1G72810	283	340	271	487	691	366
AT1G23090	159	71	116	39	29	62
AT1G15020	572	532	494	569	695	566
AT1G17870	113	88	74	93	117	77
AT1G29390	297	340	341	211	200	168
AT1G70750	1210	1211	1730	744	911	967
AT1G79310	4983	5189	5515	2559	1915	3188
AT1G15320	11	4	7	2	5	9
AT1G63660	1297	1044	1009	1568	1577	1396
AT1G70209	0	0	0	0	0	0
AT1G59750	1715	2141	2202	1869	2227	1782
AT1G08580	720	497	452	663	738	583
AT1G13607	0	0	0	0	0	0
AT1G07390	26	17	29	34	43	30
AT1G44085	0	0	0	0	0	0
AT1G11630	142	154	152	125	190	112
AT1G02230	13	11	15	47	74	57
AT1G13280	1700	1381	1426	1203	1543	1116
AT1G58190	104	83	52	97	101	121
AT1G09860	17	6	6	7	12	6
AT1G61093	0	1	0	0	0	2
AT1G12300	101	68	52	89	108	90
AT1G11480	2499	2034	2186	2390	2688	2318
AT1G26750	713	582	564	643	707	529
AT1G52650	2	6	4	9	9	8
AT1G07901	0	0	0	0	0	0
AT1G52040	4	32	4	11	9	1
AT1G23870	1984	1383	968	2487	3388	2806
AT1G27580	0	4	1	0	3	0
AT1G11785	1	0	0	0	0	0
AT1G34380	46	39	34	53	51	34
AT1G17470	1914	1717	1573	1839	2144	1840
AT1G29810	160	142	153	152	206	164
AT1G79620	828	1124	1036	783	978	722
AT1G34770	161	105	112	136	183	132
AT1G30795	0	0	0	0	0	0
AT1G23530	263	308	299	256	311	306
AT1G62600	431	360	329	378	424	348
AT1G14630	40	71	53	155	400	47
AT1G29250	1359	782	849	1052	1140	789
AT1G04170	3039	2515	2262	2840	3131	2321
AT1G29070	303	210	170	296	286	236
AT1G19170	524	583	537	449	567	442
AT1G77610	1100	985	902	852	1090	795
AT1G05035	0	0	0	0	0	0
AT1G31520	0	0	0	0	0	0
AT1G55670	94	52	10	48	236	2
AT1G60250	0	0	0	0	0	0
AT1G48140	375	315	301	299	355	307
AT1G79830	4310	4350	4248	4300	4735	4207
AT1G05230	9	14	12	16	11	16
AT1G34315	169	124	147	240	213	185
AT1G79020	434	372	352	421	449	427
AT1G77590	1609	1775	1781	1609	1780	1344
AT1G03910	1768	1604	1603	1719	2047	1787
AT1G09380	5	18	11	15	18	6
AT1G80310	332	300	374	322	360	354
AT1G66550	0	0	2	0	0	0
AT1G68430	68	75	74	111	149	86
AT1G50870	0	0	0	0	0	0
AT1G76730	32	33	13	38	46	33
AT1G03970	1057	907	937	776	950	738
AT1G21090	1129	1258	1129	1078	967	1168
AT1G44780	248	216	216	244	321	225
AT1G60880	0	0	0	0	0	0
AT1G06160	31	45	37	95	144	65
AT1G20530	18	18	14	17	16	23
AT1G16710	1243	1492	1525	1355	1628	1358
AT1G07590	3507	2744	2511	5015	5315	4395
AT1G32080	0	0	0	0	1	0
AT1G21100	1096	1219	772	1779	1755	2989
AT1G73150	295	330	336	292	291	342
AT1G07010	10	4	3	1	20	0
AT1G61566	0	0	0	0	1	0
AT1G65541	0	0	1	1	0	0
AT1G70830	205	1188	547	988	853	222
AT1G52920	26	25	19	29	24	17
AT1G24405	39	46	63	27	59	45
AT1G71740	195	112	99	103	135	165
AT1G08613	0	0	0	0	0	0
AT1G07447	0	0	0	0	0	0
AT1G04943	0	0	0	0	0	0
AT1G06373	0	0	0	0	0	0
AT1G09597	0	0	0	0	0	0
AT1G07317	0	0	0	0	0	0
AT1G06443	0	0	0	0	0	0
AT1G06427	0	0	0	0	0	0
AT1G05117	0	0	0	0	0	0
AT1G04967	0	0	0	0	0	0
AT1G04137	0	0	0	0	0	0
AT1G09503	0	0	0	0	0	0
AT1G07597	0	0	0	0	0	0
AT1G07617	0	0	0	0	0	0
AT1G08393	2	0	0	0	3	2
AT1G08553	0	0	0	0	0	0
AT1G08977	0	0	0	0	0	0
AT1G09767	0	0	0	0	0	0
AT1G06603	0	0	0	0	0	0
AT1G07723	0	0	0	0	0	0
AT1G08587	0	0	0	0	0	0
AT1G07793	0	0	0	0	0	1
AT1G07133	0	0	0	0	0	0
AT1G06123	0	0	0	0	0	0
AT1G08007	0	0	0	0	0	0
AT1G07337	0	0	0	0	0	0
AT1G09013	0	0	0	0	0	0
AT1G08703	2	0	0	0	0	0
AT1G08403	0	2	2	0	0	0
AT1G05177	0	1	0	0	0	0
AT1G05413	0	0	0	0	0	0
AT1G06023	0	0	0	0	0	0
AT1G09343	0	0	0	0	0	0
AT1G05793	0	0	0	0	0	0
AT1G09123	0	0	0	0	0	0
AT1G07417	1	1	1	0	2	0
AT1G07383	0	0	0	0	0	0
AT1G07353	0	1	0	0	2	0
AT1G05597	0	0	0	0	0	0
AT1G06133	0	0	0	0	0	0
AT1G07787	0	0	0	0	0	0
AT1G09117	0	0	0	0	0	0
AT1G04313	0	0	0	0	0	0
AT1G06413	0	0	0	0	0	0
AT1G04377	0	0	0	0	0	0
AT1G09807	0	0	0	0	0	0
AT1G06567	0	0	0	0	0	0
AT1G07167	0	2	1	0	1	0
AT1G05567	0	0	0	0	0	0
AT1G06347	0	0	0	0	0	0
AT1G05003	0	0	0	0	0	0
AT1G05713	0	0	0	0	0	0
AT1G05103	0	0	0	0	0	1
AT1G05903	0	0	0	0	0	0
AT1G06687	0	0	0	0	0	0
AT1G09953	0	0	0	0	0	0
AT1G07763	0	0	1	0	1	0
AT1G08677	0	0	0	0	0	0
AT1G08697	36	30	17	29	64	45
AT1G06507	0	0	0	0	0	0
AT1G04133	0	0	0	0	2	0
AT1G06513	0	0	0	0	0	0
AT1G08913	0	0	0	0	0	0
AT1G07533	0	0	0	0	0	0
AT1G09307	0	0	0	0	0	0
AT1G08147	0	0	0	0	0	0
AT1G07437	3	5	2	3	14	2
AT1G09263	0	0	0	0	0	0
AT1G04397	0	0	0	2	0	0
AT1G08433	3	0	1	1	1	1
AT1G07873	0	0	0	0	0	0
AT1G06747	0	0	0	0	0	0
AT1G06007	0	0	0	0	0	0
AT1G06127	0	0	0	0	0	0
AT1G04323	0	0	0	0	0	0
AT1G06363	0	0	0	0	0	0
AT1G04493	0	0	0	0	0	0
AT1G09317	0	0	0	0	0	0
AT1G06307	0	0	0	0	0	0
AT1G08033	0	0	0	0	0	0
AT1G04403	1	0	0	0	0	0
AT1G09357	0	1	0	0	0	1
AT1G07503	0	0	0	1	0	0
AT1G05693	0	0	0	0	0	0
AT1G06117	1	0	1	0	0	0
AT1G07247	0	0	0	0	0	0
AT1G06097	0	0	0	0	0	0
AT1G07397	0	0	0	0	0	0
AT1G09937	0	0	0	0	0	0
AT1G07367	0	0	0	0	1	0
AT1G05497	0	0	0	0	0	0
AT1G09703	0	0	0	0	0	0
AT1G09407	0	0	0	3	0	0
AT1G07027	1	0	0	1	0	0
AT1G09103	0	0	0	0	0	0
AT1G08153	0	0	0	0	0	0
AT1G04717	0	0	0	0	0	0
AT1G07237	0	0	0	0	0	0
AT1G09113	0	0	0	0	0	0
AT1G07343	0	0	0	0	0	0
AT1G09427	2	1	3	3	2	0
AT1G06947	0	0	0	0	0	0
AT1G04667	0	0	0	0	0	0
AT1G08103	0	0	0	0	0	0
AT1G04257	0	0	0	0	0	0
AT1G08897	0	0	0	0	0	0
AT1G04863	0	0	0	0	0	0
AT1G05823	0	0	0	0	0	0
AT1G07527	0	0	0	0	0	0
AT1G05633	0	0	0	0	0	0
AT1G08653	0	0	0	0	0	0
AT1G08717	0	0	0	0	0	0
AT1G09607	0	0	0	0	0	0
AT1G04557	0	0	0	0	0	0
AT1G09477	0	0	0	0	0	0
AT1G06377	0	0	0	0	1	0
AT1G08817	0	0	0	0	0	0
AT1G07163	0	0	0	0	0	0
AT1G08277	0	0	0	0	0	0
AT1G06827	0	0	0	0	0	0
AT1G06187	0	0	0	0	0	0
AT1G06683	0	0	0	0	0	0
AT1G08397	0	0	0	0	0	0
AT1G04983	0	0	0	0	0	0
AT1G04337	0	0	0	0	0	0
AT1G07267	0	0	0	0	0	0
AT1G05233	0	0	0	0	0	0
AT1G06743	0	0	0	0	0	0
AT1G06057	0	0	0	0	0	0
AT1G05803	0	0	0	0	0	0
AT1G08247	0	0	0	0	0	0
AT1G08763	2	15	7	4	2	12
AT1G09773	3	2	2	2	3	1
AT1G07413	1	2	2	1	0	3
AT1G09047	0	0	0	0	0	0
AT1G08883	0	0	0	0	0	0
AT1G08907	0	0	0	0	0	0
AT1G06313	3	0	1	1	0	1
AT1G05443	0	0	0	0	0	0
AT1G09337	0	0	0	0	0	0
AT1G06613	0	0	0	0	0	0
AT1G09833	0	0	0	0	0	0
AT1G05303	0	0	0	0	0	0
AT1G09197	0	0	0	0	0	0
AT1G08063	0	0	0	0	0	0
AT1G07373	0	0	0	0	0	0
AT1G09303	0	0	0	0	0	0
AT1G08623	0	0	0	0	0	0
AT1G08833	2	3	5	1	0	0
AT1G05937	0	2	0	1	1	0
AT1G09373	0	0	0	0	0	0
AT1G05027	0	0	0	1	0	0
AT1G04287	0	0	0	0	0	0
AT1G05067	0	0	0	1	0	0
AT1G09173	0	0	0	0	0	0
AT1G05313	0	0	0	0	0	0
AT1G06317	0	0	1	0	0	0
AT1G09127	0	0	0	0	0	0
AT1G05607	0	0	0	0	0	0
AT1G08923	0	0	0	0	0	0
AT1G05173	0	0	0	0	0	0
AT1G07177	0	0	0	0	0	0
AT1G04293	0	0	0	0	0	0
AT1G06103	0	0	0	0	0	0
AT1G09633	0	0	0	0	0	0
AT1G04653	0	0	0	0	0	0
AT1G05647	0	0	0	0	0	0
AT1G07917	0	0	0	0	0	0
AT1G05013	0	0	0	0	0	0
AT1G08027	0	0	0	0	0	0
AT1G06417	0	0	0	0	0	0
AT1G06403	0	0	0	0	0	0
AT1G04593	0	0	0	0	0	0
AT1G09283	0	0	0	0	0	0
AT1G07767	0	0	0	0	0	0
AT1G04787	0	0	0	0	0	0
AT1G09957	0	0	0	0	0	0
AT1G08227	0	0	0	0	0	1
AT1G05093	0	0	0	0	0	0
AT1G09723	0	0	0	0	0	0
AT1G06203	0	0	0	0	0	0
AT1G09293	0	0	0	0	0	0
AT1G06943	0	0	0	0	0	0
AT1G04253	0	0	0	0	0	0
AT1G04793	0	0	0	0	0	0
AT1G05913	0	0	0	0	0	0
AT1G06967	0	0	0	0	0	0
AT1G07287	0	0	0	0	0	0
AT1G09273	0	0	0	0	0	0
AT1G09563	0	0	0	0	0	0
AT1G04657	0	0	0	0	0	0
AT1G05827	0	0	0	0	0	0
AT1G06433	0	0	0	0	0	0
AT1G06533	0	0	0	0	0	0
AT1G06473	9	9	10	18	26	13
AT1G07627	0	0	0	0	0	0
AT1G05543	0	0	0	0	0	0
AT1G08523	0	0	0	0	0	0
AT1G08383	0	0	0	0	0	0
AT1G06557	0	0	0	0	0	0
AT1G05237	0	0	0	0	0	0
AT1G06693	0	0	0	0	0	0
AT1G06013	0	0	0	0	0	0
AT1G05613	1	2	0	0	0	0
AT1G04987	0	0	0	0	0	0
AT1G05517	0	0	1	0	2	0
AT1G07497	0	0	0	0	0	0
AT1G07927	0	0	0	0	0	0
AT1G06407	0	0	0	0	0	0
AT1G06593	6	6	9	19	24	4
AT1G07907	0	0	0	0	0	0
AT1G09737	0	0	0	0	0	0
AT1G08903	0	0	1	0	0	0
AT1G08637	0	0	0	1	0	0
AT1G07347	0	0	0	0	0	0
AT1G06957	0	0	0	0	0	0
AT1G05447	0	1	0	0	0	0
AT1G04687	0	0	0	0	0	0
AT1G04847	0	0	0	0	0	0
AT1G07523	0	0	0	0	0	0
AT1G07923	0	0	0	0	0	0
AT1G07433	0	0	0	0	0	0
AT1G08497	0	0	0	0	0	0
AT1G07777	0	0	0	0	0	0
AT1G05377	0	0	0	0	0	0
AT1G06197	5	1	0	2	0	3
AT1G08357	0	0	0	0	0	0
AT1G04203	0	0	0	0	0	0
AT1G04703	0	0	0	1	1	0
AT1G04063	0	0	0	0	0	0
AT1G08223	0	0	0	0	0	0
AT1G04747	0	0	0	0	0	0
AT1G06733	0	0	0	0	0	0
AT1G06173	0	0	0	0	0	0
AT1G08217	10	12	6	9	5	8
AT1G08627	0	0	0	0	0	0
AT1G07467	0	0	0	0	0	0
AT1G09033	2	0	0	0	0	0
AT1G05153	31	14	19	18	25	28
AT1G09667	0	0	0	0	0	0
AT1G05477	0	0	0	0	0	0
AT1G05643	0	0	0	0	0	0
AT1G06853	0	0	0	0	0	0
AT1G09653	0	0	0	0	0	0
AT1G04497	0	0	0	0	0	0
AT1G04037	0	0	0	0	0	0
AT1G08313	0	0	0	0	0	0
AT1G06353	0	0	0	0	0	0
AT1G09423	0	0	1	0	1	0
AT1G05863	0	0	0	0	0	0
AT1G08663	0	0	0	0	0	0
AT1G07123	0	0	0	0	0	0
AT1G09763	0	0	0	0	0	0
AT1G06357	0	0	0	0	0	0
AT1G06157	0	0	0	0	0	0
AT1G08057	0	0	0	0	0	0
AT1G08013	0	0	0	0	0	0
AT1G06487	0	0	1	0	1	0
AT1G05527	0	0	0	0	0	0
AT1G05373	1	0	0	0	0	0
AT1G05127	0	0	0	0	2	0
AT1G07463	0	0	0	0	0	0
AT1G04177	0	0	0	0	0	0
AT1G06837	0	0	0	0	0	0
AT1G09797	20	14	11	23	11	23
AT1G04093	0	0	0	0	0	0
AT1G09577	0	0	0	0	1	0
AT1G04143	0	0	0	0	0	0
AT1G28715	91	79	79	87	92	74
AT1G09603	0	0	0	0	0	0
AT1G07407	33	30	19	158	190	112
AT1G04333	0	0	0	0	0	0
AT1G04763	1	0	1	1	0	0
AT1G04033	1	0	2	3	0	1
AT1G05217	1	1	0	0	0	0
AT1G05097	0	0	0	0	0	0
AT1G05407	0	0	0	0	0	0
AT1G04327	0	0	0	0	0	0
AT1G06437	0	0	0	0	0	0
AT1G09613	0	0	0	0	0	0
AT1G09177	0	0	0	0	0	0
AT1G04783	0	1	0	0	1	1
AT1G06663	0	0	0	0	0	0
AT1G04963	0	0	0	0	0	0
AT1G07233	0	0	0	0	0	0
AT1G07023	0	0	0	0	0	0
AT1G06343	0	0	0	0	0	0
AT1G09353	0	0	0	0	0	0
AT1G06147	0	0	0	0	0	0
AT1G06113	3	0	1	8	11	1
AT1G06867	0	0	0	0	0	0
AT1G08017	0	0	0	0	0	0
AT1G06953	0	0	0	0	0	0
AT1G06963	1	7	0	2	9	0
AT1G05323	0	0	0	0	0	0
AT1G06617	0	0	0	0	0	0
AT1G06393	0	0	0	0	0	0
AT1G09107	0	0	0	0	0	0
AT1G08457	1	0	0	4	1	0
AT1G08377	0	0	0	0	0	0
AT1G08453	0	0	0	0	0	0
AT1G06447	0	0	0	0	0	0
AT1G05887	0	0	0	0	0	0
AT1G06783	0	0	0	0	0	0
AT1G05797	0	1	0	0	0	0
AT1G04407	0	0	0	0	0	0
AT1G09217	0	0	0	0	0	0
AT1G07483	0	0	0	0	0	0
AT1G06927	0	0	0	0	0	0
AT1G06543	0	0	0	0	0	0
AT1G04363	0	0	0	2	1	1
AT1G06657	0	0	0	0	0	0
AT1G09057	0	0	0	0	0	0
AT1G06817	0	0	0	0	0	0
AT1G07333	0	0	0	0	0	0
AT1G06883	0	0	1	0	0	0
AT1G08743	0	0	1	0	0	0
AT1G04207	0	0	0	0	0	0
AT1G08213	20	16	22	16	22	25
AT1G05493	0	0	0	0	0	0
AT1G07493	0	0	0	0	0	0
AT1G08207	0	0	0	0	0	0
AT1G05227	0	0	0	1	0	0
AT1G07913	0	0	0	0	0	0
AT1G07553	0	0	1	1	0	0
AT1G04367	0	0	0	0	0	0
AT1G05847	0	0	0	0	0	0
AT1G05953	0	0	0	0	0	0
AT1G07773	0	0	0	0	0	0
AT1G05223	0	0	0	0	0	0
AT1G04813	0	0	0	0	0	0
AT1G05133	0	0	0	0	0	0
AT1G06333	0	0	0	0	0	0
AT1G05473	0	0	0	0	0	0
AT1G09847	0	0	0	0	0	0
AT1G09973	0	0	0	1	2	0
AT1G07657	0	0	0	0	0	0
AT1G04447	0	0	0	0	0	0
AT1G05587	0	0	0	0	0	0
AT1G05307	0	0	0	0	0	0
AT1G05107	0	0	0	0	0	0
AT1G08257	0	0	0	0	0	0
AT1G07623	0	0	0	0	0	0
AT1G05947	0	0	0	1	0	0
AT1G07017	0	0	0	0	0	0
AT1G09507	0	0	0	0	0	0
AT1G07833	0	0	0	0	0	0
AT1G07003	0	0	0	0	0	0
AT1G05807	0	0	0	0	0	0
AT1G07863	0	0	0	0	0	0
AT1G04753	0	0	0	0	0	0
AT1G06177	10	5	6	6	12	6
AT1G07197	0	0	0	0	0	0
AT1G06383	0	0	0	0	0	0
AT1G09547	0	0	0	0	0	0
AT1G06047	1	0	0	0	0	0
AT1G09187	0	0	0	0	0	0
AT1G09803	1	0	0	0	0	0
AT1G05857	0	0	0	0	0	0
AT1G04427	0	0	0	0	0	0
AT1G06823	0	0	0	0	0	0
AT1G04127	0	0	0	0	3	0
AT1G06633	0	0	0	0	1	0
AT1G04693	0	0	0	0	0	0
AT1G08283	64	116	97	65	113	56
AT1G09793	0	0	0	0	0	0
AT1G06497	0	1	0	0	0	0
AT1G04453	0	1	0	1	0	0
AT1G06043	0	0	0	0	0	0
AT1G05623	0	0	0	0	0	0
AT1G09097	0	0	0	0	0	0
AT1G06297	0	0	0	0	0	0
AT1G05663	0	0	0	0	1	0
AT1G08237	0	0	0	0	0	0
AT1G07947	0	0	0	0	0	0
AT1G04807	0	0	0	0	0	0
AT1G06987	0	2	0	0	0	2
AT1G08193	0	0	0	0	1	0
AT1G05197	0	0	0	0	0	0
AT1G08507	60	37	32	32	42	45
AT1G04603	0	0	0	0	0	0
AT1G06093	0	0	0	0	0	0
AT1G06697	0	0	0	0	0	0
AT1G09857	0	0	0	0	0	0
AT1G07857	0	0	0	0	0	0
AT1G09063	0	0	0	0	0	0
AT1G08673	0	0	0	0	0	0
AT1G04873	0	0	2	0	0	3
AT1G06627	0	0	0	0	0	0
AT1G06777	0	0	0	0	0	0
AT1G06327	0	0	0	0	0	0
AT1G05843	0	1	0	0	0	0
AT1G07187	0	0	0	0	0	0
AT1G05537	0	0	0	0	0	0
AT1G08967	2	0	0	1	1	0
AT1G04997	0	0	0	0	0	0
AT1G09153	0	0	0	0	0	0
AT1G07783	0	0	0	0	0	0
AT1G08603	0	0	0	0	0	0
AT1G08843	0	0	0	0	0	0
AT1G08097	0	0	0	0	0	0
AT1G07193	0	0	0	0	0	0
AT1G08297	0	0	0	0	0	0
AT1G04167	0	0	0	0	0	0
AT1G08893	0	0	0	0	0	0
AT1G07453	0	0	0	0	0	0
AT1G07837	0	0	0	0	0	0
AT1G08487	2	0	0	0	2	0
AT1G07673	0	0	0	0	0	0
AT1G09747	0	0	0	0	0	0
AT1G03987	0	0	0	0	0	0
AT1G09967	0	1	2	0	2	0
AT1G05533	1	0	0	0	0	0
AT1G09147	0	0	0	0	0	0
AT1G06537	11	9	5	6	11	1
AT1G05747	33	23	27	17	22	34
AT1G05603	0	0	0	0	0	0
AT1G06757	0	0	0	0	0	0
AT1G07183	0	0	0	0	0	0
AT1G08807	0	0	0	0	0	0
AT1G09683	0	0	0	0	0	0
AT1G07323	1	0	0	3	1	0
AT1G06493	0	0	0	0	1	0
AT1G09693	0	0	0	0	0	0
AT1G05653	0	0	0	0	0	0
AT1G49938	5	21	11	10	16	17
AT1G09647	0	0	0	0	0	0
AT1G08573	0	0	0	0	0	0
AT1G06907	0	0	0	0	0	0
AT1G07683	9	4	5	4	2	5
AT1G08583	0	0	0	0	0	0
AT1G05707	0	0	0	0	0	0
AT1G07457	2	3	0	0	2	0
AT1G07303	0	0	0	0	0	0
AT1G06293	0	0	0	0	0	0
AT1G07717	0	0	0	0	0	0
AT1G05583	0	0	0	0	0	0
AT1G08863	0	0	0	0	0	0
AT1G05357	0	0	0	0	0	0
AT1G06917	0	0	0	1	0	0
AT1G04573	0	0	0	0	0	0
AT1G08877	0	0	0	0	0	0
AT1G06723	0	0	0	0	0	0
AT1G04373	0	0	0	0	0	0
AT1G09733	0	0	0	0	0	0
AT1G06577	0	0	0	0	0	0
AT1G04597	0	0	0	0	0	0
AT1G06067	0	0	0	0	0	0
AT1G05113	0	0	0	0	0	1
AT1G06637	0	0	0	0	0	0
AT1G06387	0	0	0	0	0	0
AT1G04173	0	0	0	0	0	0
AT1G07313	7	11	6	4	14	13
AT1G08953	0	0	0	0	0	0
AT1G08503	0	0	0	0	0	0
AT1G04957	0	0	0	0	0	0
AT1G08183	0	0	0	0	0	0
AT1G08993	0	0	0	0	0	0
AT1G08887	0	0	0	0	0	0
AT1G06897	0	0	0	0	0	0
AT1G09813	0	0	0	0	0	0
AT1G09743	0	0	0	0	0	0
AT1G08093	0	0	0	0	1	0
AT1G09887	0	0	0	0	0	0
AT1G08127	0	0	0	0	0	0
AT1G04937	0	0	0	0	0	0
AT1G08133	0	0	0	0	0	0
AT1G07117	0	0	0	0	0	0
AT1G08447	0	0	0	0	0	0
AT1G04877	0	0	0	0	0	0
AT1G06287	0	0	0	0	0	0
AT1G05967	0	0	0	0	0	0
AT1G04623	0	0	0	0	0	0
AT1G06707	0	0	0	0	0	0
AT1G09417	0	0	0	0	0	0
AT1G09207	0	0	0	0	0	0
AT1G08777	0	0	0	0	0	0
AT1G08177	0	0	0	0	0	0
AT1G09037	1	0	0	0	0	0
AT1G07147	0	0	0	0	0	0
AT1G04023	0	0	0	0	0	0
AT1G08443	1	1	3	0	2	2
AT1G07263	0	0	0	0	0	0
AT1G07127	0	0	0	0	0	0
AT1G09067	0	0	0	0	0	0
AT1G04713	0	1	0	0	0	0
AT1G06737	2	5	5	4	11	4
AT1G06483	1	0	0	0	0	1
AT1G04523	0	0	0	0	0	0
AT1G09573	11	12	4	10	11	11
AT1G06037	0	0	0	0	0	0
AT1G06027	0	0	0	0	1	0
AT1G08607	0	1	1	1	0	0
AT1G06933	0	0	0	0	0	0
AT1G07557	0	0	0	0	0	0
AT1G07253	0	0	0	0	0	0
AT1G05737	0	0	0	0	0	0
AT1G07707	13	11	10	9	22	5
AT1G07973	0	0	0	0	0	0
AT1G08473	0	0	0	0	0	0
AT1G05943	0	0	0	0	0	0
AT1G09077	0	0	0	0	0	0
AT1G05263	0	0	0	0	0	0
AT1G09697	0	1	0	0	0	0
AT1G07423	0	0	0	0	0	0
AT1G09387	0	0	0	0	0	0
AT1G04677	1	1	0	1	1	0
AT1G09393	0	0	0	0	0	0
AT1G06583	0	0	0	0	0	0
AT1G06063	0	0	0	0	0	0
AT1G06913	0	0	0	0	0	0
AT1G04017	0	0	0	0	0	0
AT1G07937	41	31	22	30	28	35
AT1G06163	0	0	0	0	0	0
AT1G08077	0	0	0	0	0	0
AT1G06857	0	0	0	0	0	0
AT1G09133	0	1	0	0	0	0
AT1G09717	0	0	0	0	0	0
AT1G04383	0	0	0	0	0	0
AT1G06527	0	0	0	0	0	1
AT1G08363	0	0	0	0	0	0
AT1G06997	0	0	0	0	0	0
AT1G05553	0	0	0	0	0	0
AT1G05387	0	6	1	2	2	0
AT1G08767	1	0	0	1	0	0
AT1G06303	0	0	0	0	0	1
AT1G09587	0	0	0	0	0	0
AT1G08023	0	0	0	0	0	0
AT1G05397	9	4	3	9	23	17
AT1G05983	0	0	0	0	0	0
AT1G09397	0	0	0	0	0	0
AT1G05283	0	0	0	0	0	0
AT1G05593	0	0	0	0	0	0
AT1G06607	0	0	0	0	0	0
AT1G09567	0	0	0	0	0	0
AT1G09377	0	0	0	0	0	0
AT1G08867	0	0	0	0	0	0
AT1G07843	0	0	0	0	0	0
AT1G08683	0	0	0	0	0	0
AT1G08413	0	0	0	0	0	0
AT1G05817	0	0	0	0	0	0
AT1G09493	0	0	0	0	0	0
AT1G06937	0	0	0	0	0	0
AT1G09997	0	0	0	0	0	0
AT1G04087	0	0	0	0	0	0
AT1G05683	0	0	0	0	0	0
AT1G05483	0	0	0	0	0	0
AT1G06713	0	0	0	0	0	0
AT1G08463	0	0	0	0	0	0
AT1G07143	26	51	33	38	68	10
AT1G04857	0	0	0	0	0	0
AT1G07007	0	0	0	0	0	0
AT1G05073	0	0	0	0	0	0
AT1G06983	27	21	22	14	13	31
AT1G08787	0	0	0	0	0	0
AT1G07157	0	0	0	0	0	0
AT1G04923	0	0	0	0	0	1
AT1G08173	26	26	36	11	21	20
AT1G04243	0	0	0	0	0	0
AT1G07173	0	0	0	0	0	0
AT1G05617	0	0	0	0	0	0
AT1G09007	0	0	0	0	0	0
AT1G06727	0	0	0	0	0	0
AT1G09323	0	0	0	0	0	0
AT1G06587	11	27	15	19	17	16
AT1G05897	0	0	0	0	0	0
AT1G05193	0	0	0	0	0	0
AT1G08983	0	0	0	0	0	0
AT1G09227	0	0	0	0	0	0
AT1G05893	0	0	0	0	0	0
AT1G09183	0	0	0	0	0	0
AT1G08483	0	0	0	0	0	0
AT1G05507	0	0	0	0	0	0
AT1G09137	0	0	0	0	0	0
AT1G09853	0	0	0	0	0	0
AT1G05963	0	0	0	0	0	0
AT1G09313	0	0	0	0	0	0
AT1G09163	0	0	0	0	0	0
AT1G08143	0	0	0	0	0	0
AT1G09977	0	0	0	0	0	0
AT1G06973	0	0	0	0	0	0
AT1G08517	0	0	0	0	0	0
AT1G09017	0	0	0	0	0	0
AT1G08827	1	1	0	1	0	0
AT1G05667	0	0	0	0	0	0
AT1G04683	0	0	0	0	0	0
AT1G05657	0	0	0	0	0	0
AT1G06773	7	1	2	3	2	2
AT1G08947	0	0	0	0	0	0
AT1G08773	0	0	0	0	0	0
AT1G04947	0	0	0	0	0	0
AT1G08263	0	0	0	0	0	0
AT1G07573	0	0	0	0	0	0
AT1G09497	0	0	0	0	0	0
AT1G04443	0	0	0	0	0	0
AT1G08307	0	0	0	0	0	0
AT1G06993	5	1	0	10	5	7
AT1G06863	1	1	3	3	2	0
AT1G06073	0	0	0	0	0	2
AT1G07013	0	0	0	0	0	0
AT1G04283	0	0	0	0	0	0
AT1G08293	10	13	3	11	7	2
AT1G08847	0	0	0	0	0	0
AT1G08137	0	0	0	0	0	0
AT1G04673	0	0	0	0	0	0
AT1G06517	0	0	0	0	0	0
AT1G04003	0	0	0	0	0	0
AT1G07293	1	0	0	0	0	0
AT1G08997	0	0	0	0	0	0
AT1G05717	0	0	0	0	0	0
AT1G04357	6	1	7	6	4	4
AT1G04563	2	1	2	1	0	1
AT1G07273	0	0	0	0	0	0
AT1G07583	0	0	0	0	0	0
AT1G08927	0	0	0	0	0	0
AT1G06703	0	0	1	0	0	0
AT1G09043	0	0	0	0	0	0
AT1G04307	0	0	0	0	0	0
AT1G04607	4	0	0	0	1	1
AT1G07297	0	0	0	0	0	0
AT1G06053	0	0	0	0	0	0
AT1G08513	0	0	0	0	0	0
AT1G08713	0	0	0	0	0	0
AT1G07277	0	0	0	0	0	0
AT1G05957	0	0	0	0	0	0
AT1G09753	1	2	3	5	6	5
AT1G07327	0	0	0	0	0	0
AT1G08757	0	2	0	0	0	0
AT1G09593	0	0	0	0	0	0
AT1G04387	0	0	0	0	0	0
AT1G08417	0	0	0	0	0	0
AT1G06323	0	0	0	0	0	0
AT1G05053	0	0	0	0	0	0
AT1G08437	7	6	2	0	1	5
AT1G09243	0	0	0	0	0	0
AT1G09983	0	0	0	0	0	0
AT1G05487	0	0	0	0	0	0
AT1G05037	0	0	0	0	0	0
AT1G05987	0	0	0	0	0	0
AT1G05007	0	0	0	0	0	0
AT1G05463	0	0	0	1	0	0
AT1G08747	0	0	0	0	0	0
AT1G05353	0	0	0	0	0	0
AT1G09923	0	0	0	0	0	0
AT1G09903	0	0	1	0	1	2
AT1G05257	0	0	0	0	0	0
AT1G04057	0	0	0	0	0	0
AT1G07963	1	0	0	1	0	0
AT1G68568	2	3	4	3	1	2
AT1G08427	0	0	0	1	0	0
AT1G08547	3	1	2	4	2	1
AT1G09837	0	0	0	0	0	0
AT1G07847	0	0	2	0	0	0
AT1G07757	0	0	0	0	0	0
AT1G07647	12	8	5	2	7	12
AT1G07543	0	0	0	0	0	1
AT1G09843	0	0	0	0	0	0
AT1G05787	0	0	0	0	0	0
AT1G09637	0	0	0	0	0	0
AT1G71528	122	143	112	187	229	136
AT1G05703	0	0	0	0	0	0
AT1G06753	0	0	0	0	0	0
AT1G05367	0	0	0	0	0	0
AT1G07983	1	1	1	0	2	3
AT1G26208	122	128	115	116	117	100
AT1G18735	2	3	0	0	0	0
AT1G04513	45	42	65	40	33	40
AT1G08267	0	0	0	0	0	0
AT1G79529	0	0	0	0	0	0
AT1G04183	364	335	311	555	677	351
AT1G07733	0	0	0	0	0	0
AT1G08803	0	0	0	0	0	0
AT1G05183	26	6	2	18	16	22
AT1G05773	1	0	0	0	1	0
AT1G09223	0	0	0	0	0	0
AT1G08592	118	82	73	123	157	85
AT1G06573	0	3	2	0	3	0
AT1G05207	3	1	3	0	0	3
AT1G67792	420	367	475	384	312	398
AT1G04417	0	0	0	0	0	0
AT1G04853	0	0	0	0	0	0
AT1G07807	0	0	0	0	0	0
AT1G07743	93	113	106	69	52	54
AT1G18415	273	232	231	235	312	161
AT1G06083	0	1	0	1	0	0
AT1G29785	95	105	74	102	122	72
AT1G04537	0	0	0	0	0	0
AT1G04647	17	11	14	10	17	7
AT1G07637	0	0	0	0	0	0
AT1G72855	189	174	173	168	192	167
AT1G06717	0	0	0	0	0	0
AT1G04503	2	7	0	1	3	1
AT1G04833	2	2	1	0	1	1
AT1G09617	2	5	4	2	2	2
AT1G08003	0	0	0	0	0	1
AT1G05687	0	1	0	0	0	0
AT1G05333	3	1	0	1	0	1
AT1G07128	149	181	215	124	118	143
AT1G09453	5	2	5	3	4	4
AT1G04973	1	0	0	0	0	1
AT1G74205	3	3	5	3	7	4
AT1G13448	9	24	9	16	14	11
AT1G05562	17	36	39	76	151	28
AT1G05523	2	1	2	0	0	0
AT1G04437	0	0	0	0	0	0
AT1G09003	0	0	0	0	0	0
AT1G08567	0	0	0	0	0	0
AT1G05297	0	0	1	1	0	0
AT1G07753	1	3	1	1	0	2
AT1G09907	0	0	0	0	0	0
AT1G69572	36	41	36	26	32	42
AT1G74545	45	31	25	36	36	27
AT1G04913	0	0	0	0	0	0
AT1G09257	2	3	0	0	1	1
AT1G07653	0	0	0	0	0	0
AT1G04053	22	19	23	28	24	24
AT1G05267	0	0	0	0	0	0
AT1G60545	275	248	224	186	260	201
AT1G05873	2	6	8	12	23	11
AT1G05557	52	25	32	51	53	41
AT1G04073	0	0	0	0	0	1
AT1G07813	0	0	0	0	0	0
AT1G07697	0	0	0	0	0	0
AT1G05143	0	0	0	0	0	1
AT1G04157	0	0	0	0	0	0
AT1G05767	1	0	2	0	0	2
AT1G05383	1	0	0	0	0	0
AT1G09167	13	10	7	5	8	17
AT1G09913	16	13	10	8	17	21
AT1G04163	6	0	0	4	10	2
AT1G05927	0	0	0	1	0	1
AT1G04817	0	0	0	0	0	0
AT1G09917	0	0	0	0	0	0
AT1G04893	0	0	0	0	0	0
AT1G07803	0	0	0	0	0	0
AT1G04643	1	0	2	0	1	2
AT1G07603	0	1	0	0	1	0
AT1G05363	0	0	0	0	0	0
AT1G07887	0	0	0	0	0	0
AT1G04007	0	0	0	0	0	0
AT1G07119	26	18	35	36	30	23
AT1G71828	0	2	0	0	0	0
AT1G09367	0	0	0	0	0	0
AT1G05253	0	0	0	0	0	0
AT1G07513	7	2	5	4	8	5
AT1G06207	0	0	0	0	0	0
AT1G08857	48	38	23	47	52	40
AT1G05833	0	1	0	0	2	2
AT1G28685	144	128	88	129	99	101
AT1G08973	75	70	70	67	60	64
AT1G05977	2	1	0	1	0	2
AT1G09437	1	0	0	0	0	2
AT1G08563	0	0	0	0	0	0
AT1G08477	0	2	0	0	1	1
AT1G04117	0	0	1	1	0	0
AT1G05023	0	0	0	0	0	0
AT1G05123	0	0	0	0	0	0
AT1G07943	9	9	14	20	15	13
AT1G05347	1	5	1	2	2	2
AT1G04587	2	0	0	0	0	0
AT1G04247	13	8	5	6	11	15
AT1G09443	10	8	13	3	5	4
AT1G09827	0	0	0	0	0	0
AT1G07993	0	0	0	0	0	0
AT1G04803	0	0	0	0	0	0
AT1G09193	2	8	2	9	2	4
AT1G30282	2	4	1	0	3	1
AT1G08707	1	1	0	0	0	0
AT1G04483	3	0	1	0	1	0
AT1G06257	0	0	0	0	0	1
AT1G31485	47	65	52	50	36	56
AT1G04477	0	0	0	0	0	0
AT1G20691	103	85	60	105	135	126
AT1G53801	0	2	0	0	0	1
AT1G06213	4	0	0	0	1	1
AT1G04123	5	3	4	3	4	3
AT1G09823	1	0	1	0	0	0
AT1G08577	1	1	0	0	0	0
AT1G04295	13	22	13	18	30	15
AT1G67365	52	43	66	44	60	45
AT1G80325	102	106	108	139	150	90
AT1G09457	1	1	0	1	0	0
AT1G06003	0	0	0	0	0	0
AT1G09433	0	0	2	0	0	0
AT1G04297	0	0	0	0	0	0
AT1G09527	0	1	2	0	0	4
AT1G07517	0	0	0	2	2	0
AT1G07967	0	0	0	0	0	0
AT1G08387	0	1	0	0	0	0
AT1G05163	0	0	0	0	0	0
AT1G04837	5	16	8	15	20	14
AT1G06787	0	0	0	0	0	0
AT1G05337	0	0	0	0	0	0
AT1G56242	1	3	3	2	3	2
AT1G07893	14	11	6	15	7	17
AT1G09777	1	0	0	0	0	0
AT1G44125	232	261	207	225	237	238
AT1G09421	7	12	12	4	10	6
AT1G05727	0	0	0	0	0	0
AT1G04047	0	2	3	3	4	7
AT1G08323	3	0	0	0	0	0
AT1G06017	0	0	0	0	0	0
AT1G05837	10	6	8	5	10	15
AT1G05757	0	0	0	0	0	0
AT1G75891	1	0	1	0	1	2
AT1G05867	0	0	0	0	0	0
AT1G08963	0	0	0	0	0	0
AT1G09513	0	0	0	1	0	0
AT1G04487	0	1	1	0	0	0
AT1G05203	0	0	0	0	0	1
AT1G09663	0	0	0	0	0	0
AT1G18382	86	93	127	65	87	147
AT1G17232	43	61	62	44	55	38
AT1G04737	0	0	0	0	0	0
AT1G09463	0	0	0	0	0	0
AT1G04353	51	28	30	56	75	67
AT1G04917	1	0	0	0	1	0
AT1G20515	66	93	90	91	58	75
AT1G07563	1	1	0	0	0	0
AT1G05453	0	0	0	1	0	0
AT1G04433	6	1	1	1	0	1
AT1G06423	10	6	7	11	13	5
AT1G05147	9	8	4	9	12	13
AT1G09517	0	0	0	0	0	0
AT1G04467	4	5	2	7	1	3
AT1G17255	91	85	92	105	98	71
AT1G04103	9	15	11	1	4	5
AT1G04083	0	0	0	0	0	0
AT1G04147	0	0	2	0	0	1
AT1G04473	0	0	0	0	0	0
AT1G04413	0	1	1	0	1	0
AT1G04583	6	4	4	2	4	3
AT1G04767	1	5	1	3	9	3
AT1G07703	0	0	0	0	0	0
AT1G78265	180	142	156	150	218	153
AT1G34844	109	116	137	106	138	100
AT1G05317	0	0	0	0	0	1
AT1G05287	0	0	2	0	0	4
AT1G09447	0	0	0	1	1	1
AT1G07987	0	0	0	0	0	0
AT1G05733	1	0	0	0	0	0
AT1G04953	7	1	1	1	1	1
AT1G05047	2	2	2	6	2	6
AT1G06227	0	0	0	0	0	0
AT1G05723	0	0	1	0	0	1
AT1G69587	147	109	96	168	176	100
AT1G08037	3	0	1	0	3	2
AT1G08537	0	0	0	0	0	0
AT1G09927	3	0	0	1	2	0
AT1G05293	0	0	0	0	0	0
AT1G48698	51	31	22	22	23	37
AT1G05327	1	0	0	0	0	0
AT1G76878	19	10	11	15	16	9
AT1G04463	30	17	20	16	14	10
AT1G04233	0	2	3	4	0	3
AT1G09553	0	0	1	1	0	0
AT1G07663	1	1	0	0	0	0
AT1G09673	1	1	1	3	3	2
AT1G09537	0	0	0	0	0	0
AT1G04887	0	2	0	0	0	3
AT1G06977	0	0	0	0	0	0
AT1G09987	1	1	4	1	9	8
AT1G07997	0	0	0	0	0	0
AT1G04507	0	0	0	0	0	0
AT1G76892	0	0	0	0	0	0
AT1G03997	0	0	0	0	0	0
AT1G07728	333	261	227	288	319	231
AT1G05343	0	0	0	0	0	0
AT1G67328	15	7	21	37	41	25
AT1G29357	527	452	531	423	519	448
AT1G04977	1	3	2	2	2	5
AT1G07587	0	0	0	0	0	0
AT1G08797	1	0	0	0	0	0
AT1G05753	93	62	54	45	64	128
AT1G04237	3	5	2	1	2	2
AT1G08727	0	1	0	0	1	0
AT1G07933	0	0	1	0	0	0
AT1G05077	0	0	0	0	0	0
AT1G06337	0	0	0	0	0	0
AT1G75295	206	150	177	220	249	215
AT1G04013	0	0	0	0	0	0
AT1G05213	1	5	3	0	2	0
AT1G07567	0	0	0	0	0	1
AT1G08657	1	0	2	1	1	1
AT1G06217	0	0	0	0	0	1
AT1G07477	0	0	1	0	2	0
AT1G09233	0	0	0	0	0	0
AT1G07877	0	2	2	1	0	0
AT1G04303	0	0	0	0	0	0
AT1G15175	9	4	5	5	13	8
AT1G07667	0	0	0	0	1	0
AT1G08753	1	3	2	5	1	1
AT1G04567	0	0	0	0	0	1
AT1G09053	6	1	6	0	4	6
AT1G05017	0	0	0	0	0	0
AT1G02952	1	2	0	0	2	0
AT1G08543	0	0	0	0	0	1
AT1G08333	0	0	0	0	0	0
AT1G06153	1	2	2	1	2	1
AT1G51645	130	135	146	164	203	142
AT1G05933	0	1	0	0	0	0
AT1G56612	265	211	201	224	221	224
AT1G05277	0	0	0	0	0	0
AT1G48315	64	44	36	74	70	46
AT1G07607	0	0	0	0	0	0
AT1G05973	0	0	0	0	0	0
AT1G09023	23	22	16	25	23	25
AT1G16489	31	15	10	20	22	17
AT1G27921	631	579	613	604	641	571
AT1G54355	0	0	0	0	1	0
AT1G04343	0	0	0	0	0	0
AT1G04773	3	0	0	1	1	0
AT1G05043	0	0	0	0	0	0
AT1G36992	0	0	1	0	0	1
AT1G03545	34	23	19	35	53	30
AT1G09297	4	2	5	4	9	14
AT1G06265	131	99	90	109	116	92
AT1G26218	56	44	58	31	51	40
AT1G08557	0	0	0	0	0	0
AT1G05243	0	0	0	0	0	0
AT1G07737	0	0	0	0	0	0
AT1G05033	0	1	2	0	0	1
AT1G08043	47	55	44	65	70	72
AT1G33415	289	278	261	243	280	333
AT1G09677	0	2	0	1	0	2
AT1G15002	41	40	25	51	59	40
AT1G09627	3	1	2	0	0	3
AT1G08853	0	0	0	0	0	0
AT1G04927	1	0	0	0	0	0
AT1G04697	0	0	0	0	0	0
AT1G04797	0	0	0	0	0	0
AT1G09757	0	0	0	0	1	0
AT1G04067	0	1	2	0	0	0
AT1G04347	0	1	0	0	0	0
AT1G07547	0	0	0	0	0	0
AT1G09713	0	0	0	0	0	0
AT1G09363	1	1	2	0	1	4
AT1G09557	0	0	0	0	0	0
AT1G08047	0	0	0	0	0	0
AT1G56165	11	11	21	22	21	11
AT1G04577	0	0	0	0	0	0
AT1G08533	0	0	0	0	0	0
AT1G53233	1	2	4	1	3	0
AT1G05777	0	0	0	0	0	1
AT1G04933	13	8	4	12	14	4
AT1G05187	20	21	9	19	13	33
AT1G05083	0	2	0	0	0	0
AT1G09383	0	0	0	0	0	0
AT1G08647	0	0	0	0	0	0
AT1G08073	0	1	0	0	0	0
AT1G04723	0	0	0	0	0	0
AT1G04883	0	0	0	0	0	0
AT1G60505	254	215	217	240	369	231
AT1G09993	4	1	3	2	1	0
AT1G72852	34	68	43	31	37	32
AT1G07853	0	0	0	0	0	0
AT1G08733	0	0	0	0	0	0
AT1G77992	0	0	0	3	0	1
AT1G09783	29	8	14	19	13	30
AT1G04043	0	0	2	2	0	1
AT1G09523	1	0	0	0	1	0
AT1G07823	11	9	10	9	7	9
AT1G08723	0	0	0	0	0	0
AT1G09247	1	6	0	5	2	2
AT1G04097	0	0	0	1	0	0
AT1G04153	0	0	0	0	0	0
AT1G25098	0	0	0	0	0	0
AT1G03993	0	1	0	0	2	0
AT1G04823	2	2	1	1	4	2
AT1G60525	153	142	142	197	212	141
AT1G09327	0	2	0	0	1	0
AT1G08273	5	2	8	4	11	3
AT1G05467	2	0	0	3	0	2
AT1G04707	7	4	6	4	1	2
AT1G08633	0	0	0	0	0	0
AT1G04743	11	7	6	10	25	13
AT1G05763	0	0	0	0	0	0
AT1G08667	0	0	0	0	0	1
AT1G09487	31	14	26	19	22	21
AT1G04533	0	0	0	0	0	0
AT1G04077	2	2	1	0	2	4
AT1G09897	1	0	0	0	0	0
AT1G08087	0	1	0	1	0	2
AT1G08317	0	2	0	1	0	0
AT1G09543	0	0	0	0	0	0
AT1G09963	3	2	0	0	0	2
AT1G01448	345	293	325	290	321	345
AT1G06002	296	233	345	166	203	132
AT1G09267	0	0	0	0	0	0
AT1G09253	25	10	10	18	15	9
AT1G09657	0	0	0	0	0	0
AT1G09863	178	140	137	155	161	134
AT1G07693	0	0	0	0	0	2
AT1G09623	6	6	7	6	6	2
AT1G35545	0	0	0	0	0	0
AT1G09287	2	0	0	0	0	0
AT1G04827	0	0	0	0	0	0
AT1G06653	0	0	0	0	0	0
AT1G07867	0	0	0	0	0	0
AT1G06643	0	0	0	0	0	0
AT1G48267	0	0	0	0	0	0
AT1G18075	12	1	10	6	6	8
AT1G08287	3	7	4	5	6	6
AT1G35501	0	0	0	0	0	0
AT1G21202	0	0	0	2	0	0
AT1G60072	0	0	0	0	0	0
AT1G26975	0	0	0	0	0	0
AT1G04423	0	0	1	1	1	0
AT1G20375	0	0	0	0	0	0
AT1G14071	0	2	0	1	1	0
AT1G07727	0	0	0	0	0	0
AT1G01183	0	0	0	0	0	0
AT1G67195	44	28	32	30	34	31
AT1G52185	0	0	0	0	0	0
AT1G08597	0	0	0	0	0	0
AT1G32713	0	0	0	0	0	0
AT1G77235	0	0	0	1	2	0
AT1G19464	1	1	1	2	1	1
AT1G69795	0	0	0	0	0	0
AT1G09817	2	4	3	3	7	3
AT1G06647	0	0	0	0	0	0
AT1G78206	6	2	3	8	7	4
AT1G62355	3	4	0	2	11	1
AT1G70645	0	0	0	1	0	0
AT1G05637	0	0	0	0	0	0
AT1G07243	3	6	3	3	1	0
AT1G08157	0	0	0	0	0	0
AT1G09213	0	0	0	0	0	0
AT1G61732	0	0	0	0	0	0
AT1G32582	0	0	0	0	0	0
AT1G19371	0	0	0	0	0	0
AT1G07137	0	0	0	0	0	0
AT1G04393	3	5	1	3	0	1
AT1G18879	0	0	0	0	0	0
AT1G07051	0	0	0	0	0	0
AT1G78478	0	0	1	0	1	0
AT1G08303	0	0	0	0	0	0
AT1G61224	3	2	5	1	0	3
AT1G60073	0	0	0	0	0	0
AT1G06903	0	0	0	0	0	0
AT1G07633	0	0	0	0	0	0
AT1G11735	1	1	0	0	0	0
AT1G32992	0	0	0	0	0	0
AT1G06597	0	0	0	0	0	0
AT1G07283	0	0	0	0	0	0
AT1G71002	0	0	0	0	0	0
AT1G04027	28	26	20	17	12	23
AT1G04993	0	0	1	0	0	1
AT1G26985	0	0	0	0	0	0
AT1G55591	0	0	0	0	0	0
AT1G66783	0	0	0	0	0	1
AT1G53687	0	0	0	0	2	0
AT1G08783	0	0	0	0	0	0
AT1G08337	0	0	0	0	0	0
AT1G66795	0	0	0	0	0	0
AT1G26973	0	0	0	2	0	0
AT1G67481	0	1	2	0	0	0
AT1G07357	0	0	0	0	0	0
AT1G76062	0	0	0	0	0	0
AT1G01046	5	5	6	8	7	9
AT1G29265	0	0	0	0	0	0
AT1G62035	2	2	2	2	2	0
AT1G08793	0	0	0	0	0	0
AT1G09687	38	24	42	29	30	33
AT1G61226	4	0	7	3	1	1
AT1G08343	0	0	0	0	0	0
AT1G63005	0	0	0	0	0	0
AT1G69792	0	0	0	0	0	0
AT1G31358	0	0	0	0	0	0
AT1G66725	21	19	32	5	7	4
AT1G53683	0	0	0	0	0	0
AT1G09473	0	0	0	0	0	0
AT1G12294	0	0	0	0	0	0
AT1G31173	1	0	0	0	2	0
AT1G69797	0	0	0	0	0	0
AT1G06623	0	0	0	0	0	0
AT1G73687	1	2	5	1	0	0
AT1G08053	0	0	0	0	0	0
AT1G60025	0	0	0	0	0	0
AT1G08163	0	0	0	0	0	0
AT1G07613	0	0	0	0	0	0
AT1G05627	0	0	0	0	0	0
AT1G48742	0	0	0	0	0	0
AT1G06523	0	0	0	0	0	0
AT1G08813	0	0	0	0	0	0
AT1G76135	0	2	2	0	0	0
AT1G03502	0	0	0	0	0	0
AT1G04267	3	3	3	8	11	5
AT1G06033	4	0	0	0	3	0
AT1G06467	0	0	0	0	0	0
AT1G06277	0	0	0	0	0	0
AT1G06237	13	9	1	8	11	3
AT1G06463	6	8	9	9	8	7
AT1G07903	0	0	0	0	0	0
AT1G19376	0	2	0	0	3	0
AT1G08937	3	2	2	2	0	3
AT1G08107	0	0	0	0	0	0
AT1G05563	0	0	0	0	0	0
AT1G06253	0	0	0	0	0	0
AT1G07593	2	0	0	0	0	0
AT1G04227	2	1	2	1	3	3
AT1G06673	0	0	0	0	1	0
AT1G08643	1	4	2	4	6	4
AT1G05247	0	0	0	0	0	0
AT1G09883	0	0	0	0	0	0
AT1G04527	0	0	0	0	1	0
AT1G08327	0	0	0	0	0	0
AT1G04197	5	3	2	2	7	1
AT1G20015	2	0	2	2	3	0
AT1G08353	0	0	0	0	0	0
AT1G32385	4	4	0	1	0	3
AT1G09333	0	0	0	0	0	0
AT1G74453	21	3	5	12	11	7
AT1G04193	1	0	0	0	0	4
AT1G06233	5	3	3	1	2	1
AT1G06453	0	0	0	0	0	0
AT1G26233	1	0	0	0	0	0
AT1G09877	0	0	0	0	0	0
AT1G05917	0	0	0	0	0	0
AT1G07487	0	0	0	0	0	0
AT1G09873	0	0	0	0	0	0
AT1G12015	0	0	0	1	0	1
AT1G05433	0	0	0	0	0	0
AT1G09533	3	2	3	4	2	1
AT1G04273	3	4	2	5	2	2
AT1G08113	0	0	0	0	1	0
AT1G06457	0	1	0	0	0	0
AT1G04547	0	0	0	0	0	0
AT1G04217	7	8	8	7	4	6
AT1G06273	1	0	2	1	4	0
AT1G74456	18	14	12	8	12	2
AT1G75163	1	1	1	4	1	0
AT1G07957	0	0	0	0	1	0
AT1G08117	0	0	0	0	0	0
AT1G05423	0	0	0	0	0	0
AT1G06243	2	1	1	0	0	1
AT1G04213	0	0	0	0	0	0
AT1G75166	6	3	4	4	6	3
AT1G07393	0	0	1	0	1	0
AT1G05417	0	0	0	0	0	0
AT1G06283	0	1	0	0	0	3
AT1G06247	0	0	0	0	0	0
AT1G03743	0	0	0	0	0	0
AT1G07897	1	2	1	4	2	5
AT1G09467	11	3	1	2	9	1
AT1G04277	2	2	4	2	5	2
AT1G04223	2	3	2	1	2	4
AT1G06397	0	0	0	0	0	0
AT1G19373	0	0	0	0	0	0
AT1G06263	0	0	0	0	0	0
AT1G08347	0	0	0	0	0	0
AT1G04187	4	1	3	2	2	0
AT1G03506	3	2	0	0	3	1
AT1G06667	0	2	1	5	1	1
AT1G03746	0	0	0	0	0	0
AT1G05427	0	0	0	0	0	0
AT1G08123	0	0	0	0	0	0
AT1G06087	0	1	1	0	0	0
AT1G07702	0	0	0	0	0	0
AT1G05997	0	0	0	0	0	0
AT1G03935	6	6	4	1	5	7
AT1G09027	130	96	82	109	114	122
AT1G04517	1	2	0	1	0	0
AT1G09867	1	1	1	4	0	0
AT1G06267	3	0	0	0	1	0
AT1G05993	2	0	0	0	0	0
AT1G12013	9	5	9	8	6	11
AT1G05137	0	0	0	0	0	0
AT1G29071	2	0	1	2	2	1
AT1G06547	10	3	3	2	5	4
AT1G09083	8	8	3	12	21	5
AT1G09787	3	0	0	3	1	0
AT1G09087	2	0	3	4	0	1
AT1G05907	0	0	0	0	0	0
AT1G06553	12	10	3	6	7	6
AT1G05853	1	0	0	0	0	0
AT1G08115	12	12	10	12	19	6
AT1G08987	0	0	0	0	0	0
AT1G05273	1	1	2	0	0	1
AT1G07827	0	0	0	0	0	0
AT1G06877	1	1	0	0	0	2
AT1G09143	0	0	0	0	0	0
AT1G09237	0	0	0	0	0	0
AT1G05057	0	2	0	0	1	0
AT1G04897	0	1	0	0	3	0
AT1G09947	0	0	0	0	0	0
AT1G05673	0	0	0	0	0	0
AT1G61275	15	7	6	4	6	9
AT1G04733	0	0	0	0	0	0
AT1G07883	0	0	0	0	0	0
AT1G04263	1	0	1	0	0	0
AT1G04907	7	1	2	1	5	2
AT1G09893	0	0	0	0	0	0
AT1G07537	0	0	0	0	0	0
AT1G08367	0	0	0	0	0	0
AT1G08737	0	0	0	0	0	0
AT1G06873	2	2	0	1	0	0
AT1G28890	0	0	0	0	0	0
AT1G56840	0	0	0	0	0	0
AT1G72780	0	0	0	0	0	0
AT1G24080	0	0	0	0	0	0
AT1G04320	0	0	0	0	0	0
AT1G57090	0	0	0	0	0	0
AT1G36350	0	0	0	0	0	0
AT1G49020	0	0	0	0	0	0
AT1G56800	0	0	0	0	0	0
AT1G57240	0	0	0	0	0	0
AT1G57230	0	0	0	0	0	0
AT1G11010	0	0	0	0	0	0
AT1G06610	0	0	0	0	0	0
AT1G56880	0	0	0	0	0	0
AT1G57430	0	0	0	0	0	0
AT1G13850	0	0	0	0	0	0
AT1G56790	0	0	0	0	0	0
AT1G28840	0	0	0	0	0	0
AT1G28750	0	0	0	0	0	0
AT1G29210	0	0	0	0	0	0
AT1G57280	0	0	0	0	0	0
AT1G28940	0	0	0	0	0	0
AT1G76330	0	0	0	0	0	0
AT1G12510	0	0	0	0	0	0
AT1G56930	0	0	0	0	0	0
AT1G06860	1	0	0	0	0	0
AT1G57020	0	0	0	0	0	0
AT1G49460	0	0	0	0	0	0
AT1G15090	0	0	0	0	0	0
AT1G01890	0	0	0	0	0	0
AT1G28800	0	0	0	0	0	0
AT1G05390	0	0	0	0	0	0
AT1G20170	0	0	0	0	0	0
AT1G56900	0	0	0	0	0	0
AT1G80250	0	0	0	0	0	0
AT1G43820	0	0	0	0	0	0
AT1G57270	0	0	0	0	0	0
AT1G57050	0	0	0	0	0	0
AT1G02760	0	0	0	0	0	0
AT1G16100	0	0	0	0	0	0
AT1G69000	0	0	0	0	0	0
AT1G57440	0	0	0	0	0	0
AT1G57490	0	0	0	0	0	0
AT1G64120	0	0	0	0	0	0
AT1G68860	0	0	0	0	0	0
AT1G57110	0	0	0	0	0	0
AT1G54670	0	0	0	0	0	0
AT1G56860	0	0	0	0	0	0
AT1G63790	0	0	0	0	0	0
AT1G64420	0	0	0	0	0	0
AT1G28810	0	0	0	0	0	0
AT1G03640	0	0	0	0	0	0
AT1G28990	0	0	0	0	0	0
AT1G57210	0	0	0	0	0	0
AT1G28790	0	0	0	0	0	0
AT1G69300	0	0	0	0	0	0
AT1G76000	0	0	0	0	0	0
AT1G55625	0	0	0	0	0	0
AT1G75970	0	0	0	0	0	0
AT1G49280	0	0	0	0	0	0
AT1G56810	0	0	0	0	0	0
AT1G26490	0	0	0	0	0	0
AT1G57180	0	0	0	0	0	0
AT1G28920	0	0	0	0	0	0
AT1G59570	0	0	0	0	0	0
AT1G28720	0	0	0	0	0	0
AT1G57320	0	0	0	0	0	0
AT1G75570	0	0	0	0	0	0
AT1G57200	0	0	0	0	0	0
AT1G57190	0	0	0	0	0	0
AT1G68770	0	0	0	0	0	0
AT1G77040	2	1	0	0	0	0
AT1G20420	0	0	0	0	0	0
AT1G57530	0	0	0	0	0	0
AT1G52170	0	0	0	0	0	0
AT1G57350	0	0	0	0	0	0
AT1G57070	0	0	0	0	0	0
AT1G79300	0	0	0	0	0	0
AT1G11550	0	0	0	0	0	0
AT1G57220	0	0	0	0	0	0
AT1G45244	0	0	0	0	0	0
AT1G11030	0	0	0	0	0	0
AT1G75070	0	0	0	0	0	0
AT1G75650	0	0	0	0	0	0
AT1G77560	0	0	0	0	0	0
AT1G45234	0	0	0	0	0	0
AT1G08950	0	0	0	0	0	0
AT1G07100	0	0	0	0	0	0
AT1G57000	0	0	0	0	0	0
AT1G52860	0	0	0	0	0	0
AT1G56820	0	0	0	0	0	0
AT1G02600	0	0	0	0	0	0
AT1G57040	0	0	0	0	0	0
AT1G17570	0	0	0	0	0	0
AT1G57340	0	0	0	0	0	0
AT1G17660	0	0	0	0	0	0
AT1G75740	0	0	0	0	0	0
AT1G57520	0	0	0	0	0	0
AT1G28770	0	0	0	0	0	0
AT1G57010	0	0	0	0	0	0
AT1G57460	0	0	0	0	0	0
AT1G57450	0	0	0	0	0	0
AT1G28850	0	0	0	0	0	0
AT1G57130	0	0	0	0	0	0
AT1G28880	0	0	0	0	0	0
AT1G60820	0	0	0	0	0	0
AT1G03570	0	0	0	0	0	0
AT1G57330	0	0	0	0	0	0
AT1G06880	0	0	0	0	0	0
AT1G18430	5	3	1	1	1	2
AT1G57250	0	0	0	0	0	0
AT1G20210	0	0	0	0	0	0
AT1G20820	0	0	0	0	0	0
AT1G18820	0	0	0	0	0	0
AT1G28740	0	0	0	0	0	0
AT1G28930	0	0	0	0	0	0
AT1G57380	0	0	0	0	0	0
AT1G57360	0	0	0	0	0	0
AT1G56750	0	0	0	0	0	0
AT1G02480	0	0	0	0	0	0
AT1G53220	0	0	0	0	0	0
AT1G56870	0	0	0	0	0	0
AT1G78250	0	0	0	0	0	0
AT1G56910	0	0	0	0	0	0
AT1G28970	0	0	0	0	0	0
AT1G61020	0	0	0	0	0	0
AT1G31110	0	0	0	0	0	0
AT1G50100	0	0	0	0	0	0
AT1G15650	0	0	0	0	0	0
AT1G45242	0	0	0	0	0	0
AT1G28830	1	1	0	0	0	0
AT1G56920	0	0	0	0	0	0
AT1G20040	0	0	0	0	0	0
AT1G01270	0	0	0	0	0	0
AT1G08240	0	0	0	0	0	0
AT1G17670	0	0	0	0	0	0
AT1G33370	0	0	0	0	0	0
AT1G68970	0	0	0	0	0	0
AT1G20250	0	0	0	0	0	0
AT1G56780	0	0	0	0	0	0
AT1G28780	0	0	0	0	0	0
AT1G57290	0	0	0	0	0	0
AT1G56850	0	0	0	0	0	0
AT1G56960	0	0	0	0	0	0
AT1G56730	0	0	0	0	0	0
AT1G28980	0	0	0	0	0	0
AT1G56950	0	0	0	0	0	0
AT1G57080	0	0	0	0	0	0
AT1G28910	0	0	0	0	0	0
AT1G57160	0	0	0	0	0	0
AT1G57470	0	0	0	0	0	0
AT1G13720	0	0	0	0	0	0
AT1G57310	0	0	0	0	0	0
AT1G79980	1	0	0	0	0	0
AT1G69130	0	0	0	0	0	0
AT1G12590	0	0	0	0	0	0
AT1G56890	0	0	0	0	0	0
AT1G28870	0	0	0	0	0	0
AT1G03515	0	0	0	0	0	0
AT1G42120	0	0	0	0	0	0
AT1G57390	0	0	0	0	0	0
AT1G06480	0	0	0	0	0	0
AT1G21800	0	0	0	0	0	0
AT1G77190	0	0	0	0	0	0
AT1G57400	0	0	0	0	0	0
AT1G13240	0	0	0	0	0	0
AT1G57030	0	0	0	0	0	0
AT1G56740	0	0	0	0	0	0
AT1G57150	0	0	0	0	0	0
AT1G30830	0	0	0	0	0	0
AT1G52350	0	0	0	0	0	0
AT1G71700	0	0	0	0	0	0
AT1G57100	0	0	0	0	0	0
AT1G57510	0	0	0	0	0	0
AT1G07580	0	0	0	0	0	0
AT1G65830	0	0	0	0	0	0
AT1G32620	0	0	0	0	0	0
AT1G28860	0	0	0	0	0	0
AT1G56770	0	0	0	0	0	0
AT1G53410	0	0	0	0	0	0
AT1G57410	0	0	0	0	0	0
AT1G57260	0	0	0	0	0	0
AT1G57420	0	0	0	0	0	0
AT1G50070	0	0	0	0	0	0
AT1G60840	0	0	0	0	0	0
AT1G15450	0	0	0	0	0	0
AT1G79290	0	0	0	0	0	0
AT1G11640	0	0	0	0	0	0
AT1G57120	0	0	0	0	0	0
AT1G57500	0	0	0	0	0	0
AT1G21420	0	0	0	0	0	0
AT1G13840	0	0	0	0	0	0
AT1G26430	0	0	0	0	0	0
AT1G30430	0	0	0	0	0	0
AT1G28950	0	0	0	0	0	0
AT1G79240	0	0	0	0	0	0
AT1G01870	0	0	0	0	0	0
AT1G74570	0	0	0	0	0	0
AT1G45240	0	0	0	0	0	0
AT1G57300	0	0	0	0	0	0
AT1G68950	0	0	0	0	0	0
AT1G28900	0	0	0	0	0	0
AT1G63510	0	0	0	0	0	0
AT1G49690	0	0	0	0	0	0
AT1G57060	0	0	0	0	0	0
AT1G28820	2	0	0	0	2	2
AT1G16450	0	0	0	0	0	0
AT1G59880	0	0	0	0	0	0
AT1G22320	0	0	0	0	0	0
AT1G57140	0	0	0	0	0	0
AT1G07760	0	0	0	0	0	0
AT1G56830	0	0	0	0	0	0
AT1G73900	0	0	0	0	0	0
AT1G08870	0	0	0	0	0	0
AT1G45246	0	0	0	0	0	0
AT1G28730	0	0	0	0	0	0
AT1G70050	0	0	0	0	0	0
AT1G56980	0	0	0	0	0	0
AT1G57370	0	0	0	0	0	0
AT1G57480	0	0	0	0	0	0
AT1G45238	0	0	0	0	0	0
AT1G13010	0	0	0	0	0	0
AT1G56970	0	0	0	0	0	0
AT1G04720	0	0	0	0	0	0
AT1G74610	0	0	0	0	0	0
AT1G09110	0	0	0	0	0	0
AT1G60910	0	0	0	0	0	0
AT1G56760	0	0	0	0	0	0
AT1G60580	0	0	0	0	0	0
AT1G80430	0	0	0	0	0	0
AT1G48080	0	0	0	0	0	0
AT1G57170	0	0	0	0	0	0
AT1G05980	0	0	0	0	0	0
AT1G61880	0	0	0	0	0	0
AT1G10440	0	0	0	0	0	0
AT1G56990	0	0	0	0	0	0
AT1G61910	0	0	0	0	0	0
AT1G56940	0	0	0	0	0	0
AT1G69252	930	852	757	621	626	523
AT1G68872	128	91	77	111	124	95
AT1G57835	0	0	0	0	0	0
AT1G52615	2	0	0	0	1	0
AT1G67105	22	12	13	30	32	26
AT1G22403	76	60	58	51	74	63
AT1G08493	0	0	0	0	1	0
AT1G09277	0	0	0	0	0	0
AT1G05547	1	0	0	0	0	0
AT1G11185	2813	2581	2597	1611	1553	2135
AT1G16635	0	2	3	0	3	0
AT1G43765	15	23	11	25	35	10
AT1G06797	0	0	0	0	0	0
AT1G52347	195	126	177	146	170	144
AT1G64563	31	34	30	16	25	22
AT1G04867	0	0	0	0	0	0
AT1G05697	2	0	0	0	0	1
AT1G50659	2	4	0	2	4	1
AT1G46554	47	22	33	26	39	26
AT1G07507	0	0	0	0	0	0
AT1G09073	0	0	0	0	0	0
AT1G08253	0	0	0	0	0	0
AT1G33615	57	68	56	82	90	45
AT1G34392	0	0	0	0	0	0
AT1G23052	17	8	10	11	8	19
AT1G50055	24	30	36	17	37	33
AT1G64618	2	0	3	3	2	2
AT1G70518	86	53	61	76	104	60
AT1G77138	29	27	21	26	16	20
AT1G55525	298	389	325	188	84	140
AT1G05813	0	0	0	1	0	0
AT1G07257	0	0	0	0	0	0
AT1G21529	2	8	2	8	4	9
AT1G09583	0	0	0	0	0	0
AT1G49832	58	36	43	36	41	38
AT1G66173	24	16	7	19	24	24
AT1G58590	13	17	21	15	29	7
AT1G49952	9	10	13	9	11	5
AT1G11175	64	42	47	62	89	48
AT1G31935	97	108	73	92	120	83
AT1G64572	205	161	122	160	162	149
AT1G70185	19	7	13	12	16	11
AT1G26235	0	0	0	0	0	0
AT1G34418	107	92	76	134	179	104
AT1G08823	7	1	1	1	2	2
AT1G25175	0	0	0	0	0	0
AT1G11592	260	229	234	239	303	239
AT1G58808	0	0	0	0	0	0
AT1G70581	48	60	67	49	53	73
AT1G24068	1	1	0	1	1	2
AT1G08933	5	2	1	0	1	1
AT1G19968	1	0	1	3	5	2
AT1G14518	3	4	3	1	1	2
AT1G06677	0	0	0	1	0	0
AT1G15405	0	0	0	0	0	0
AT1G04425	253	292	215	320	375	198
AT1G10682	5224	3489	3000	5307	6803	6419
AT1G78865	102	119	88	140	137	102
AT1G32172	1	2	2	0	0	0
AT1G26558	0	0	0	0	0	2
AT1G07977	0	0	1	1	1	0
AT1G18745	42	7	13	19	16	8
AT1G67238	0	0	0	0	1	0
AT1G79075	874	429	410	514	470	415
AT1G31258	74	76	54	41	71	46
AT5G16970	33	34	36	11	27	52
AT5G41480	234	182	185	244	237	169
AT5G15008	0	0	0	0	0	0
AT5G07360	732	661	638	887	1123	927
AT5G46240	27	19	21	3	1	1
AT5G62260	499	451	477	580	642	793
AT5G35715	1	0	0	0	0	0
AT5G41908	0	0	0	0	0	0
AT5G20470	7	14	18	64	70	89
AT5G04950	117	145	108	285	488	426
AT5G50110	107	83	87	98	110	77
AT5G66670	107	149	162	191	256	118
AT5G23000	42	54	43	80	145	24
AT5G03560	325	326	319	276	300	257
AT5G46260	24	23	33	71	59	96
AT5G27680	168	161	167	201	205	168
AT5G61960	2429	2642	2800	2462	2582	2446
AT5G15420	0	0	0	0	0	0
AT5G06020	0	0	0	0	0	0
AT5G18730	13	8	12	17	17	14
AT5G67570	393	313	312	382	503	379
AT5G29054	0	0	0	0	0	0
AT5G57625	121	114	73	179	181	265
AT5G66440	225	205	202	231	385	179
AT5G51680	140	98	117	103	123	152
AT5G54610	0	0	0	0	0	0
AT5G20560	0	0	0	0	0	0
AT5G65470	8748	11520	9896	5810	5024	6001
AT5G66420	2675	3301	3535	2815	3392	2295
AT5G62750	0	4	0	2	2	1
AT5G50000	1570	1482	1318	1537	1750	1406
AT5G63820	18	7	16	15	21	21
AT5G26220	38	58	17	168	277	65
AT5G15730	1176	1035	1021	872	815	828
AT5G61930	129	93	80	102	129	57
AT5G08760	24	27	24	13	12	14
AT5G42110	445	295	285	293	371	208
AT5G23030	31	16	15	22	21	16
AT5G20250	5271	5290	1076	6239	6137	5232
AT5G08070	0	0	1	0	0	0
AT5G08450	1862	2002	2032	2041	2395	2069
AT5G14030	4490	2943	2979	3305	3682	2997
AT5G66080	544	448	545	222	259	343
AT5G05340	21	70	34	58	149	190
AT5G45440	153	111	117	153	205	130
AT5G25380	30	24	26	28	44	30
AT5G56920	0	0	0	0	0	0
AT5G38000	511	551	811	236	234	167
AT5G15050	284	220	205	247	268	224
AT5G53670	0	0	0	0	0	0
AT5G44630	1	0	0	0	0	0
AT5G05950	336	340	316	362	416	323
AT5G63810	1209	856	698	1324	1622	1232
AT5G02340	0	0	1	0	0	0
AT5G24100	265	251	234	207	273	248
AT5G48545	214	172	164	262	257	227
AT5G56950	2258	1700	1714	1899	2073	2047
AT5G58400	0	0	0	0	0	0
AT5G39510	2048	1987	2042	1706	2022	1761
AT5G23090	268	233	238	212	304	245
AT5G45920	435	307	366	280	330	306
AT5G52750	804	1049	1516	1340	1017	2060
AT5G18830	1256	1326	1414	1241	1599	1201
AT5G50720	571	622	421	445	470	302
AT5G51840	609	584	515	528	549	448
AT5G21930	267	352	272	330	392	279
AT5G24240	64	58	37	50	54	56
AT5G27607	0	0	0	0	0	0
AT5G25480	124	107	103	145	148	110
AT5G65130	10	8	3	9	5	5
AT5G27280	187	151	160	167	234	141
AT5G37180	413	679	602	659	719	726
AT5G10110	206	201	175	225	244	211
AT5G05050	0	0	0	0	0	0
AT5G42470	467	422	421	438	482	436
AT5G51380	234	170	179	228	256	235
AT5G61770	591	498	440	551	574	501
AT5G58750	433	415	466	311	303	483
AT5G66240	1056	1102	1022	991	1274	902
AT5G47050	616	671	749	759	962	690
AT5G45095	7	8	7	9	3	4
AT5G65000	280	329	266	307	320	270
AT5G35660	2	1	0	0	0	0
AT5G34908	0	0	0	0	0	0
AT5G59800	214	178	181	199	191	147
AT5G60580	943	1172	1183	871	1074	885
AT5G24790	0	0	0	0	0	0
AT5G48780	65	63	62	60	71	72
AT5G41490	0	0	0	0	0	0
AT5G22820	138	171	184	178	192	138
AT5G60260	6	4	0	1	5	9
AT5G14740	3	4	5	12	6	3
AT5G66760	5886	4998	4729	5038	5593	4549
AT5G54225	1	0	0	0	0	0
AT5G47510	123	145	114	156	170	128
AT5G16950	198	153	159	167	147	119
AT5G43066	0	0	0	0	0	2
AT5G20300	394	405	380	403	525	404
AT5G49950	405	334	368	354	381	311
AT5G40530	215	163	177	183	206	179
AT5G45850	2	3	2	5	6	2
AT5G38420	2	0	0	14	3	0
AT5G37910	0	0	0	0	0	0
AT5G11320	6	3	14	16	30	6
AT5G63910	703	661	635	752	859	728
AT5G59120	9	8	3	1	2	0
AT5G43420	1593	1936	2295	2004	2065	1865
AT5G04347	0	0	0	0	0	0
AT5G53330	733	701	650	643	713	677
AT5G11050	1	2	2	1	1	0
AT5G61700	0	0	0	0	0	0
AT5G07160	0	0	0	0	0	0
AT5G11565	0	0	0	0	0	0
AT5G09900	3495	3074	2987	3083	3560	3091
AT5G64920	844	859	731	776	1088	700
AT5G65590	37	89	66	77	130	21
AT5G60470	5	20	13	24	52	0
AT5G10430	4309	3304	2838	3432	3642	3304
AT5G52790	429	244	208	857	1381	859
AT5G44020	3365	2529	2528	3910	4554	4145
AT5G47840	606	501	501	603	735	654
AT5G04850	633	572	627	554	635	569
AT5G44870	25	39	23	35	33	43
AT5G60400	446	309	325	433	509	358
AT5G59010	777	892	806	771	958	702
AT5G50115	0	0	0	0	0	0
AT5G45790	71	47	38	68	79	54
AT5G27700	4134	2918	2646	3207	3660	3151
AT5G19970	17	11	11	133	211	43
AT5G48430	610	852	767	1024	1208	1596
AT5G18130	1022	1107	1169	931	1180	1224
AT5G05470	569	418	484	516	521	388
AT5G40730	3114	1625	1359	1906	1954	1556
AT5G09805	5	5	7	5	5	3
AT5G41250	1	0	0	1	0	0
AT5G12430	812	857	837	927	1064	915
AT5G37620	1	0	1	2	2	4
AT5G19770	5578	5615	4730	5342	6150	4583
AT5G07040	56	41	46	86	73	77
AT5G27810	0	0	0	0	0	0
AT5G04475	0	2	4	2	1	1
AT5G59880	5134	4466	4247	3868	4537	3861
AT5G27230	23	10	16	24	19	19
AT5G54062	3	0	0	0	0	1
AT5G11020	111	129	112	172	192	135
AT5G26030	8167	10935	11254	7607	5534	8762
AT5G62760	383	383	333	441	465	394
AT5G17210	412	403	405	297	292	301
AT5G02190	99	81	79	82	91	60
AT5G42957	0	0	0	0	0	0
AT5G48510	2	1	1	1	1	3
AT5G55560	165	163	202	170	243	173
AT5G65820	92	63	66	96	124	117
AT5G32590	0	0	0	0	0	0
AT5G63190	2707	2169	2230	2383	2926	2621
AT5G38120	13	46	31	19	62	1
AT5G02810	1116	1276	1232	1417	1494	1329
AT5G65100	13	5	13	0	0	2
AT5G57350	1311	1688	1760	1229	1447	1011
AT5G32613	0	0	0	0	0	0
AT5G49240	0	0	0	0	0	0
AT5G16130	9369	6928	6261	8771	9536	7591
AT5G27470	2627	2299	2159	2560	2887	2359
AT5G03260	609	1597	1278	1255	1638	1559
AT5G01370	328	495	420	506	564	387
AT5G26920	721	1246	1019	1856	1823	2886
AT5G54750	1073	889	829	902	988	809
AT5G47180	927	1077	945	891	992	873
AT5G04810	404	394	426	510	617	484
AT5G44000	107	110	116	143	149	108
AT5G08020	219	233	185	284	327	219
AT5G64570	1720	1760	1479	1885	2247	1245
AT5G42797	0	0	0	0	0	0
AT5G14060	1082	969	875	1417	1592	1176
AT5G11480	259	205	208	266	331	227
AT5G17847	0	2	1	1	1	0
AT5G05270	112	77	75	53	73	52
AT5G45190	1002	834	841	910	1045	956
AT5G41120	241	349	294	250	293	200
AT5G19940	126	142	95	143	251	48
AT5G66820	375	314	405	299	374	258
AT5G08240	1528	1446	1808	1775	1790	2151
AT5G18260	186	217	181	241	451	166
AT5G38450	68	82	62	192	322	186
AT5G19380	538	563	572	367	382	291
AT5G11660	0	0	0	0	0	0
AT5G17860	24	20	12	5	12	3
AT5G20620	1368	1205	1449	1502	1952	1365
AT5G10790	420	319	296	353	386	326
AT5G07070	601	736	885	351	301	485
AT5G40280	440	407	414	430	540	414
AT5G07380	48	43	44	38	57	35
AT5G62320	7	4	2	2	5	6
AT5G23950	20	26	25	29	9	11
AT5G45110	8970	10890	11802	7016	5720	8039
AT5G52990	121	79	70	121	156	68
AT5G44330	0	1	0	1	0	1
AT5G08530	5664	5483	5070	5213	5572	4906
AT5G13970	419	348	362	351	442	357
AT5G56200	5	3	5	1	4	9
AT5G24830	186	118	136	198	230	130
AT5G24530	964	941	1163	624	666	756
AT5G13360	204	155	136	172	272	132
AT5G01230	295	261	289	281	325	244
AT5G63080	247	211	214	251	341	251
AT5G10710	354	305	308	295	346	348
AT5G48070	514	718	735	731	816	812
AT5G61570	111	115	112	83	126	58
AT5G58780	96	134	167	24	56	23
AT5G03540	2120	2410	2056	1993	2275	2156
AT5G63960	505	485	513	605	636	542
AT5G57810	35	24	23	5	2	3
AT5G08040	953	594	653	773	794	594
AT5G49900	2413	2762	2958	1316	1134	1543
AT5G65609	18	21	17	17	30	10
AT5G02320	97	88	74	91	138	130
AT5G66400	8821	2899	5619	190	250	269
AT5G46960	0	0	0	0	0	0
AT5G11425	0	0	0	0	0	0
AT5G36460	0	0	0	0	0	0
AT5G11030	329	350	381	348	353	345
AT5G48090	67	35	31	80	53	63
AT5G01320	21	22	23	27	28	33
AT5G58010	112	117	90	115	86	161
AT5G57870	4687	4633	4334	5168	5836	5067
AT5G37475	878	748	619	742	825	662
AT5G53010	418	380	376	393	472	447
AT5G41240	234	205	174	235	307	235
AT5G55970	101	172	89	137	196	102
AT5G43670	443	424	411	497	556	432
AT5G08350	463	431	265	341	338	360
AT5G49070	2	0	0	1	0	0
AT5G24560	0	0	0	0	0	0
AT5G22310	49	43	29	45	68	54
AT5G36925	415	380	557	187	149	254
AT5G43840	1	0	0	0	1	0
AT5G58390	0	1	0	0	0	0
AT5G37320	0	0	0	0	1	0
AT5G33355	18	2	0	46	66	24
AT5G43600	1248	1021	1412	912	964	1067
AT5G13295	0	0	0	0	1	2
AT5G07540	0	0	0	0	0	0
AT5G50560	0	1	0	0	0	0
AT5G42180	1044	727	764	805	912	1043
AT5G43610	0	0	1	0	0	0
AT5G60940	437	489	400	400	475	357
AT5G56990	37	44	33	29	74	20
AT5G64490	2	2	3	1	1	1
AT5G60960	1402	985	862	1227	1338	1117
AT5G19260	414	613	558	446	515	119
AT5G65230	96	117	112	103	165	108
AT5G18100	376	332	317	305	375	296
AT5G64880	282	229	245	278	301	292
AT5G17240	141	125	110	124	128	86
AT5G36310	0	0	0	0	0	0
AT5G64840	713	704	754	710	883	720
AT5G57650	0	1	0	0	0	0
AT5G16300	1625	1974	1782	1918	2202	1769
AT5G27944	0	0	0	0	0	0
AT5G53070	503	348	282	422	461	335
AT5G07130	521	681	868	348	437	525
AT5G53905	0	0	0	0	0	0
AT5G48595	0	0	0	0	0	0
AT5G65980	48	76	31	101	162	73
AT5G39645	0	0	0	0	0	0
AT5G46530	345	395	402	331	440	460
AT5G57785	6	2	0	0	0	5
AT5G41590	17	18	11	14	16	8
AT5G12236	3	1	2	1	0	0
AT5G40950	352	261	247	377	449	317
AT5G20410	223	204	249	139	130	155
AT5G09970	0	0	0	0	0	0
AT5G37570	57	41	39	53	69	37
AT5G18410	1265	1602	1468	1481	1776	1410
AT5G22460	3	32	5	4	9	0
AT5G56760	3041	3876	3157	2708	3081	2101
AT5G07690	0	1	0	0	0	1
AT5G66631	53	60	66	80	101	89
AT5G05120	0	0	0	0	0	0
AT5G20730	1339	1438	1472	1342	1701	1399
AT5G65800	34	23	13	13	11	10
AT5G41670	2661	2105	2843	2950	4098	2908
AT5G07760	4	0	1	16	11	11
AT5G57780	7	6	8	3	11	4
AT5G58190	393	408	374	410	521	394
AT5G66030	3145	2787	2976	2917	3244	3118
AT5G23395	347	318	264	330	389	321
AT5G57720	4	0	0	0	0	0
AT5G49100	421	270	367	376	467	467
AT5G46920	177	180	140	214	289	176
AT5G30520	0	0	0	0	0	0
AT5G05700	523	556	536	574	677	539
AT5G66740	4	5	3	3	3	1
AT5G60810	8	4	4	8	10	14
AT5G46440	3	0	7	2	3	3
AT5G43860	3	4	5	3	12	5
AT5G19600	569	494	174	2247	3293	1905
AT5G39960	294	238	207	258	335	221
AT5G36940	371	467	408	398	498	399
AT5G53040	0	0	0	0	0	0
AT5G17950	0	1	0	1	0	2
AT5G05085	18	16	25	28	32	26
AT5G50810	806	547	475	664	713	529
AT5G52930	0	0	1	1	0	0
AT5G25350	1037	946	742	424	616	451
AT5G28000	2	2	1	0	0	0
AT5G48460	444	496	392	570	695	411
AT5G23600	44	32	45	31	49	31
AT5G59270	1	1	2	18	16	24
AT5G27860	1259	994	1061	1132	1250	1269
AT5G48150	435	382	408	400	606	391
AT5G15350	4482	4272	3548	3612	3644	3162
AT5G41850	57	70	87	81	95	60
AT5G38900	35	53	34	16	15	55
AT5G49250	0	0	0	0	0	0
AT5G55750	7	3	4	4	6	6
AT5G36410	0	0	0	0	0	0
AT5G27310	0	0	0	0	0	0
AT5G28190	0	0	0	0	0	0
AT5G15570	294	273	283	246	326	275
AT5G51105	0	0	1	0	2	0
AT5G26840	0	0	0	0	0	0
AT5G06755	0	0	0	0	2	1
AT5G36520	0	0	0	0	0	0
AT5G19690	3596	3265	3101	3602	4004	3174
AT5G45520	3	5	4	5	6	3
AT5G29210	0	0	0	0	0	0
AT5G13600	1	0	0	0	0	1
AT5G16850	33	36	25	29	35	28
AT5G33300	491	427	341	489	553	444
AT5G60230	63	80	58	83	94	91
AT5G15970	5787	7330	5901	1181	1744	528
AT5G40870	615	602	596	661	808	620
AT5G35110	741	821	983	392	347	841
AT5G42420	1075	813	848	926	1018	954
AT5G64401	0	0	0	0	0	0
AT5G52900	33	38	35	30	38	14
AT5G10860	7695	6205	5824	6586	8622	6997
AT5G07680	106	87	86	166	249	100
AT5G08005	1	0	0	1	0	0
AT5G65400	124	118	107	114	130	64
AT5G53510	0	1	0	0	0	0
AT5G22380	109	101	82	92	40	69
AT5G26692	0	0	0	0	0	0
AT5G52000	8	9	11	11	4	15
AT5G58787	280	304	252	393	644	329
AT5G52830	86	66	57	92	160	93
AT5G11110	2748	2413	2985	317	357	324
AT5G59190	2	2	1	0	0	0
AT5G49630	1005	1746	2495	1326	1443	1110
AT5G38750	22	15	18	16	10	10
AT5G56850	5	1	0	7	7	2
AT5G54970	374	268	229	331	324	214
AT5G46610	29	12	13	0	1	1
AT5G60340	1337	1209	1221	1283	1578	1364
AT5G46930	0	0	0	0	0	0
AT5G64380	40	24	20	57	82	40
AT5G37480	345	308	310	281	331	303
AT5G08550	441	369	420	459	546	391
AT5G04290	1124	1356	1494	1333	1708	1367
AT5G56320	373	211	216	418	445	244
AT5G06790	7	7	15	21	34	16
AT5G41180	928	1016	1003	1028	1252	1102
AT5G11910	248	257	201	279	279	259
AT5G66390	1853	1372	1407	1538	1779	2347
AT5G38050	54	40	46	37	58	56
AT5G43990	300	313	282	439	527	329
AT5G57330	1565	1413	1407	1415	1543	1159
AT5G52680	8	18	10	18	14	44
AT5G36250	726	651	768	495	690	510
AT5G38220	308	340	329	270	416	282
AT5G42650	10856	13394	16576	11084	9841	13059
AT5G07930	0	0	0	0	0	0
AT5G28920	1	1	0	0	0	1
AT5G01850	227	259	247	223	307	262
AT5G46870	95	67	98	58	73	47
AT5G47830	189	187	189	193	184	142
AT5G53410	0	0	0	0	0	0
AT5G01730	1900	2173	2239	1461	1494	1667
AT5G10200	718	828	765	846	1150	834
AT5G02660	0	0	0	0	0	0
AT5G25310	5	6	4	6	17	4
AT5G37370	1205	990	872	1050	1116	1029
AT5G24313	13	11	18	12	17	16
AT5G37220	0	0	0	0	0	0
AT5G63460	436	404	357	368	437	332
AT5G52150	0	0	0	0	0	0
AT5G06270	63	35	57	138	167	158
AT5G20930	412	431	422	460	616	474
AT5G15220	410	318	316	345	405	305
AT5G46790	272	291	286	367	528	358
AT5G20460	0	0	0	0	0	0
AT5G19040	397	591	459	997	1279	1026
AT5G58360	4	0	2	35	69	9
AT5G66840	79	76	59	111	139	80
AT5G13520	1451	1156	1096	1467	1470	1211
AT5G53637	0	0	0	0	0	0
AT5G49400	729	495	474	576	633	622
AT5G59720	155	216	143	143	207	83
AT5G55330	0	0	0	0	0	0
AT5G44220	0	0	0	0	0	0
AT5G07730	196	183	191	187	236	161
AT5G50530	5	2	5	0	3	2
AT5G40420	16	3	2	0	0	0
AT5G11590	24	45	22	45	72	6
AT5G66300	263	276	296	190	249	209
AT5G55740	15	14	5	23	26	11
AT5G40550	247	201	232	267	301	207
AT5G23380	366	224	220	385	592	405
AT5G24470	388	336	296	255	498	168
AT5G57370	482	355	354	416	448	395
AT5G03740	1616	1303	1203	1732	1852	1303
AT5G50670	0	0	0	0	1	0
AT5G07280	16	8	3	7	8	4
AT5G50950	38	27	34	41	24	42
AT5G65900	636	549	515	645	630	465
AT5G22830	310	319	312	324	389	256
AT5G65440	1251	1496	1260	1405	1703	1132
AT5G14970	272	242	245	315	454	313
AT5G43920	323	354	315	528	645	499
AT5G41170	44	50	55	34	57	58
AT5G54700	0	2	0	8	9	12
AT5G03650	471	545	639	525	569	428
AT5G42390	1919	2265	2253	1904	2053	2014
AT5G43810	704	749	699	901	1189	1002
AT5G35380	9	7	6	7	15	10
AT5G67120	0	0	0	0	0	0
AT5G44740	112	155	136	203	211	134
AT5G40450	8527	11175	11716	13880	16866	15464
AT5G64820	2	5	2	2	4	2
AT5G50010	462	390	359	512	709	456
AT5G20680	542	539	518	627	784	599
AT5G26800	443	361	259	410	507	347
AT5G60830	0	2	0	1	0	0
AT5G45469	0	0	0	0	0	0
AT5G54080	516	478	410	522	680	537
AT5G47620	1190	980	1027	797	996	945
AT5G56220	832	598	519	796	821	929
AT5G08695	2	0	0	0	0	0
AT5G65460	1146	1253	1214	1388	1654	1180
AT5G22785	0	0	0	0	0	0
AT5G58030	1069	848	804	974	1144	883
AT5G65158	4	4	4	21	21	8
AT5G46830	0	0	0	0	0	0
AT5G38440	0	0	0	0	0	0
AT5G58990	453	299	282	342	377	310
AT5G50260	357	682	770	51	120	104
AT5G07890	357	327	322	345	421	330
AT5G51230	750	603	606	671	775	640
AT5G49640	0	0	0	0	0	0
AT5G01080	0	0	0	0	0	0
AT5G56780	81	76	59	125	177	90
AT5G56900	789	685	753	716	922	868
AT5G58870	615	644	609	686	851	745
AT5G48060	279	368	360	343	463	386
AT5G44345	0	0	0	0	0	0
AT5G05300	34	45	71	31	24	78
AT5G27650	493	547	504	630	745	552
AT5G66460	426	590	701	619	725	404
AT5G20790	20	20	14	2	2	2
AT5G53100	0	0	3	1	3	1
AT5G19350	854	833	780	898	1073	909
AT5G39775	0	0	0	0	0	0
AT5G65180	289	282	253	315	356	287
AT5G43250	96	64	76	107	94	70
AT5G43850	801	844	848	667	839	601
AT5G19190	299	191	119	174	261	191
AT5G20950	4060	2661	2598	4329	5015	4370
AT5G16140	52	35	21	66	66	48
AT5G48760	2146	1461	1413	2049	2162	1819
AT5G37630	407	431	380	591	647	403
AT5G23140	819	668	651	747	905	760
AT5G60550	1134	1042	1064	1047	1143	978
AT5G20885	740	785	861	640	920	511
AT5G41770	1527	1533	1483	1620	1844	1541
AT5G08500	2318	2682	2458	1723	1297	1749
AT5G19560	28	14	13	20	16	23
AT5G27630	80	47	53	51	53	36
AT5G09315	12	11	19	15	45	21
AT5G56985	9	27	6	6	3	2
AT5G56520	72	69	69	31	50	58
AT5G35210	2615	2880	3011	2968	3216	3106
AT5G02800	412	452	445	482	603	532
AT5G63940	1280	1456	1349	1579	2017	1306
AT5G05250	135	137	99	207	179	183
AT5G23450	3064	3384	3677	2741	3121	3207
AT5G24910	118	124	139	79	85	123
AT5G54370	1292	1129	1360	1741	2138	1620
AT5G03010	21	15	10	11	13	12
AT5G15110	0	0	0	0	0	0
AT5G13050	412	441	394	456	551	364
AT5G20420	59	73	66	91	150	71
AT5G53870	4	8	6	1	2	1
AT5G03310	8	11	7	4	10	4
AT5G62390	6080	6477	5451	6695	7156	5539
AT5G20100	0	1	0	0	0	0
AT5G45880	0	0	0	0	0	0
AT5G48440	641	563	617	548	643	561
AT5G09590	1245	1011	965	1179	1303	895
AT5G51580	0	0	0	0	1	0
AT5G48740	163	227	233	174	284	169
AT5G05970	475	498	439	539	648	532
AT5G01210	1469	1982	1165	2391	3635	2238
AT5G18110	2241	1850	1805	1943	2245	2188
AT5G58640	962	871	763	808	950	811
AT5G64590	0	1	1	0	1	1
AT5G48610	241	244	266	290	326	309
AT5G27460	96	90	94	95	144	88
AT5G10010	1466	1296	1214	1471	1625	1321
AT5G67450	1037	1016	1388	264	287	426
AT5G58590	1078	806	955	873	983	808
AT5G57110	8477	11394	10363	6607	7963	6745
AT5G10440	39	33	40	30	59	40
AT5G05010	5989	5824	5437	5569	6285	5113
AT5G06390	1686	1928	1784	1545	1867	1387
AT5G01120	15	29	19	40	49	28
AT5G46050	41	55	60	159	219	331
AT5G17480	0	0	0	0	0	0
AT5G11870	78	46	55	63	60	43
AT5G64500	1089	1178	1107	1066	1270	1108
AT5G06730	1384	2409	2186	1889	1205	1943
AT5G53350	1393	1618	1520	1349	1764	1440
AT5G23340	296	240	219	341	470	345
AT5G19880	15	21	13	5	3	9
AT5G37920	0	0	0	0	0	0
AT5G45480	1012	1569	1603	1396	1497	1485
AT5G20990	1444	1211	1252	1376	1805	1540
AT5G10300	2257	2341	2342	1252	1135	1250
AT5G03530	882	862	811	800	876	782
AT5G50375	768	719	681	728	883	667
AT5G22990	0	1	1	0	0	0
AT5G45360	738	615	653	705	881	702
AT5G47220	2215	3214	3314	2011	1982	2272
AT5G64900	2937	2326	3555	1405	1334	2110
AT5G06620	105	89	70	122	101	83
AT5G25195	0	0	0	0	0	0
AT5G13440	1986	1716	1733	1692	1783	1519
AT5G58250	85	91	77	104	197	102
AT5G16030	17	34	16	76	104	15
AT5G21970	167	160	155	168	189	142
AT5G52010	157	236	206	177	214	161
AT5G37000	154	186	138	179	237	160
AT5G19310	404	347	332	313	376	375
AT5G16390	1914	1563	1429	1572	1587	1477
AT5G38740	3	0	1	1	0	1
AT5G66950	998	1207	1037	891	1343	942
AT5G03600	1	1	2	0	0	3
AT5G19025	108	117	94	82	97	56
AT5G05090	57	62	64	78	133	76
AT5G62480	838	860	1351	223	216	405
AT5G01430	300	267	293	222	274	270
AT5G51310	27	37	33	57	116	71
AT5G12910	0	0	2	10	6	3
AT5G67260	554	370	418	522	580	518
AT5G26260	17728	11687	13262	11018	9948	9722
AT5G24400	1658	1356	1513	1328	1331	1266
AT5G40150	385	379	425	485	651	328
AT5G59865	5	4	4	5	0	5
AT5G65710	138	214	188	178	232	132
AT5G45760	147	147	177	134	194	147
AT5G53540	766	660	612	654	742	680
AT5G60030	442	315	411	456	566	384
AT5G57035	525	670	656	488	473	539
AT5G21070	364	316	302	333	368	284
AT5G43380	796	937	988	236	238	420
AT5G15340	18	18	17	22	25	18
AT5G58320	1142	1273	1120	1025	1251	975
AT5G23900	4471	3520	3338	4346	4575	4053
AT5G49590	0	0	0	0	0	0
AT5G42223	0	0	0	0	0	0
AT5G35480	0	0	0	0	0	0
AT5G19090	785	950	763	1300	2001	814
AT5G08030	0	2	1	5	4	2
AT5G19315	0	0	0	0	0	0
AT5G58730	1064	901	1007	831	909	930
AT5G18680	495	448	372	694	1075	542
AT5G37310	1066	1169	1177	1068	1296	898
AT5G34881	0	0	0	0	0	0
AT5G22700	480	459	477	482	615	452
AT5G13140	470	995	489	739	1321	70
AT5G42460	42	52	33	45	67	38
AT5G58130	755	627	604	810	972	759
AT5G39365	0	0	0	0	0	0
AT5G59930	135	131	147	103	147	147
AT5G65020	7711	6477	6683	5685	5570	5239
AT5G48420	0	1	0	0	0	0
AT5G43745	324	242	313	332	336	294
AT5G38392	0	0	0	0	0	0
AT5G06920	0	0	1	0	0	1
AT5G53320	165	198	190	320	519	239
AT5G63050	459	391	361	345	376	362
AT5G53570	2118	2449	2992	2244	2002	2344
AT5G23730	24	44	54	50	79	34
AT5G41790	7432	9924	11066	5362	4946	5819
AT5G16880	2947	2798	2687	2739	3301	3118
AT5G53060	602	638	674	553	578	605
AT5G01750	9956	10824	10989	9040	8221	9803
AT5G03830	117	113	112	130	188	113
AT5G08290	2671	2601	2510	2500	2750	2359
AT5G46420	554	413	429	507	613	590
AT5G62340	2074	1293	1071	2195	2273	2119
AT5G64760	587	491	439	532	661	510
AT5G46450	29	33	24	28	49	43
AT5G49510	1324	1213	1055	1263	1443	1135
AT5G67380	1498	1501	1340	1537	1798	1519
AT5G56560	0	0	0	0	0	0
AT5G46877	0	0	0	0	0	0
AT5G03230	57	83	91	239	400	136
AT5G40050	0	0	0	0	0	0
AT5G58120	373	527	499	522	373	646
AT5G22910	0	0	0	5	1	0
AT5G03620	19	21	12	16	18	24
AT5G20150	804	668	276	214	194	279
AT5G24410	566	344	287	491	563	577
AT5G40660	765	611	537	768	898	629
AT5G24580	233	121	49	261	221	158
AT5G13370	126	43	93	5	22	20
AT5G18470	1268	1795	1842	2319	1761	2834
AT5G52340	3	6	5	2	6	2
AT5G55230	1519	1590	1491	1668	1849	1439
AT5G67370	48	27	56	15	25	12
AT5G16800	738	716	697	660	753	642
AT5G55540	374	467	421	596	816	420
AT5G52140	0	0	0	0	0	0
AT5G20860	86	123	87	163	241	101
AT5G42620	1591	1763	1458	1573	1950	1552
AT5G38800	23	48	66	17	19	12
AT5G46570	424	326	299	429	435	326
AT5G14650	17	66	37	331	389	235
AT5G35050	0	0	0	0	0	0
AT5G13460	709	486	441	565	594	512
AT5G25180	0	0	0	1	0	0
AT5G63450	812	1027	1327	67	44	77
AT5G55470	57	40	40	37	42	21
AT5G03406	114	106	94	121	146	114
AT5G21940	1906	1962	617	2091	2379	2376
AT5G51170	95	83	97	94	113	82
AT5G40770	2565	1980	1670	2475	2658	2199
AT5G67080	414	306	348	254	258	431
AT5G14470	97	105	109	26	36	93
AT5G11650	5134	5433	6293	2783	2087	3830
AT5G18570	159	159	124	210	209	147
AT5G66020	3	1	2	2	4	3
AT5G01800	2407	2228	2418	1905	2338	2056
AT5G48953	0	0	0	1	2	0
AT5G63625	78	72	63	97	177	80
AT5G58110	2745	2172	2480	2221	2229	2413
AT5G54150	0	0	0	0	0	1
AT5G12480	1553	1478	1599	1391	1629	1711
AT5G27780	0	0	0	0	0	0
AT5G02410	143	106	98	139	184	81
AT5G41300	5	9	4	53	87	118
AT5G48950	40	29	25	35	25	26
AT5G59260	3	7	3	34	45	39
AT5G56050	58	83	74	40	50	36
AT5G66750	490	479	453	706	769	483
AT5G07220	1624	1639	1643	1227	1412	1262
AT5G05080	2820	2861	2608	3072	3789	3057
AT5G28460	0	1	0	1	0	2
AT5G42830	191	228	217	296	354	570
AT5G65670	10319	12603	11541	10122	11972	7904
AT5G51640	425	384	399	373	423	382
AT5G02580	100	58	80	87	85	80
AT5G17120	0	2	0	0	0	0
AT5G01190	167	231	211	196	231	130
AT5G09530	9375	9836	10754	4173	5041	6439
AT5G07340	1688	1778	2038	1459	1583	1233
AT5G43900	2974	3709	3740	2850	3187	2994
AT5G37780	7914	7044	7952	6695	7489	6423
AT5G65450	132	115	131	152	192	151
AT5G15820	81	71	75	70	99	66
AT5G09330	1614	1442	1437	1653	1973	1632
AT5G53940	159	147	122	162	163	170
AT5G02510	12	17	8	10	12	4
AT5G59370	15	25	24	26	34	25
AT5G04320	623	518	553	680	771	682
AT5G26040	282	244	267	239	288	252
AT5G55930	15	15	21	4	5	7
AT5G62210	23	14	21	5	10	7
AT5G43935	0	0	0	0	0	1
AT5G15725	93	34	29	57	74	64
AT5G30341	0	0	0	0	0	0
AT5G21430	0	0	0	0	1	0
AT5G36662	0	0	0	0	0	0
AT5G51140	573	538	465	535	653	542
AT5G42820	1616	1233	1203	1613	1853	1648
AT5G03680	138	186	137	445	794	180
AT5G41110	249	262	267	284	350	257
AT5G59020	150	200	197	176	356	170
AT5G46150	651	583	615	691	758	633
AT5G40340	3100	3741	3787	2896	2263	2776
AT5G09510	3799	2411	2317	2951	3201	2591
AT5G24390	287	351	405	307	352	291
AT5G49810	2153	2037	2283	1828	2221	1916
AT5G65950	2358	2399	2285	2395	2770	2290
AT5G38130	0	0	0	0	0	0
AT5G10240	868	856	998	951	1055	1087
AT5G51330	38	63	67	30	41	56
AT5G53720	0	0	0	0	0	0
AT5G44820	124	144	206	56	60	59
AT5G17090	2	0	0	0	0	0
AT5G62620	1586	2102	2653	1414	1315	1439
AT5G20360	350	438	436	350	354	371
AT5G09860	736	671	645	760	818	695
AT5G37360	85	66	86	76	97	84
AT5G14550	668	709	624	562	659	523
AT5G63905	442	370	345	277	295	298
AT5G02700	0	0	0	0	0	0
AT5G16610	380	362	313	373	399	361
AT5G24490	617	451	275	770	1288	789
AT5G61820	2186	2043	2332	965	978	963
AT5G14240	1748	1342	1342	1438	1625	1462
AT5G01590	750	716	613	827	1001	684
AT5G28010	30	18	22	18	11	21
AT5G58770	70	86	101	23	36	65
AT5G61490	29	23	18	33	44	40
AT5G45260	543	646	628	677	835	644
AT5G36770	0	0	0	0	0	0
AT5G58375	1018	965	915	1190	1414	1300
AT5G62170	107	77	66	185	179	140
AT5G50520	0	0	0	0	0	0
AT5G40350	0	0	0	0	0	0
AT5G49920	1	0	0	0	0	0
AT5G02440	117	120	136	115	154	121
AT5G60650	56	52	34	49	57	42
AT5G19010	2128	2120	1985	1996	2229	1995
AT5G59970	1528	999	1134	1136	1276	1001
AT5G26749	82	83	67	71	76	75
AT5G20940	6	4	8	2	1	2
AT5G08480	10	10	7	8	13	14
AT5G07060	1	3	2	0	2	1
AT5G10920	854	835	695	1004	1125	829
AT5G41610	217	203	148	171	157	161
AT5G61150	2074	2053	2102	2292	2679	2106
AT5G14870	20	8	15	35	20	21
AT5G48860	0	0	0	0	0	0
AT5G03920	0	0	0	0	0	0
AT5G09490	0	0	0	0	2	0
AT5G06750	1490	1586	1884	1121	1053	1285
AT5G02140	60	54	30	89	106	70
AT5G53700	37	21	20	18	30	27
AT5G09560	0	0	0	0	0	0
AT5G51460	209	159	181	193	189	198
AT5G40840	288	251	221	339	403	310
AT5G55950	68	74	63	48	79	54
AT5G52390	224	185	108	46	119	62
AT5G59250	105	83	82	109	141	70
AT5G45630	165	118	146	179	119	173
AT5G35370	270	271	286	260	306	310
AT5G52450	239	241	364	147	215	276
AT5G54390	807	707	721	965	1230	844
AT5G26130	0	0	0	1	13	1
AT5G45200	153	143	101	159	200	156
AT5G26717	0	0	0	0	0	0
AT5G45590	295	229	197	248	292	220
AT5G48945	0	0	0	0	0	0
AT5G20970	511	873	900	764	847	847
AT5G49650	1792	1767	1455	1715	1981	1626
AT5G05400	79	116	85	220	242	229
AT5G42990	347	356	322	314	451	365
AT5G01040	9265	12505	12627	7566	5462	10150
AT5G50790	1	4	0	1	0	0
AT5G11730	493	498	521	425	484	416
AT5G14670	0	0	1	0	0	0
AT5G02900	0	0	0	0	0	0
AT5G24220	6	15	9	25	19	18
AT5G02220	92	79	86	68	52	67
AT5G03770	115	102	80	116	148	170
AT5G59290	4797	5711	5032	4485	5135	3913
AT5G39080	20	3	8	7	13	5
AT5G60180	0	2	0	2	8	7
AT5G04853	0	0	0	0	0	0
AT5G05370	821	580	583	663	679	548
AT5G48140	0	0	0	0	0	0
AT5G53390	0	1	0	0	0	0
AT5G57700	583	579	585	646	702	564
AT5G20040	234	216	175	270	292	283
AT5G61850	0	1	3	0	5	0
AT5G16150	1930	2101	1966	1936	2546	1825
AT5G55380	73	64	61	66	59	52
AT5G27340	0	0	0	0	0	0
AT5G05730	2580	3138	2267	2520	2546	2838
AT5G48770	55	56	54	49	48	66
AT5G45080	179	224	337	382	448	354
AT5G19840	134	156	130	141	158	124
AT5G58140	280	228	246	283	319	212
AT5G35690	728	793	805	731	924	768
AT5G28345	0	0	0	0	0	0
AT5G39460	1	1	1	3	2	4
AT5G06650	0	1	0	0	0	0
AT5G44070	3128	3734	4304	2763	2789	3832
AT5G55730	1154	1314	1006	1524	1772	960
AT5G09280	1	1	0	3	1	0
AT5G42567	0	0	0	0	0	0
AT5G07110	635	709	717	520	575	593
AT5G01620	928	773	859	915	1142	978
AT5G06720	596	1098	781	563	473	373
AT5G01020	1841	1774	1662	1979	2263	2052
AT5G55810	60	62	47	49	86	38
AT5G64200	1638	1431	1334	1496	1672	1618
AT5G10040	28	68	14	34	2	3
AT5G55620	1	0	0	1	2	2
AT5G47640	342	342	336	485	577	360
AT5G42200	278	348	246	246	268	183
AT5G28463	0	0	0	0	0	0
AT5G44316	0	1	4	0	3	0
AT5G26770	1691	1688	1385	1184	1127	1380
AT5G21150	1	2	3	2	9	1
AT5G20400	513	495	530	527	633	729
AT5G58670	2569	5460	5127	2809	2271	3053
AT5G03545	1638	3031	1872	1542	1256	1190
AT5G61040	135	143	171	171	211	141
AT5G40382	4	3	6	0	0	0
AT5G19210	90	87	91	82	126	82
AT5G61350	58	66	58	58	66	87
AT5G41401	0	0	0	0	0	0
AT5G25460	926	534	613	589	733	565
AT5G15870	1084	1490	1418	1102	1366	1424
AT5G56530	655	783	743	1116	1649	868
AT5G28540	6038	5200	4933	6345	7275	5368
AT5G25540	1105	943	1002	939	1094	894
AT5G08535	195	152	168	175	173	165
AT5G38150	334	382	460	469	501	368
AT5G05540	637	495	444	619	643	599
AT5G20910	429	327	322	307	339	268
AT5G50630	0	0	0	0	0	0
AT5G04310	102	169	98	125	144	151
AT5G37020	873	1149	1020	1259	1708	1008
AT5G19710	0	2	0	0	0	0
AT5G57010	3623	4368	6538	3393	2590	4693
AT5G58530	388	313	292	276	280	284
AT5G19595	0	0	0	0	0	0
AT5G03345	456	360	291	341	427	326
AT5G04267	0	2	0	0	3	2
AT5G57000	311	282	275	198	195	241
AT5G35400	122	109	95	140	157	156
AT5G57340	755	530	635	447	534	699
AT5G66700	220	155	174	239	177	369
AT5G14895	11	16	13	7	14	17
AT5G10400	1572	1104	1116	1207	1356	1089
AT5G61880	374	250	222	253	282	256
AT5G50365	0	0	0	0	0	0
AT5G64395	0	0	0	0	0	0
AT5G51280	593	481	471	495	630	530
AT5G63510	2059	1573	1676	1826	1964	1687
AT5G05240	206	166	172	209	317	187
AT5G02080	46	51	38	50	66	35
AT5G47560	565	462	518	517	618	431
AT5G57460	1229	1301	1255	1220	1393	1062
AT5G22300	36	34	43	6	14	42
AT5G64350	4047	2771	2790	2967	3049	2560
AT5G37520	0	0	0	0	0	0
AT5G44060	1140	1073	1175	1438	1410	1635
AT5G45940	219	223	188	192	197	113
AT5G20030	71	57	40	75	132	67
AT5G18200	352	340	314	417	419	300
AT5G25950	0	0	0	2	1	0
AT5G26200	3	3	0	40	101	13
AT5G59990	16	7	18	13	19	12
AT5G54010	0	0	0	0	0	0
AT5G19570	230	152	153	203	226	164
AT5G40090	417	328	296	157	219	248
AT5G04780	61	58	50	60	63	44
AT5G19550	2312	2144	1818	2219	2354	1616
AT5G23250	1038	856	771	1056	1173	936
AT5G43330	472	408	416	296	215	192
AT5G58440	909	947	948	1009	1127	939
AT5G17440	1018	825	850	915	967	902
AT5G49880	857	1023	884	920	1080	864
AT5G14860	0	0	1	1	0	0
AT5G01280	29	34	66	32	28	44
AT5G22730	134	154	156	170	244	164
AT5G06760	2510	1048	1022	199	209	212
AT5G44210	38	31	41	21	54	27
AT5G42000	587	608	675	459	524	581
AT5G48010	4905	4694	5923	1386	1207	1536
AT5G57050	465	285	291	174	267	164
AT5G60130	0	2	0	0	0	0
AT5G26865	14	8	16	19	20	14
AT5G37960	0	0	0	0	0	0
AT5G45180	1	0	1	0	0	1
AT5G29050	0	0	0	0	0	0
AT5G47890	2317	1726	1803	1747	1909	1625
AT5G57710	598	804	856	415	505	524
AT5G64990	32	39	52	27	33	30
AT5G46800	688	601	572	652	767	661
AT5G47760	538	411	482	446	494	470
AT5G16870	226	155	168	230	238	196
AT5G52280	1345	1384	1167	1342	1649	1285
AT5G43280	353	384	328	359	455	309
AT5G66920	3656	5039	3810	3592	3777	3108
AT5G61360	35	39	29	39	52	31
AT5G01350	2509	1877	1978	2288	2566	2385
AT5G19700	0	0	0	3	14	2
AT5G38340	86	140	113	238	414	259
AT5G64810	430	508	659	544	437	683
AT5G27270	273	299	301	418	457	325
AT5G21222	100	70	63	118	115	89
AT5G04680	104	209	150	170	193	148
AT5G53080	75	86	70	106	123	102
AT5G38565	8	11	7	10	14	4
AT5G62610	915	733	853	673	744	691
AT5G58450	743	794	762	912	920	788
AT5G61440	412	343	188	517	583	359
AT5G63650	525	446	420	580	664	436
AT5G44566	14	10	11	9	22	16
AT5G05960	7201	8982	6396	6630	8741	5613
AT5G15800	5	0	0	0	0	0
AT5G16580	0	0	0	0	0	0
AT5G02060	22	25	33	25	35	31
AT5G65170	45	43	40	98	125	33
AT5G41820	7	6	7	6	7	11
AT5G55060	837	846	921	853	930	902
AT5G02010	252	200	239	296	372	274
AT5G13565	18	10	4	18	13	5
AT5G24680	185	143	128	184	227	144
AT5G53820	97	134	112	100	119	18
AT5G18810	69	48	79	79	76	45
AT5G36890	611	668	715	677	747	569
AT5G18590	451	335	330	443	422	449
AT5G41060	488	494	426	406	547	429
AT5G35180	1970	2379	2189	2017	2224	1811
AT5G23050	809	672	555	959	1127	897
AT5G66600	152	131	116	253	262	289
AT5G58790	188	145	165	146	216	150
AT5G04530	0	0	0	0	0	0
AT5G15930	1111	1348	1349	864	802	833
AT5G61470	0	0	0	0	0	0
AT5G39870	0	0	0	1	0	0
AT5G53920	60	88	60	82	81	45
AT5G26600	1255	1227	1065	1101	1383	959
AT5G38320	0	0	0	0	4	2
AT5G27430	751	675	546	615	683	547
AT5G44430	0	0	0	0	0	0
AT5G35230	0	0	0	0	0	0
AT5G38880	1287	1546	1397	1317	1420	1285
AT5G05550	193	142	158	180	225	169
AT5G23980	0	0	0	0	1	2
AT5G65274	0	0	0	0	0	0
AT5G34581	0	0	0	0	0	0
AT5G08305	35	38	26	28	48	29
AT5G07880	31	21	26	37	41	21
AT5G67100	779	824	860	1130	1238	1028
AT5G48375	1	1	1	0	0	2
AT5G59130	0	0	0	0	0	0
AT5G43010	1780	1674	1578	1650	1915	1546
AT5G16910	10216	12992	13258	8820	6369	10308
AT5G15460	318	281	344	290	290	249
AT5G47970	323	344	348	254	269	275
AT5G41760	428	452	390	397	445	309
AT5G55460	2	0	0	0	2	3
AT5G43450	25	16	13	3	4	11
AT5G52560	1098	1316	1343	1004	1198	893
AT5G24570	21	13	14	6	10	14
AT5G64780	57	50	72	31	56	57
AT5G17010	313	389	397	273	344	296
AT5G57320	34	44	38	33	44	25
AT5G42190	1904	1969	1639	1890	2087	1578
AT5G15360	2	0	0	0	2	0
AT5G66150	11	5	6	5	3	3
AT5G01480	39	46	42	44	53	31
AT5G56075	2	0	0	0	2	0
AT5G61540	119	104	99	134	177	112
AT5G46160	581	390	380	513	536	467
AT5G26860	1097	834	819	1147	1138	857
AT5G60930	1170	1617	1309	1782	1894	1296
AT5G10620	55	66	61	59	57	53
AT5G45660	166	127	118	159	198	164
AT5G16230	149	187	166	254	339	243
AT5G51795	82	76	61	67	81	46
AT5G02480	2663	2306	2223	2800	3992	2477
AT5G26731	130	117	122	92	99	84
AT5G09210	24	13	35	3	4	10
AT5G09440	2114	2611	2549	1782	2154	1711
AT5G64050	706	710	646	733	835	696
AT5G05150	0	4	2	1	1	0
AT5G15530	1681	1066	1161	1451	1408	1264
AT5G22860	174	315	357	105	107	105
AT5G22810	0	0	0	0	0	0
AT5G09260	413	440	509	381	390	482
AT5G01305	0	0	0	0	0	0
AT5G56150	1403	1033	1200	642	791	604
AT5G51590	585	662	615	653	705	560
AT5G62570	5448	6140	6484	4067	2852	4855
AT5G55490	2	2	4	1	4	10
AT5G23280	163	214	145	257	481	156
AT5G17760	677	710	637	681	903	669
AT5G23080	887	796	844	927	986	985
AT5G52420	142	89	107	103	104	88
AT5G38560	1358	1532	1510	1452	1515	1458
AT5G42120	4	5	2	8	9	8
AT5G11450	223	172	158	189	238	185
AT5G07400	135	133	139	152	180	138
AT5G12880	256	267	327	193	156	311
AT5G16780	1721	1656	1634	1656	1966	1744
AT5G19130	468	497	452	520	637	452
AT5G40260	1	0	0	0	0	0
AT5G09540	31	27	29	26	47	34
AT5G16040	937	972	1008	794	1024	812
AT5G47580	182	129	160	211	245	163
AT5G02460	71	73	105	102	148	98
AT5G11610	42	38	45	44	53	58
AT5G23130	509	523	400	436	381	416
AT5G14920	2078	2974	1571	2920	3863	1654
AT5G37460	1	3	0	2	1	2
AT5G41685	1548	1245	1216	1219	1404	1170
AT5G08430	496	426	393	465	588	452
AT5G06100	324	260	277	329	372	315
AT5G26667	3371	3181	3220	2854	3029	2570
AT5G59650	80	72	49	90	108	57
AT5G45980	0	1	0	0	0	0
AT5G25020	86	53	64	51	47	57
AT5G62600	655	644	702	634	630	669
AT5G43820	50	33	38	39	42	43
AT5G07780	71	49	59	78	109	151
AT5G45580	86	43	71	89	85	71
AT5G22791	0	0	0	0	0	0
AT5G29624	0	0	0	0	0	0
AT5G50175	16	14	9	7	17	12
AT5G16990	115	126	147	84	103	89
AT5G49320	73	88	67	73	109	83
AT5G08620	769	610	589	1069	1145	1028
AT5G03420	430	417	389	462	592	434
AT5G44850	0	0	0	0	0	0
AT5G46510	1186	1390	1304	1104	882	1097
AT5G66430	0	0	0	0	0	0
AT5G11440	38	26	20	21	17	31
AT5G41920	121	160	93	127	171	91
AT5G47300	0	0	0	0	0	0
AT5G17540	0	0	1	0	4	2
AT5G16280	1175	1319	1237	1322	1474	1249
AT5G14290	0	0	0	0	0	0
AT5G18280	1339	1253	1106	1174	1316	1033
AT5G56369	0	0	0	0	0	0
AT5G20810	68	33	42	64	47	50
AT5G46460	84	63	86	101	116	89
AT5G66830	19	19	15	15	18	27
AT5G42130	223	228	206	231	260	197
AT5G14460	306	323	313	359	438	276
AT5G61280	72	100	114	65	95	100
AT5G48605	0	0	0	0	0	0
AT5G16930	357	266	246	344	406	266
AT5G52210	709	618	547	492	458	515
AT5G19473	2	1	0	5	0	2
AT5G24840	294	212	202	245	280	219
AT5G28090	0	0	0	0	1	0
AT5G05170	14809	18766	18180	12163	14845	11829
AT5G24780	2857	4248	3723	2038	1478	793
AT5G19180	1089	1003	964	1067	1139	947
AT5G50335	2	0	1	0	0	0
AT5G12250	7849	8918	8732	7323	8664	6345
AT5G64910	19	30	28	19	25	19
AT5G13130	0	0	0	0	0	1
AT5G49560	146	112	104	186	196	169
AT5G11000	1120	1252	945	950	1087	868
AT5G40760	3147	3325	3427	2735	3200	2814
AT5G07570	0	1	0	0	0	0
AT5G58680	988	1390	1614	1475	1333	1731
AT5G60540	592	695	732	677	886	723
AT5G27980	0	1	1	0	1	2
AT5G55270	4	3	0	5	3	0
AT5G09450	295	310	248	314	403	225
AT5G18525	1221	1483	1410	1201	1424	1339
AT5G44575	5	3	1	4	3	0
AT5G66490	109	80	101	192	236	244
AT5G04920	1064	967	1055	890	1000	989
AT5G56360	2930	2590	2391	2592	2955	2230
AT5G01740	28	11	11	161	364	96
AT5G28610	3473	4078	5576	2866	2396	4658
AT5G27200	35	9	11	12	13	10
AT5G18000	3	1	1	4	4	0
AT5G57060	105	100	80	88	116	64
AT5G15853	0	0	0	0	0	0
AT5G57950	312	292	264	264	308	283
AT5G37430	0	0	0	0	0	0
AT5G64600	296	271	295	306	324	240
AT5G06010	0	1	0	1	0	1
AT5G51110	37	16	23	37	58	28
AT5G51930	29	20	20	48	58	31
AT5G24215	0	0	0	0	0	0
AT5G57550	7	10	9	9	3	7
AT5G43580	126	101	51	256	248	391
AT5G65207	2945	2789	2087	3249	4242	3972
AT5G52710	128	222	222	433	349	652
AT5G67090	138	187	213	121	140	138
AT5G09910	10	10	9	13	15	10
AT5G46100	52	55	47	51	75	59
AT5G47060	563	541	519	278	360	140
AT5G58100	1813	1821	1945	1784	2116	1711
AT5G13530	1637	1967	1973	1935	2269	2043
AT5G67470	1490	1765	1716	1738	2387	1259
AT5G20710	264	141	79	39	32	31
AT5G13640	779	731	722	785	910	713
AT5G51100	165	123	98	145	174	132
AT5G27790	0	0	0	0	0	0
AT5G37510	5626	5771	5636	5587	6426	5307
AT5G04180	0	1	2	0	0	0
AT5G60530	493	767	929	1217	1691	1787
AT5G58960	330	229	240	292	337	295
AT5G01880	45	39	41	22	43	39
AT5G08310	96	103	106	115	125	120
AT5G67590	1955	1264	1317	1288	1366	1248
AT5G42140	318	431	420	402	487	422
AT5G48880	70	96	72	83	133	40
AT5G52600	54	79	25	52	71	3
AT5G54640	443	328	310	296	379	296
AT5G27690	94	166	167	111	142	95
AT5G65720	2198	2011	1892	2000	2358	1938
AT5G13000	3360	4446	3661	4202	5151	3388
AT5G20610	1108	1104	1192	1056	1302	1204
AT5G44390	75	97	118	143	226	87
AT5G61495	2	2	1	1	4	2
AT5G11800	798	823	786	839	915	795
AT5G02210	11	11	5	8	5	4
AT5G13800	1045	1345	1251	887	823	877
AT5G62930	1067	912	868	1104	1141	986
AT5G43070	210	221	195	212	202	153
AT5G51451	15	19	18	16	18	24
AT5G39630	0	0	0	0	0	0
AT5G14515	13	13	16	6	12	14
AT5G13810	1821	2369	2546	1864	2013	1867
AT5G12860	1478	1335	1681	1295	1710	1249
AT5G47590	34	56	50	23	19	12
AT5G05750	507	451	425	453	569	411
AT5G25560	3055	2987	3050	2740	3001	2580
AT5G02310	1311	1872	1818	1843	2281	1860
AT5G52310	20226	20454	15249	3110	2938	1589
AT5G51200	2234	2674	2217	2305	2637	2232
AT5G40855	0	0	0	0	0	0
AT5G38350	281	333	369	400	404	540
AT5G04190	0	0	0	0	0	0
AT5G07870	1264	1395	1632	572	608	815
AT5G49180	0	2	1	0	0	0
AT5G17470	0	1	0	0	0	0
AT5G14890	102	112	100	128	174	175
AT5G49945	496	403	384	510	638	456
AT5G58240	755	612	588	652	735	609
AT5G54960	1655	2550	1579	1231	1658	927
AT5G66000	84	62	65	103	125	87
AT5G44582	71	30	32	96	111	161
AT5G52430	811	674	634	605	617	750
AT5G16180	231	227	212	308	378	306
AT5G38397	0	0	0	0	0	0
AT5G25010	78	59	56	72	76	76
AT5G19270	0	0	0	0	1	0
AT5G42655	38	41	27	41	55	61
AT5G02550	249	173	181	208	242	265
AT5G62100	126	164	113	75	107	70
AT5G36659	0	0	0	0	0	0
AT5G47940	369	385	283	350	492	326
AT5G24180	0	0	0	2	10	4
AT5G45680	0	0	0	0	2	0
AT5G42770	288	275	228	266	301	218
AT5G55680	4	5	2	4	2	4
AT5G67150	125	114	124	168	239	104
AT5G01760	95	78	98	79	94	147
AT5G12170	147	142	186	198	213	202
AT5G14230	254	338	358	356	562	418
AT5G61670	403	357	353	408	490	387
AT5G38391	0	0	0	0	0	0
AT5G45820	0	0	0	1	3	0
AT5G38290	90	79	79	79	115	106
AT5G10810	395	330	341	292	390	286
AT5G61430	46	64	83	31	36	15
AT5G35695	0	0	0	0	0	0
AT5G27495	0	0	0	0	0	0
AT5G54720	195	280	324	160	111	329
AT5G13420	6012	5158	4869	6725	9241	6639
AT5G19960	349	324	257	349	443	339
AT5G41190	1119	949	855	1252	1315	1070
AT5G45210	241	201	156	276	272	287
AT5G58610	31	53	46	47	70	37
AT5G23908	0	0	0	0	0	0
AT5G55980	1	1	2	4	3	2
AT5G47175	1	3	0	0	1	0
AT5G23360	205	166	72	127	161	117
AT5G08790	5931	8036	9160	3272	3170	6225
AT5G42230	1	2	0	0	1	3
AT5G17420	1318	2386	1968	1503	1943	1236
AT5G19640	0	0	0	0	0	0
AT5G27765	65	76	83	44	31	107
AT5G22940	471	309	277	478	504	428
AT5G07320	308	286	290	256	329	248
AT5G46025	0	0	0	0	0	0
AT5G26910	537	582	555	625	678	564
AT5G10630	536	579	545	567	737	570
AT5G39400	0	0	0	0	0	0
AT5G56960	5	3	9	11	7	22
AT5G26060	0	0	0	0	0	0
AT5G22360	535	483	458	448	636	534
AT5G05520	1002	867	795	859	1017	914
AT5G54790	8	2	4	5	4	7
AT5G23480	18	9	4	2	12	8
AT5G02170	664	645	702	193	142	245
AT5G22580	75	25	18	56	34	37
AT5G12110	142	212	179	83	81	96
AT5G60270	217	223	212	131	135	267
AT5G18580	1461	1410	1424	1575	1804	1446
AT5G43155	42	45	36	69	90	35
AT5G13310	263	174	214	152	238	199
AT5G37290	102	105	92	100	137	110
AT5G10695	1899	2459	2827	1900	1571	2031
AT5G55600	926	856	857	928	1136	890
AT5G16760	1499	1280	1273	1091	1254	1012
AT5G35730	830	694	687	711	833	655
AT5G64870	5062	5189	7396	4106	3748	7205
AT5G50930	91	65	56	105	81	60
AT5G14000	300	220	238	323	344	358
AT5G61520	2	6	4	1	2	3
AT5G13060	132	113	92	210	227	167
AT5G33280	282	269	274	270	366	237
AT5G50820	62	45	51	93	145	104
AT5G43290	2	4	3	8	20	5
AT5G41890	5	3	4	1	3	10
AT5G01150	0	0	0	0	1	0
AT5G60640	4821	4384	4687	4463	5046	4338
AT5G52155	0	0	0	0	0	0
AT5G06960	514	469	479	508	550	507
AT5G54540	1355	1394	1261	1182	1460	1306
AT5G18080	0	0	0	0	0	0
AT5G37070	593	624	695	546	517	642
AT5G01140	0	0	0	0	0	0
AT5G01540	83	87	127	43	57	110
AT5G01830	931	1044	989	908	787	1122
AT5G03550	7	8	2	6	8	8
AT5G03140	339	303	393	562	662	572
AT5G16620	979	810	769	858	1045	842
AT5G38378	0	0	0	0	0	0
AT5G51990	220	251	322	278	290	302
AT5G54740	0	0	0	0	0	0
AT5G39430	0	0	0	0	0	0
AT5G05690	644	471	446	466	547	587
AT5G63020	57	57	49	75	107	119
AT5G52640	200	178	180	147	135	150
AT5G23270	4	0	0	1	3	0
AT5G04790	14	11	11	6	20	12
AT5G47635	121	107	138	80	123	67
AT5G46795	3	0	1	0	1	2
AT5G59780	470	525	443	1119	1974	608
AT5G51660	784	866	865	904	1072	886
AT5G37350	858	696	652	748	899	794
AT5G52800	53	55	61	73	61	55
AT5G61780	5176	4953	4592	4719	5396	4337
AT5G26640	0	0	0	0	0	0
AT5G48170	154	138	157	120	108	114
AT5G42270	557	560	524	511	642	461
AT5G13410	97	93	97	120	94	76
AT5G57015	3570	4492	4715	3354	2308	3577
AT5G63710	634	893	1088	632	855	756
AT5G39330	1	0	0	0	1	0
AT5G56290	1047	1032	1017	1124	1235	1076
AT5G45220	120	185	108	156	161	257
AT5G15150	768	443	432	396	459	475
AT5G59400	234	198	261	145	150	159
AT5G49700	48	39	29	27	27	32
AT5G44080	280	271	255	287	425	220
AT5G26790	18	37	21	38	57	31
AT5G42440	119	119	140	164	187	222
AT5G45510	7296	9118	8951	9518	11260	11049
AT5G66250	1044	929	931	958	1162	1110
AT5G42880	501	362	410	406	496	399
AT5G35670	214	168	204	213	272	200
AT5G24575	0	0	0	0	0	0
AT5G50600	0	0	0	0	0	0
AT5G22840	436	343	370	473	600	441
AT5G54800	1344	1458	1307	1508	2341	1460
AT5G07571	2	6	3	5	4	7
AT5G24130	0	0	0	0	0	0
AT5G22800	128	160	128	166	198	155
AT5G36907	153	181	225	151	147	158
AT5G03720	200	197	122	137	134	81
AT5G03330	397	407	385	381	462	367
AT5G18420	634	584	577	631	746	627
AT5G56860	0	0	0	0	0	0
AT5G63770	5901	7167	6117	4743	2893	5563
AT5G03270	124	291	238	124	61	95
AT5G18460	251	217	199	209	250	198
AT5G13730	0	1	2	0	0	1
AT5G10190	631	761	767	668	739	680
AT5G42240	268	273	220	356	415	291
AT5G06820	65	74	66	58	77	88
AT5G52950	246	162	144	210	224	170
AT5G55210	184	261	262	205	324	245
AT5G40540	1138	1212	1247	659	574	934
AT5G04170	1579	1616	1735	1442	1597	1503
AT5G10590	0	0	0	2	0	0
AT5G58020	633	635	652	543	607	565
AT5G17100	0	0	0	0	0	0
AT5G07545	0	0	0	0	0	0
AT5G22750	262	279	272	297	328	331
AT5G28520	1256	836	481	106	49	61
AT5G61410	581	581	536	537	735	523
AT5G16840	2018	1946	1940	1432	1489	1433
AT5G13260	1191	1179	1158	1156	1348	1049
AT5G53560	5733	4466	4501	4730	4968	4250
AT5G24010	645	958	696	505	630	386
AT5G23320	35	42	60	51	45	60
AT5G49020	624	633	514	759	854	615
AT5G60660	2917	1966	1880	2621	2683	3295
AT5G16010	105	95	59	87	155	41
AT5G39940	126	108	110	91	144	105
AT5G51830	724	745	818	640	747	647
AT5G11350	507	448	510	569	552	504
AT5G03050	196	181	191	132	186	191
AT5G61390	170	201	201	144	154	170
AT5G61640	207	334	286	207	281	176
AT5G57345	22	19	7	11	37	9
AT5G24105	31	39	34	25	48	39
AT5G57690	8	5	6	14	6	6
AT5G43040	397	334	309	234	242	258
AT5G02730	0	0	0	0	0	0
AT5G38790	25	17	16	18	16	10
AT5G65740	171	154	157	139	178	136
AT5G33330	0	0	0	0	0	1
AT5G01420	82	114	83	92	129	81
AT5G35735	16965	25479	32078	16539	12526	20579
AT5G46820	0	0	0	1	0	0
AT5G65690	1685	1840	588	2073	1795	1826
AT5G54020	116	108	118	52	76	68
AT5G50410	266	255	195	305	395	275
AT5G04490	57	98	70	54	81	53
AT5G07210	0	0	0	0	0	0
AT5G10960	2586	2528	2482	2309	3109	2455
AT5G10820	549	559	761	526	549	516
AT5G45610	174	186	160	174	174	145
AT5G66130	437	378	417	275	232	310
AT5G49860	0	0	0	2	1	0
AT5G48020	1383	1403	1354	1377	1657	1212
AT5G12240	488	350	364	428	479	387
AT5G11500	3381	2868	2738	3555	3789	3046
AT5G34887	0	0	0	0	0	0
AT5G62540	773	671	682	627	684	567
AT5G49710	525	539	552	488	608	590
AT5G09930	0	0	0	0	0	0
AT5G47530	232	201	267	84	120	89
AT5G22270	15	35	29	52	52	34
AT5G02450	6967	4429	4340	5671	6452	5378
AT5G58830	18	11	3	79	66	65
AT5G39670	809	767	853	1355	1371	1547
AT5G51510	471	359	387	395	457	376
AT5G61840	1300	1127	1326	1202	1390	1248
AT5G53400	1645	1264	1209	1339	1530	1299
AT5G21020	4288	3999	4493	3294	3522	2839
AT5G55150	0	2	0	1	5	2
AT5G36220	77	128	137	83	119	74
AT5G49770	10	34	16	145	197	271
AT5G40405	83	91	84	105	120	85
AT5G37710	309	279	249	272	398	275
AT5G50310	1415	1191	1210	1396	1579	1396
AT5G10150	9	10	7	9	14	9
AT5G40690	399	414	354	333	346	461
AT5G66970	0	1	0	0	0	0
AT5G49665	339	211	245	268	280	312
AT5G37280	0	0	0	0	0	0
AT5G24340	194	195	220	196	288	218
AT5G25270	2073	1643	1671	1843	1902	1826
AT5G10560	943	873	820	1020	1165	931
AT5G07530	0	2	0	1	1	1
AT5G02790	521	730	629	528	612	270
AT5G48820	90	62	62	84	169	84
AT5G55040	2635	3431	2951	2280	2138	2319
AT5G67540	819	767	810	654	717	622
AT5G26660	180	101	112	118	209	156
AT5G47210	12848	9273	8852	11182	12244	9993
AT5G24500	392	373	318	359	477	381
AT5G59280	0	0	0	0	0	2
AT5G57150	1016	1084	1190	934	1140	822
AT5G15200	17833	11880	10647	14797	16641	13909
AT5G02160	108	88	24	51	150	48
AT5G53450	482	420	416	429	527	465
AT5G38400	0	0	0	0	0	0
AT5G24260	906	818	765	891	948	939
AT5G56280	592	546	540	539	668	490
AT5G10390	585	534	529	557	604	390
AT5G08740	629	498	508	455	514	496
AT5G35430	808	894	837	866	1020	792
AT5G37270	0	0	0	0	0	0
AT5G60000	0	0	0	0	0	0
AT5G64830	327	308	331	379	391	329
AT5G28060	11282	7659	7156	9380	10866	9267
AT5G10500	0	2	1	0	0	0
AT5G16810	231	203	209	147	185	133
AT5G43910	276	228	233	394	492	421
AT5G41420	0	0	0	0	0	0
AT5G46200	0	0	0	0	0	0
AT5G15750	628	435	431	518	608	476
AT5G52440	185	164	152	235	245	251
AT5G46190	534	613	552	539	665	591
AT5G16650	314	234	201	286	325	242
AT5G14950	1556	1667	1661	1313	1574	1289
AT5G63380	355	438	392	374	495	280
AT5G65570	49	48	44	52	75	41
AT5G12190	562	431	468	454	492	418
AT5G28730	0	0	0	0	0	0
AT5G05070	0	0	0	0	0	0
AT5G10550	1916	1651	1418	2046	2738	1634
AT5G11400	0	0	0	0	0	0
AT5G11760	709	518	461	583	644	525
AT5G11290	23	15	20	29	32	29
AT5G43650	1379	1887	2220	1252	711	2316
AT5G50100	47	53	52	42	47	26
AT5G13100	2627	3161	3424	3074	2977	3171
AT5G01710	6531	7024	7357	5018	5081	5396
AT5G26673	0	0	0	0	0	0
AT5G18700	596	742	614	853	1004	668
AT5G39600	658	431	451	558	595	490
AT5G14770	139	122	111	162	187	134
AT5G16160	46	27	25	30	57	35
AT5G52730	1	0	1	9	6	1
AT5G03440	166	140	128	131	186	112
AT5G24310	332	444	406	467	530	266
AT5G51370	167	155	130	130	134	142
AT5G17730	0	0	0	0	0	0
AT5G05480	331	248	305	339	425	269
AT5G48670	46	42	52	43	49	43
AT5G40510	569	508	593	556	662	693
AT5G03020	1	6	1	7	5	8
AT5G66810	404	419	375	449	551	466
AT5G28160	0	0	0	0	0	0
AT5G23920	220	179	200	285	341	238
AT5G20870	67	140	110	100	138	115
AT5G17110	1	0	0	0	0	0
AT5G43710	564	515	562	522	612	465
AT5G52020	6746	8264	10130	4381	2761	6282
AT5G54600	517	355	349	471	596	452
AT5G58760	163	151	188	176	152	143
AT5G05720	0	0	0	0	1	2
AT5G14750	197	131	109	259	249	266
AT5G62860	0	0	0	0	0	0
AT5G04110	309	267	291	222	336	257
AT5G03970	168	147	147	164	193	140
AT5G16750	1108	794	730	1191	1387	1155
AT5G43140	186	182	195	197	168	155
AT5G05285	0	0	0	0	0	0
AT5G44370	266	285	227	265	363	229
AT5G38670	0	0	0	0	0	0
AT5G05830	163	123	118	129	181	78
AT5G50960	909	743	707	706	782	673
AT5G36920	2	7	6	3	4	6
AT5G40210	69	55	56	33	57	54
AT5G22520	196	238	245	353	238	441
AT5G53592	0	0	2	1	0	0
AT5G07165	3	3	7	6	12	10
AT5G51980	1328	1631	1606	1196	1117	1227
AT5G44710	627	408	369	465	507	437
AT5G12400	1421	1461	1420	1512	1792	1547
AT5G54180	57	57	40	40	59	39
AT5G43020	419	313	239	383	451	456
AT5G34930	218	217	214	205	224	193
AT5G06490	1	3	3	1	7	4
AT5G26610	823	734	707	714	810	622
AT5G10750	3185	4179	4119	2687	2095	2713
AT5G39360	313	433	368	213	254	242
AT5G42050	14698	20327	22144	14564	14368	15213
AT5G27580	1	1	1	0	0	2
AT5G14200	898	848	907	2493	3055	2316
AT5G08335	213	271	208	216	250	231
AT5G60780	1	2	1	3	7	3
AT5G67070	553	603	436	583	795	297
AT5G12470	2409	2046	2310	2104	2426	2320
AT5G19320	702	593	535	621	765	613
AT5G07860	426	431	548	269	292	322
AT5G18705	2	1	0	0	1	0
AT5G55640	240	203	216	178	206	213
AT5G40270	258	265	265	256	316	269
AT5G47880	2202	1499	1661	1096	1326	1108
AT5G26570	1334	1697	1647	1312	1681	1254
AT5G13181	1	1	0	0	4	1
AT5G67020	113	174	193	87	53	83
AT5G04440	413	333	316	403	463	378
AT5G63000	469	317	302	387	396	354
AT5G48490	2	0	0	1	0	0
AT5G59845	8	39	32	36	24	19
AT5G23870	242	213	218	156	199	119
AT5G36820	0	0	0	0	0	0
AT5G04640	0	0	0	0	0	0
AT5G03750	0	0	0	0	0	0
AT5G46850	132	109	106	127	157	116
AT5G67385	51	66	55	78	212	38
AT5G66220	0	0	1	0	0	0
AT5G10625	403	489	826	232	293	360
AT5G17200	2	0	0	0	0	0
AT5G58970	329	293	257	274	307	219
AT5G18020	0	0	0	0	0	0
AT5G05200	699	744	789	588	575	575
AT5G60040	375	394	330	507	566	404
AT5G22090	2047	3938	3163	3660	4024	3018
AT5G46871	0	0	0	0	0	0
AT5G33320	2260	2352	2289	2509	2937	2302
AT5G47790	303	208	237	233	321	226
AT5G09980	3694	2887	4244	1162	973	1882
AT5G37200	0	0	0	0	0	0
AT5G09470	22	32	15	13	10	2
AT5G07120	645	637	628	591	693	593
AT5G35525	54	31	33	37	35	42
AT5G20200	1115	1175	1142	1156	1314	1161
AT5G22020	252	244	234	305	452	242
AT5G57540	52	42	51	33	34	37
AT5G61060	781	1005	1027	1026	1150	1052
AT5G25050	288	274	257	277	337	299
AT5G62790	935	1039	982	809	1179	849
AT5G03510	266	290	312	212	249	277
AT5G03980	1	0	0	0	0	0
AT5G60080	0	0	0	0	0	0
AT5G56130	291	236	238	254	303	248
AT5G09420	304	223	242	277	343	277
AT5G51780	822	959	731	704	753	715
AT5G22680	10	13	32	13	10	26
AT5G08139	233	238	222	200	267	245
AT5G14280	63	28	46	29	46	24
AT5G52040	2607	2379	2402	2510	2662	2471
AT5G09880	1755	1411	1615	1572	1764	1679
AT5G27260	0	1	1	2	1	1
AT5G14490	0	0	0	0	0	1
AT5G52290	18	13	20	8	10	7
AT5G45370	104	109	107	121	109	92
AT5G35475	0	0	0	0	0	0
AT5G57630	258	272	278	301	420	266
AT5G24610	1271	1216	1174	1008	1297	1110
AT5G54350	0	0	0	0	0	0
AT5G66550	207	194	168	174	226	169
AT5G13690	668	737	720	572	685	557
AT5G66850	1033	994	994	1019	1025	1158
AT5G62920	67	37	42	185	364	44
AT5G57030	59	49	38	42	66	80
AT5G56340	820	801	878	642	707	645
AT5G09300	558	389	530	355	396	476
AT5G27660	752	577	422	467	598	396
AT5G64020	749	625	572	581	662	578
AT5G12200	1519	1506	1526	1595	1889	1502
AT5G27450	1368	1148	1186	1301	1400	1352
AT5G35170	378	399	329	420	512	397
AT5G47090	321	278	272	288	319	231
AT5G40860	31	25	33	16	16	24
AT5G65840	106	119	123	98	183	110
AT5G55320	0	0	0	0	0	0
AT5G27893	0	0	0	0	0	0
AT5G08590	1528	1353	1465	1484	1572	1382
AT5G08640	24	14	26	16	15	23
AT5G60730	138	72	71	114	146	84
AT5G26310	281	214	311	218	248	184
AT5G54910	429	299	348	404	492	330
AT5G39100	14	25	32	27	22	33
AT5G02490	1219	1480	1128	1112	1226	928
AT5G46874	0	0	0	0	0	0
AT5G18940	388	400	397	376	433	327
AT5G12235	6	3	5	9	5	10
AT5G25040	2	2	2	0	0	1
AT5G46310	0	0	0	0	0	0
AT5G57567	2	4	3	6	1	0
AT5G52260	80	61	85	78	124	110
AT5G36970	15	32	33	2	7	30
AT5G04000	64	57	44	34	46	57
AT5G37230	0	0	0	1	0	1
AT5G43560	1543	1482	1481	1625	2071	1619
AT5G27140	0	0	0	0	0	0
AT5G16350	4	30	15	17	12	2
AT5G04045	0	0	0	0	0	0
AT5G51270	38	43	56	26	34	48
AT5G42580	2311	1617	2430	515	593	702
AT5G38770	37	50	33	65	55	36
AT5G19430	213	196	155	227	263	225
AT5G38570	0	0	0	0	0	0
AT5G44790	5728	6199	6568	5845	6965	6349
AT5G01290	676	638	623	672	863	695
AT5G51210	20	7	5	17	18	8
AT5G25510	659	680	599	734	994	601
AT5G06300	1000	1051	1672	353	315	624
AT5G03860	87	75	40	84	108	159
AT5G22690	2584	3376	3706	2073	1535	2995
AT5G59390	11	14	11	4	9	6
AT5G65360	2074	1497	1510	1734	2091	1513
AT5G55880	0	0	0	0	0	0
AT5G66816	7	7	3	2	3	3
AT5G24810	2694	3000	3294	1306	1254	1625
AT5G61090	10	19	20	18	15	8
AT5G24960	78	62	47	130	170	146
AT5G64970	121	168	136	150	146	111
AT5G62090	2253	2701	2190	1676	1506	1715
AT5G64816	179	145	118	159	180	142
AT5G11630	182	102	96	139	152	124
AT5G53430	308	299	330	340	375	396
AT5G59910	4680	3691	3679	4195	4769	3652
AT5G53910	0	0	0	0	0	0
AT5G56970	21	8	10	20	25	13
AT5G09320	0	0	0	0	4	0
AT5G56100	15	5	2	44	96	65
AT5G65760	907	761	805	735	861	776
AT5G55410	0	0	0	0	0	0
AT5G61300	142	100	98	179	160	117
AT5G53360	207	183	224	189	202	153
AT5G43270	973	750	719	462	528	488
AT5G28210	0	0	0	0	0	0
AT5G18090	1	4	5	7	7	4
AT5G64650	390	283	280	380	349	290
AT5G25300	1	0	0	0	0	0
AT5G46230	259	289	325	196	235	213
AT5G23405	215	205	204	245	288	211
AT5G05680	438	389	409	525	592	467
AT5G24275	4	1	0	1	0	2
AT5G04590	5599	5425	5053	7793	10851	8640
AT5G34870	0	0	0	0	0	0
AT5G19080	203	226	197	255	275	230
AT5G40910	1837	2137	2389	1795	1948	1680
AT5G62350	9170	15343	13186	7214	6789	5454
AT5G18640	527	535	563	612	849	611
AT5G25415	0	0	0	0	0	0
AT5G13850	3743	3007	2884	3257	3786	3215
AT5G16470	2262	2044	2166	2311	2680	2179
AT5G57140	134	138	134	127	131	120
AT5G66053	0	0	0	0	1	0
AT5G24150	0	0	0	0	0	0
AT5G54680	2261	2258	2340	1954	2109	1983
AT5G44540	0	0	0	0	0	0
AT5G39830	179	216	224	219	275	206
AT5G33898	0	0	0	0	0	0
AT5G50550	0	0	2	0	1	1
AT5G27360	1	2	1	3	1	1
AT5G41390	7	1	6	1	3	2
AT5G56170	2541	2638	2332	1844	1706	1814
AT5G67530	633	603	525	656	703	652
AT5G48655	1497	1272	1623	1282	1141	1445
AT5G23190	580	870	1009	390	568	505
AT5G44005	66	56	82	39	66	30
AT5G46890	1689	965	929	1186	1199	1241
AT5G45730	92	123	106	79	129	81
AT5G11410	4	7	5	8	11	2
AT5G47740	640	641	614	313	244	533
AT5G14510	95	123	104	100	138	94
AT5G22980	0	0	0	0	0	0
AT5G45140	797	701	686	977	1041	723
AT5G54690	434	665	580	347	485	343
AT5G24820	29	22	47	5	3	1
AT5G25260	10	8	12	50	36	37
AT5G24318	76	125	136	151	174	112
AT5G23760	266	262	321	251	330	231
AT5G53240	0	0	0	0	1	0
AT5G06030	0	0	0	0	0	0
AT5G07410	0	1	0	0	0	0
AT5G14570	20	21	23	9	16	15
AT5G62810	1300	1179	1154	1106	1305	1076
AT5G06590	139	100	113	135	130	89
AT5G54220	0	0	0	0	0	0
AT5G60590	168	173	170	171	180	195
AT5G51180	429	409	421	427	544	453
AT5G57800	283	255	249	160	184	179
AT5G07700	0	0	0	0	0	0
AT5G39770	0	0	0	0	0	0
AT5G45290	626	689	625	721	897	569
AT5G16100	0	0	0	0	0	0
AT5G24320	117	207	229	295	599	173
AT5G40230	194	175	170	151	137	163
AT5G08200	435	506	457	435	497	345
AT5G49540	778	608	540	574	630	510
AT5G61605	0	0	0	0	0	0
AT5G47380	2	0	0	1	1	0
AT5G38960	0	0	0	0	0	0
AT5G48530	374	316	375	229	271	446
AT5G25810	17	29	12	43	143	17
AT5G67270	535	439	413	513	566	447
AT5G11330	320	316	318	268	349	239
AT5G60450	1390	1936	2077	1155	1381	1428
AT5G39610	42	76	71	26	79	77
AT5G37474	0	0	0	2	0	0
AT5G27290	1	1	0	2	4	0
AT5G10420	0	0	0	0	0	1
AT5G40153	4	3	8	9	4	3
AT5G17450	111	70	85	120	141	164
AT5G44574	4	9	5	14	12	6
AT5G15537	54	47	42	22	33	29
AT5G43513	0	0	0	0	0	0
AT5G51790	753	959	763	566	452	521
AT5G64690	38	48	43	72	101	49
AT5G15320	1857	1221	1209	1488	1495	1230
AT5G04500	2	2	0	3	0	0
AT5G64010	138	125	136	155	163	112
AT5G64400	3891	3080	3180	2990	2893	2879
AT5G10660	0	2	0	1	2	2
AT5G36910	0	0	0	0	0	0
AT5G41430	0	0	0	0	1	0
AT5G64140	3864	2251	2150	2680	2906	2383
AT5G26210	600	652	596	597	818	650
AT5G15060	2	1	8	1	1	0
AT5G60520	123	78	81	277	427	328
AT5G03870	276	283	221	375	488	275
AT5G56700	1	5	10	5	6	4
AT5G64940	124	123	192	163	296	45
AT5G54760	2950	2485	2455	2260	2521	2022
AT5G38530	689	405	413	529	592	593
AT5G48110	2370	1471	1287	1851	1857	1907
AT5G23350	198	243	85	150	174	121
AT5G39650	0	0	1	0	0	0
AT5G63690	45	47	34	43	47	42
AT5G36805	0	0	0	0	0	0
AT5G24155	0	0	0	0	0	0
AT5G37478	180	255	197	217	219	150
AT5G46020	5210	3972	3996	4312	4891	4370
AT5G38600	540	412	406	482	606	597
AT5G36661	0	0	0	0	0	0
AT5G19780	5463	5964	4504	6063	7467	5258
AT5G04380	12	12	15	9	10	3
AT5G16570	586	1052	2776	305	393	675
AT5G60615	0	0	0	0	0	0
AT5G51960	118	104	82	98	164	92
AT5G49580	515	572	564	536	624	507
AT5G51910	80	63	51	102	116	80
AT5G48400	53	85	71	37	31	80
AT5G10740	376	356	400	305	348	400
AT5G50860	377	471	441	462	475	351
AT5G52620	0	0	0	0	0	0
AT5G58340	290	298	334	256	326	285
AT5G28420	0	0	0	0	0	0
AT5G36710	0	0	0	0	0	0
AT5G26930	15	8	3	6	4	14
AT5G14800	2946	2085	2156	2958	3275	2582
AT5G64130	6755	7055	6581	5397	4495	5175
AT5G25400	0	0	0	0	0	0
AT5G09940	0	0	0	0	0	0
AT5G42940	1439	1696	1689	1251	1313	1461
AT5G49690	18	29	22	22	14	25
AT5G37690	1261	1674	2319	906	1131	739
AT5G23470	2	0	0	0	0	0
AT5G26180	481	396	401	507	594	497
AT5G55700	306	216	210	320	454	311
AT5G03120	14	6	10	5	8	6
AT5G39024	0	0	0	0	0	0
AT5G14270	1611	1652	1738	1447	1790	1537
AT5G08410	123	120	106	114	147	116
AT5G28810	0	0	0	0	0	0
AT5G47229	0	0	0	0	0	0
AT5G14960	118	114	140	76	92	82
AT5G52580	2009	2291	2149	1339	1159	1358
AT5G35090	0	0	0	0	0	0
AT5G56370	49	17	11	8	24	17
AT5G59200	15	12	13	13	15	9
AT5G36657	0	0	0	0	0	0
AT5G11130	1	0	0	0	0	0
AT5G07950	91	101	83	114	138	95
AT5G27540	1382	1347	1316	1391	1687	1301
AT5G63920	300	276	293	403	466	384
AT5G59580	41	33	65	24	16	25
AT5G56420	72	80	87	82	93	74
AT5G35300	0	0	0	0	0	0
AT5G63700	198	218	253	199	252	151
AT5G53550	574	530	610	483	580	825
AT5G12260	411	330	318	356	429	330
AT5G17900	693	618	539	615	738	644
AT5G41080	8477	9322	6776	7131	5094	8541
AT5G01240	948	1497	1314	1067	1574	1087
AT5G53370	803	1587	1171	870	1142	429
AT5G03180	247	227	193	198	226	222
AT5G02040	382	330	360	407	483	339
AT5G39440	0	0	0	0	0	0
AT5G50370	1667	1690	1599	1339	1430	1208
AT5G62780	3	0	1	1	1	0
AT5G44690	2	2	1	7	7	9
AT5G05790	683	763	721	500	705	382
AT5G58290	4702	4143	3994	4216	4903	4134
AT5G35080	593	559	526	631	763	594
AT5G55720	0	1	0	2	0	0
AT5G53120	1766	1753	1687	886	1160	895
AT5G49210	1005	681	705	719	818	749
AT5G05610	939	899	857	822	1017	817
AT5G53990	224	229	250	329	394	341
AT5G42210	126	192	209	128	182	160
AT5G45320	33	42	39	45	42	48
AT5G17670	36	29	38	52	84	42
AT5G52910	194	164	174	251	307	215
AT5G50380	839	855	879	818	912	773
AT5G50423	0	0	0	0	0	0
AT5G06240	195	188	180	155	170	179
AT5G17320	0	1	0	2	0	0
AT5G52130	0	0	0	0	0	0
AT5G64390	629	594	593	663	766	742
AT5G26100	0	0	0	0	0	0
AT5G43401	0	0	1	0	0	0
AT5G60160	1052	958	923	965	1116	941
AT5G67300	13901	17720	16238	10545	8870	10798
AT5G51430	1675	1629	1491	1700	1937	1580
AT5G44560	670	651	547	769	908	620
AT5G05630	40	60	44	55	74	61
AT5G41840	0	0	0	2	0	0
AT5G35890	0	0	0	0	0	1
AT5G04238	0	0	0	0	0	0
AT5G36130	356	412	1169	32	26	63
AT5G35330	440	398	367	429	570	460
AT5G37970	1	1	5	0	0	0
AT5G64230	73	83	84	45	57	46
AT5G12150	2178	2526	2498	2099	2595	1919
AT5G12090	0	0	0	0	0	0
AT5G62840	23	27	19	20	42	22
AT5G15120	183	258	139	152	235	63
AT5G57100	1274	1331	1143	1417	1423	1485
AT5G20070	964	897	923	963	996	734
AT5G20390	0	0	0	0	0	0
AT5G25210	83	75	79	146	228	114
AT5G66590	453	247	284	267	292	289
AT5G27130	0	0	0	1	3	0
AT5G54280	1109	1127	1197	1323	1769	1415
AT5G34883	0	0	0	0	0	0
AT5G66960	67	68	52	80	105	68
AT5G48540	488	590	794	246	266	478
AT5G54270	242	140	53	116	798	12
AT5G06970	1963	2075	2139	2172	2616	1945
AT5G57260	1	3	0	2	0	6
AT5G22410	150	132	78	102	92	91
AT5G56470	0	0	0	0	0	0
AT5G41660	1	0	0	1	5	0
AT5G35590	2886	2409	2280	2335	2548	2084
AT5G19120	3142	3064	1646	2715	2867	2451
AT5G55850	1739	1456	1375	1115	1233	1256
AT5G36080	0	0	0	0	0	0
AT5G06360	3745	2612	2390	3153	3528	3385
AT5G01790	161	265	258	132	148	79
AT5G16000	401	471	400	717	1142	520
AT5G08360	75	59	43	87	116	68
AT5G27520	1261	1470	1555	826	852	991
AT5G25590	442	461	357	585	813	453
AT5G25160	155	95	62	119	260	118
AT5G19790	7	16	17	16	22	15
AT5G13680	1246	1356	1456	1283	1445	1439
AT5G46390	79	76	51	87	103	69
AT5G27350	479	661	364	616	889	585
AT5G47360	81	74	51	67	69	65
AT5G65070	78	108	90	103	172	128
AT5G17650	1028	1276	1139	833	817	899
AT5G45710	554	627	602	441	477	500
AT5G28900	584	523	504	583	604	553
AT5G11990	94	104	104	86	99	77
AT5G09830	459	370	365	386	408	392
AT5G15810	1076	951	853	1064	1257	1036
AT5G67630	915	639	652	808	854	689
AT5G64360	407	372	357	369	454	366
AT5G23710	322	270	233	273	311	244
AT5G60300	2595	2830	2749	1604	1779	1759
AT5G54200	622	512	485	668	812	676
AT5G41580	441	386	342	483	529	416
AT5G38840	784	803	778	846	962	759
AT5G25240	72	68	35	69	119	54
AT5G11930	14	57	111	14	15	8
AT5G64370	1219	1087	1185	1116	1298	1155
AT5G52700	2	5	6	9	3	28
AT5G17850	1858	2304	1910	1248	1178	1471
AT5G13920	24	34	19	25	36	14
AT5G22160	0	0	0	0	0	0
AT5G50360	94	31	46	7	19	19
AT5G45030	0	3	1	1	0	1
AT5G63590	1014	1241	1637	940	1005	739
AT5G59030	82	56	70	106	83	97
AT5G17700	448	839	549	367	653	81
AT5G64950	56	64	45	59	83	41
AT5G18360	205	252	253	204	246	240
AT5G58900	306	300	201	411	526	305
AT5G64510	6	14	6	6	12	15
AT5G66910	708	749	759	720	874	824
AT5G54950	5	7	3	2	7	1
AT5G19480	295	298	293	307	313	271
AT5G54920	316	345	300	312	367	288
AT5G57510	241	217	207	267	264	496
AT5G53340	702	669	683	587	655	603
AT5G58220	776	730	607	720	935	797
AT5G46650	0	0	0	0	0	1
AT5G15430	3	1	1	2	3	1
AT5G07650	62	50	52	129	110	94
AT5G23910	420	592	485	530	609	410
AT5G67200	251	224	220	300	390	240
AT5G41690	114	113	154	132	168	111
AT5G42450	36	29	21	30	41	34
AT5G17270	527	419	379	530	533	443
AT5G47350	0	0	0	2	1	0
AT5G55135	0	0	0	0	0	0
AT5G53740	0	0	0	0	1	0
AT5G45010	1249	850	902	881	923	826
AT5G63420	262	258	232	351	423	309
AT5G59100	5	4	2	3	3	2
AT5G63310	603	673	521	576	725	568
AT5G18140	95	82	69	146	243	146
AT5G57960	217	177	166	183	223	156
AT5G10800	184	133	161	141	222	165
AT5G44567	20	16	11	5	5	10
AT5G08055	0	0	0	0	0	0
AT5G37870	0	0	0	0	0	0
AT5G18800	1864	1331	1341	1537	1596	1463
AT5G28235	0	0	0	0	0	0
AT5G50665	0	0	0	0	0	0
AT5G43310	1919	2622	2109	1952	2025	1695
AT5G07670	136	135	112	201	295	136
AT5G57940	1563	2013	1809	1325	1477	1261
AT5G07490	1	0	0	0	1	0
AT5G40980	266	199	202	296	274	264
AT5G38620	0	0	0	0	0	0
AT5G15790	265	251	211	193	235	167
AT5G60970	0	0	0	0	0	0
AT5G32470	529	535	470	597	571	503
AT5G43890	804	709	992	631	618	743
AT5G26955	0	0	0	0	0	0
AT5G02870	11423	8728	7623	10763	11596	9366
AT5G47750	1213	1234	1136	1292	1674	1220
AT5G50760	11	19	16	25	35	16
AT5G13630	138	108	20	85	469	16
AT5G44090	1463	1252	1322	1314	1415	1419
AT5G46740	217	176	193	323	398	222
AT5G58910	144	204	189	146	210	133
AT5G42690	356	253	331	339	386	316
AT5G33210	0	0	1	0	0	0
AT5G27170	0	0	0	0	0	0
AT5G67520	189	222	247	98	60	162
AT5G13120	1322	1096	1103	1152	1263	975
AT5G09370	0	0	3	6	2	0
AT5G49010	130	134	123	163	189	122
AT5G04150	11	5	18	21	17	24
AT5G18310	1415	1656	1847	1485	1663	1508
AT5G36228	0	0	0	0	0	0
AT5G06690	47	33	14	47	90	70
AT5G15230	8181	3987	4256	6553	6194	5556
AT5G22180	0	0	0	0	0	0
AT5G61600	2390	2416	2055	4192	6256	4186
AT5G19660	795	636	719	844	957	790
AT5G60050	70	65	57	80	137	62
AT5G49940	655	551	485	594	807	612
AT5G38030	1063	1449	1484	947	1118	663
AT5G16410	36	51	31	53	47	38
AT5G64660	2044	2955	3656	1649	1856	2189
AT5G36380	0	0	0	0	0	0
AT5G47600	16	6	6	3	1	3
AT5G50330	191	188	157	216	227	163
AT5G42710	76	109	120	74	130	75
AT5G28660	2	0	0	0	1	1
AT5G55870	0	0	0	0	0	0
AT5G63580	171	443	329	321	437	150
AT5G41761	0	0	0	0	1	0
AT5G05598	0	0	0	0	0	0
AT5G63980	1563	1885	1630	1459	1630	1263
AT5G08600	89	65	84	92	83	96
AT5G33390	1	3	1	0	0	2
AT5G56940	755	517	522	635	682	498
AT5G24440	0	0	0	0	0	0
AT5G67480	849	673	514	445	839	380
AT5G57890	258	78	273	131	250	274
AT5G51120	1066	972	882	978	1234	970
AT5G12890	222	450	423	291	218	226
AT5G66595	15	7	9	10	11	11
AT5G06640	175	165	147	190	216	413
AT5G63890	950	843	876	868	1078	796
AT5G61400	47	34	32	40	46	39
AT5G62630	1729	2401	2010	2037	2524	2040
AT5G50890	485	712	640	604	596	635
AT5G17170	6	2	2	1	4	1
AT5G37670	5	2	4	6	12	6
AT5G22440	5591	3361	3314	4542	4959	4178
AT5G65050	1042	929	972	907	975	941
AT5G04080	1103	839	1121	409	414	494
AT5G17370	292	334	312	248	273	235
AT5G27220	0	5	7	5	8	6
AT5G44990	21	13	13	16	13	53
AT5G07440	7365	5697	4210	8766	7982	5021
AT5G53970	79	70	73	57	77	53
AT5G01895	1	1	3	1	1	3
AT5G62430	132	157	169	206	354	260
AT5G28530	113	134	113	139	168	145
AT5G11560	5409	4738	4630	5435	6432	4947
AT5G03930	0	0	0	0	0	0
AT5G54490	827	1199	1575	893	831	1261
AT5G03355	207	268	220	138	143	165
AT5G58370	329	233	234	429	491	359
AT5G48410	50	64	76	43	33	69
AT5G40900	3	5	5	0	1	1
AT5G65480	610	510	568	693	915	524
AT5G58000	830	929	912	1100	1497	805
AT5G24430	2306	2709	2903	2125	1597	1971
AT5G60430	99	67	75	79	88	79
AT5G27880	0	0	0	0	0	0
AT5G58040	2484	2244	2280	2173	2664	2375
AT5G02070	14	5	9	16	19	17
AT5G03555	206	204	193	275	316	269
AT5G27889	0	0	0	0	2	0
AT5G66110	31	21	20	10	8	11
AT5G26160	164	201	201	188	185	148
AT5G06980	339	362	472	388	401	228
AT5G06810	81	72	71	90	125	82
AT5G55260	331	297	314	344	395	280
AT5G17040	1	0	0	0	0	0
AT5G54570	34	37	45	26	51	29
AT5G22850	871	934	1032	800	1007	791
AT5G04520	141	114	130	155	181	124
AT5G62470	97	92	125	85	107	108
AT5G22505	0	0	0	0	0	0
AT5G51465	26	12	10	18	11	78
AT5G65685	392	437	325	544	665	366
AT5G25640	143	142	195	141	171	137
AT5G09780	2	2	0	4	0	3
AT5G62400	0	0	0	1	1	0
AT5G54410	0	0	1	1	0	0
AT5G53760	664	609	734	472	440	443
AT5G03795	83	106	95	97	103	78
AT5G47860	163	217	180	180	243	207
AT5G28620	0	0	0	0	0	0
AT5G42570	4616	5172	4982	2507	2324	2513
AT5G45960	12	9	12	6	7	6
AT5G23260	0	0	0	0	0	0
AT5G61120	1	1	1	0	0	2
AT5G38540	76	75	111	108	114	141
AT5G57210	311	335	338	363	482	282
AT5G25756	2	1	2	2	7	2
AT5G43730	218	222	242	192	186	277
AT5G56090	304	225	180	302	400	302
AT5G28390	72	45	52	38	69	47
AT5G14560	0	0	0	0	0	0
AT5G61200	74	110	70	106	136	59
AT5G46910	1750	1845	2134	1547	1342	1949
AT5G07960	1008	727	728	821	801	748
AT5G47160	7	8	8	14	34	10
AT5G59810	1	2	2	5	0	1
AT5G35195	0	0	0	0	0	0
AT5G01490	252	303	291	188	191	299
AT5G54450	0	0	0	0	1	0
AT5G06043	0	0	0	0	0	0
AT5G06520	2	1	2	1	0	0
AT5G23890	1959	1860	1855	2000	2265	1886
AT5G65630	2348	1715	1617	2375	3170	1798
AT5G26890	0	0	0	0	0	0
AT5G65810	1143	939	919	947	1122	813
AT5G36730	0	0	0	0	0	0
AT5G59980	239	183	172	212	255	187
AT5G67180	201	330	272	302	355	138
AT5G59680	30	62	36	502	538	590
AT5G53640	0	0	0	0	0	0
AT5G05560	467	590	527	601	696	583
AT5G60480	0	0	0	0	3	1
AT5G64210	29	10	11	6	4	7
AT5G45420	1264	1095	1016	1073	1163	880
AT5G27850	15601	10364	9632	12819	14714	11706
AT5G10210	232	160	50	414	847	422
AT5G12380	0	1	0	0	0	0
AT5G14660	84	88	89	84	99	78
AT5G58690	1635	1807	2184	935	802	1576
AT5G09430	49	21	32	36	20	45
AT5G43790	104	105	116	88	111	80
AT5G20520	1028	910	956	1138	1387	1048
AT5G57830	371	379	343	417	502	343
AT5G35760	7	11	6	3	18	4
AT5G18370	281	413	361	369	454	381
AT5G57300	885	571	588	654	711	611
AT5G10610	177	161	185	161	245	157
AT5G01990	732	574	668	482	631	560
AT5G41980	31	34	26	47	49	37
AT5G45340	7317	9949	11526	5894	5950	7026
AT5G59600	26	36	25	31	37	20
AT5G17870	406	357	290	337	422	318
AT5G12300	80	144	97	97	157	100
AT5G08280	874	854	785	790	928	771
AT5G53580	252	291	348	272	255	289
AT5G27570	0	0	0	0	0	0
AT5G62410	785	1066	922	1126	1238	976
AT5G36700	0	0	0	0	0	0
AT5G10080	232	288	234	286	344	186
AT5G04940	381	316	331	405	503	331
AT5G61270	19	8	33	6	5	3
AT5G49660	1053	1638	1854	1738	2457	1780
AT5G35510	0	0	0	0	0	0
AT5G54780	258	192	198	283	348	278
AT5G67420	626	537	833	630	1169	546
AT5G58660	95	138	99	95	121	113
AT5G67140	86	75	110	51	88	68
AT5G55240	2	1	1	0	0	0
AT5G65620	2193	2107	2182	2241	2524	2055
AT5G38920	0	0	0	0	0	0
AT5G09570	2	0	3	1	0	1
AT5G46780	1240	1651	1392	862	1196	862
AT5G61320	0	0	2	0	0	0
AT5G09270	173	134	105	134	155	89
AT5G52820	1182	947	880	1255	1404	1156
AT5G56120	518	486	441	638	778	449
AT5G22550	276	390	445	231	174	279
AT5G57990	3096	2768	2596	2682	3101	2678
AT5G11940	0	0	0	0	0	1
AT5G64270	2753	2807	2647	2987	3828	2928
AT5G64640	129	142	163	126	168	120
AT5G54590	348	354	344	423	481	441
AT5G42480	322	340	323	421	510	372
AT5G48680	508	401	363	471	560	486
AT5G56810	0	11	2	6	9	1
AT5G04350	0	0	0	0	0	0
AT5G11240	749	556	536	726	837	687
AT5G06430	82	67	76	81	103	60
AT5G44572	50	78	37	41	91	29
AT5G39930	2	1	0	2	0	2
AT5G37340	119	100	147	90	130	135
AT5G23690	145	177	185	208	271	204
AT5G08100	1258	1168	1263	1193	1260	1151
AT5G13550	1110	1126	1155	828	1065	999
AT5G10230	409	390	486	224	253	194
AT5G52250	66	56	43	35	26	41
AT5G57740	363	354	271	446	617	426
AT5G13620	1	0	0	0	0	0
AT5G44980	25	11	10	29	22	12
AT5G63850	1749	2265	2719	968	1294	1699
AT5G09920	702	622	644	609	760	611
AT5G58980	1194	1181	1292	917	1000	890
AT5G58650	318	360	325	286	234	226
AT5G44140	1	2	5	5	10	3
AT5G49490	0	0	0	0	0	0
AT5G16680	1619	1881	1724	1605	1832	1705
AT5G13820	1182	1356	1199	823	682	846
AT5G02930	2	0	0	1	0	2
AT5G01050	487	482	529	373	292	565
AT5G65495	231	196	179	213	256	205
AT5G52970	15	14	6	17	29	15
AT5G51890	310	321	315	91	122	75
AT5G58210	303	242	208	297	323	284
AT5G17840	273	230	225	217	241	212
AT5G14220	397	424	442	461	565	517
AT5G47980	468	410	623	185	209	240
AT5G16710	390	358	377	371	484	369
AT5G51340	687	781	766	737	930	779
AT5G67640	151	137	148	152	166	124
AT5G56770	0	0	0	0	0	0
AT5G41460	291	547	439	362	552	157
AT5G48290	165	111	154	203	207	201
AT5G35698	0	0	0	0	0	0
AT5G43870	52	80	109	65	56	75
AT5G66160	637	683	714	567	672	631
AT5G63570	894	979	948	972	1222	995
AT5G28288	0	0	0	0	0	0
AT5G06330	92	98	171	71	89	79
AT5G05670	813	671	617	772	878	756
AT5G10070	388	317	344	340	411	337
AT5G01660	63	58	61	64	75	39
AT5G41320	1	0	1	0	0	1
AT5G58350	673	642	695	641	757	766
AT5G14160	0	0	0	0	0	0
AT5G14090	14	44	10	22	28	1
AT5G15840	17	14	15	13	16	7
AT5G35540	0	0	0	0	0	0
AT5G65430	3811	3386	3020	3458	3946	3694
AT5G14080	208	177	144	172	228	195
AT5G39000	36	43	61	49	59	79
AT5G13080	380	440	373	433	355	649
AT5G57420	14	4	7	12	12	15
AT5G05620	546	516	449	517	635	422
AT5G34828	0	0	0	0	0	0
AT5G42400	503	581	648	650	746	580
AT5G28180	0	0	0	0	0	0
AT5G12960	23	14	5	25	25	22
AT5G58950	1866	1906	1899	1906	2410	2057
AT5G42300	6319	5286	5495	4069	4476	3846
AT5G60320	45	44	46	14	24	31
AT5G41900	4	3	2	3	3	4
AT5G22500	620	1217	1175	642	758	588
AT5G44150	185	168	155	183	203	145
AT5G56910	115	115	94	106	168	92
AT5G57580	1236	1265	1246	1407	1698	1550
AT5G39150	35	51	5	69	31	37
AT5G19670	214	205	196	252	323	223
AT5G25890	1958	1608	1948	1150	1373	1276
AT5G37940	8	6	3	0	2	1
AT5G05350	86	131	147	70	80	106
AT5G62250	12	9	8	5	7	14
AT5G14480	193	192	220	166	210	191
AT5G14780	1900	1328	1595	927	1019	921
AT5G14600	245	202	182	252	266	188
AT5G58800	268	215	233	208	249	217
AT5G52480	0	0	0	0	0	0
AT5G14285	181	121	134	109	168	93
AT5G61650	18	8	16	5	5	4
AT5G56452	0	0	0	0	0	0
AT5G17560	446	365	295	333	443	348
AT5G60870	192	161	124	160	215	149
AT5G05290	0	2	2	0	1	0
AT5G55440	0	0	0	0	0	0
AT5G45040	66	47	40	78	89	82
AT5G45500	2124	2481	2422	2878	3181	3073
AT5G05890	705	703	467	981	1221	755
AT5G09876	40	40	50	45	52	58
AT5G55510	118	95	59	95	100	88
AT5G05990	212	154	153	220	254	175
AT5G61910	418	524	493	485	537	516
AT5G49290	29	27	18	36	39	19
AT5G62680	6832	9286	10577	4389	4984	5117
AT5G24080	91	68	67	11	7	16
AT5G08390	884	1028	1081	991	1234	966
AT5G40930	692	533	552	547	619	517
AT5G39310	0	0	0	0	0	0
AT5G24890	364	335	273	551	838	410
AT5G62380	54	78	64	103	156	61
AT5G53680	0	0	0	0	0	0
AT5G44960	0	0	0	0	0	0
AT5G23115	0	0	0	0	0	0
AT5G44065	52	43	33	80	44	86
AT5G16120	813	672	521	703	892	689
AT5G28885	0	0	0	0	0	0
AT5G03190	1669	2110	2042	612	592	779
AT5G45020	231	246	253	253	356	233
AT5G64440	969	1250	1236	1098	1313	993
AT5G35640	0	0	0	0	0	0
AT5G45250	339	394	436	464	533	528
AT5G05600	2549	3464	3025	926	672	1412
AT5G51900	0	0	0	0	1	0
AT5G48240	890	634	532	776	816	719
AT5G47120	2083	2639	2383	1843	1998	2206
AT5G57640	22	28	24	28	59	23
AT5G39140	0	0	0	0	0	0
AT5G48335	564	430	428	499	526	479
AT5G67340	360	428	426	442	437	563
AT5G35320	235	179	183	186	210	198
AT5G52850	75	66	87	73	90	55
AT5G45300	334	343	332	349	405	292
AT5G28295	0	0	0	0	0	0
AT5G07240	71	95	117	87	91	88
AT5G52070	138	97	162	174	222	177
AT5G08470	519	498	506	559	597	568
AT5G14105	341	245	234	238	284	225
AT5G48575	1	4	2	6	9	4
AT5G09220	18341	22644	28368	7259	10037	15500
AT5G61000	399	302	266	484	588	345
AT5G15210	51	53	36	39	87	29
AT5G46470	1059	1112	1114	942	746	830
AT5G40850	1949	1936	2656	2119	3024	1863
AT5G07200	7	6	6	7	4	1
AT5G59340	15	3	5	12	11	7
AT5G07310	19	18	15	5	5	14
AT5G01170	158	218	225	427	878	233
AT5G37810	0	0	0	0	0	0
AT5G10690	179	156	140	158	189	155
AT5G16080	10	34	27	32	35	15
AT5G59900	95	76	79	106	105	75
AT5G12460	0	0	0	0	0	0
AT5G11890	629	563	559	586	702	476
AT5G16940	93	70	91	81	90	75
AT5G60265	0	1	0	0	0	2
AT5G49305	24	24	31	17	32	17
AT5G36120	1	1	0	0	4	0
AT5G52760	348	340	609	710	560	1060
AT5G43755	2	2	3	3	3	3
AT5G17930	620	616	561	709	839	707
AT5G67490	1015	935	874	892	1164	824
AT5G19810	4	5	1	10	7	4
AT5G47480	2537	2895	2948	2668	3054	2696
AT5G25930	4493	6787	7641	3601	2937	5367
AT5G46080	84	124	110	70	81	77
AT5G55920	1419	1158	1146	1497	1587	1269
AT5G09700	5	2	2	1	1	2
AT5G01380	683	781	538	426	255	516
AT5G45810	64	52	43	23	42	20
AT5G55170	111	99	115	109	126	123
AT5G20330	0	0	0	0	0	0
AT5G44760	0	0	0	1	0	0
AT5G47650	312	312	291	156	188	163
AT5G27490	256	207	192	197	252	147
AT5G66260	9	0	0	2	3	0
AT5G65225	4	9	6	8	10	5
AT5G46950	0	0	0	0	0	0
AT5G66780	2474	863	1049	117	136	98
AT5G40030	207	144	156	180	210	195
AT5G49830	1191	1334	1219	1277	1657	1473
AT5G55893	6	1	12	7	4	0
AT5G47200	4322	4194	4159	3347	3641	3240
AT5G63280	251	251	265	270	306	238
AT5G22960	0	0	0	0	0	0
AT5G04630	4	2	1	3	0	2
AT5G09290	383	285	378	337	358	419
AT5G09800	168	186	299	81	148	132
AT5G47080	1008	864	844	864	989	944
AT5G54900	2370	1870	1719	1908	2197	1630
AT5G41160	23	27	26	29	28	28
AT5G14360	49	36	20	39	59	44
AT5G39380	372	406	475	383	492	367
AT5G43150	325	385	432	344	689	219
AT5G39450	118	124	100	103	136	118
AT5G01500	555	556	583	603	749	631
AT5G41330	362	408	314	320	482	353
AT5G21130	5	4	3	7	1	0
AT5G28510	3026	2498	2165	314	274	537
AT5G54530	27	50	42	57	76	46
AT5G24314	126	79	91	112	130	86
AT5G17630	523	542	446	600	711	457
AT5G43050	60	81	67	66	95	95
AT5G46660	0	0	0	0	0	0
AT5G42970	912	787	713	839	927	781
AT5G62800	18	6	4	1	1	0
AT5G44306	0	0	0	0	0	0
AT5G56210	317	263	273	361	401	351
AT5G16860	60	43	38	62	72	47
AT5G11960	792	688	699	641	771	629
AT5G09720	29	41	39	51	73	86
AT5G63110	716	781	733	750	872	783
AT5G50340	413	473	471	457	557	371
AT5G01090	751	766	911	685	859	700
AT5G17260	87	154	125	110	131	122
AT5G02020	164	59	61	116	148	123
AT5G03630	5798	5412	5770	5651	5732	6193
AT5G38470	2969	2970	2728	2650	3147	2498
AT5G24740	1134	1286	1279	1266	1533	1228
AT5G58330	68	52	27	28	62	11
AT5G63950	785	980	880	1035	1295	976
AT5G55220	141	112	162	173	175	142
AT5G05580	72	35	48	49	78	58
AT5G39865	19	24	23	30	49	23
AT5G28720	0	0	0	0	0	0
AT5G06190	104	57	86	45	54	37
AT5G61690	0	0	0	0	0	0
AT5G40820	261	240	272	271	333	291
AT5G15270	871	868	885	863	949	854
AT5G25760	654	565	520	573	606	466
AT5G55310	1468	1541	1544	1347	1474	1413
AT5G16420	84	93	99	91	126	89
AT5G25860	0	0	0	0	0	0
AT5G01390	465	479	466	476	531	486
AT5G38300	232	424	301	387	508	301
AT5G63400	4613	3572	3245	3963	4500	3666
AT5G61710	0	0	0	0	0	0
AT5G10570	0	0	1	1	5	0
AT5G19910	243	176	158	231	229	173
AT5G58050	0	1	0	0	0	0
AT5G45060	146	190	214	195	286	190
AT5G56580	604	669	581	735	737	640
AT5G41700	10595	10742	13934	9561	9888	8789
AT5G60740	0	0	0	0	0	0
AT5G56390	0	0	0	0	0	0
AT5G36780	0	0	0	0	0	0
AT5G17510	481	496	471	474	614	463
AT5G52060	2902	3275	3822	1940	2040	2175
AT5G17165	7	12	16	10	12	11
AT5G01110	53	72	71	63	61	53
AT5G08565	145	101	89	135	115	108
AT5G39320	4349	3904	3702	3873	3994	3596
AT5G41830	6	6	2	5	2	0
AT5G60460	562	347	378	339	396	383
AT5G56930	187	164	141	195	235	185
AT5G43360	3	1	0	39	41	72
AT5G15760	74	58	47	79	84	46
AT5G08540	407	381	293	437	512	394
AT5G64620	134	130	155	101	136	72
AT5G52780	0	0	0	1	5	0
AT5G25850	0	0	0	0	0	0
AT5G49060	235	230	222	197	242	190
AT5G14610	586	555	484	566	628	437
AT5G07470	1917	1741	1765	1491	1819	1562
AT5G03090	0	0	0	0	0	0
AT5G49620	62	73	73	16	35	46
AT5G17800	94	51	48	51	65	45
AT5G03640	63	85	102	76	68	65
AT5G46297	0	0	0	0	0	0
AT5G26720	58	51	61	41	62	40
AT5G45950	21	20	12	0	0	0
AT5G13790	16	22	13	24	35	10
AT5G05653	1	0	0	0	0	0
AT5G27940	3	3	5	1	2	0
AT5G19510	13733	9879	9516	12075	12862	11369
AT5G18636	3	3	3	2	1	4
AT5G62160	0	0	0	0	0	0
AT5G44910	81	48	69	108	147	116
AT5G10760	7	8	12	3	14	3
AT5G10170	2191	3174	2163	5624	7330	4529
AT5G18220	7	1	2	9	7	9
AT5G62650	250	194	213	258	360	262
AT5G41940	1022	977	1045	1166	1351	1020
AT5G37470	4	1	0	1	3	3
AT5G44040	714	911	721	939	1219	828
AT5G60964	0	0	0	0	0	0
AT5G36290	3554	3276	3290	2577	2515	2858
AT5G15900	41	53	47	40	67	41
AT5G27320	144	139	142	179	321	185
AT5G40330	209	113	118	75	119	112
AT5G40590	133	130	119	149	262	414
AT5G25600	0	0	0	0	0	0
AT5G53590	1774	2538	3487	1905	1581	2034
AT5G23420	683	556	504	770	896	644
AT5G02860	140	192	197	226	285	217
AT5G67230	160	184	193	96	128	68
AT5G59820	4919	5722	7458	4517	4231	6851
AT5G27240	270	320	323	349	432	376
AT5G48970	348	327	350	289	358	306
AT5G58930	954	1025	1099	1176	1528	850
AT5G15720	2	0	1	1	1	4
AT5G51500	149	115	157	176	176	143
AT5G18540	213	176	175	169	189	174
AT5G57850	334	323	285	405	456	312
AT5G51060	1371	1773	1876	1280	1183	1489
AT5G65610	7	8	5	10	7	5
AT5G57910	571	584	569	416	434	442
AT5G16550	866	774	701	520	679	501
AT5G07450	21	15	22	10	11	7
AT5G43185	0	0	0	0	0	0
AT5G48340	177	152	167	167	219	184
AT5G42760	1	1	1	1	1	2
AT5G26230	118	87	68	107	114	104
AT5G15450	455	417	470	502	612	456
AT5G12180	0	0	0	0	1	1
AT5G67050	35	26	35	17	8	26
AT5G37850	683	593	586	668	855	709
AT5G04930	2450	3273	3144	2375	2487	2541
AT5G61140	1899	2147	2344	2162	2334	2100
AT5G39180	17	39	7	33	18	23
AT5G25990	0	0	0	0	0	0
AT5G24030	1825	1740	1462	1242	1119	684
AT5G09976	34	66	62	45	47	24
AT5G66200	2014	2407	2219	1564	1815	1809
AT5G06160	885	756	748	874	1118	868
AT5G58180	0	0	0	0	0	1
AT5G05100	1396	1235	1171	1298	1551	1422
AT5G37890	122	107	92	128	176	90
AT5G41071	1	0	1	2	0	4
AT5G27440	16	12	8	11	14	3
AT5G11220	0	0	0	0	0	0
AT5G62950	510	405	438	389	474	430
AT5G09630	102	90	97	87	108	123
AT5G07500	0	0	1	0	2	0
AT5G35069	0	0	0	0	0	0
AT5G02390	4	0	3	0	1	5
AT5G43210	18	30	31	21	25	15
AT5G35520	228	186	200	204	261	194
AT5G48830	277	238	241	250	275	238
AT5G48230	3014	2280	2309	2361	2522	2339
AT5G38460	179	226	143	180	237	161
AT5G10990	8	0	3	14	9	7
AT5G20740	11	17	3	13	17	6
AT5G42870	1271	1329	1252	1396	1676	1551
AT5G66930	511	411	398	411	559	446
AT5G39500	994	913	831	1016	1274	951
AT5G54043	0	0	0	0	0	0
AT5G54130	165	117	147	415	628	266
AT5G25750	0	1	0	0	0	0
AT5G40750	0	0	0	0	0	0
AT5G35603	0	0	0	0	0	0
AT5G26120	3	10	2	12	22	0
AT5G11420	818	583	426	733	1007	393
AT5G40940	2	0	1	0	0	3
AT5G52380	336	224	202	257	307	258
AT5G35920	0	0	0	0	0	0
AT5G17770	3902	3409	3529	3358	3859	3158
AT5G18407	0	0	0	0	0	0
AT5G05140	3636	4085	4624	3130	2706	3661
AT5G44578	188	156	191	126	196	159
AT5G10840	3028	3178	2821	3058	3528	2632
AT5G38730	24	42	23	40	43	19
AT5G56660	689	635	757	628	731	668
AT5G50050	0	0	0	0	0	0
AT5G07600	0	0	0	0	0	0
AT5G62240	0	0	0	0	1	0
AT5G38180	0	0	0	0	0	0
AT5G49910	1939	1989	1966	1791	1776	1806
AT5G48800	157	249	224	465	1032	269
AT5G45840	252	236	238	217	281	289
AT5G27030	1170	1393	1477	1212	1253	1417
AT5G45170	294	387	302	299	404	280
AT5G45070	3731	3942	6394	882	750	1420
AT5G23390	708	768	705	684	860	677
AT5G26050	0	0	0	0	1	0
AT5G17960	75	54	35	103	111	102
AT5G51050	452	459	634	274	329	336
AT5G64090	599	708	623	671	854	656
AT5G50910	0	0	0	0	0	0
AT5G63830	162	138	134	137	185	122
AT5G63760	366	369	305	469	513	369
AT5G09670	489	497	397	494	686	459
AT5G48810	4148	3381	3640	3073	3318	3056
AT5G66370	0	3	1	3	1	4
AT5G50690	0	0	0	0	0	0
AT5G38160	0	0	0	0	0	0
AT5G33406	0	1	0	0	0	0
AT5G13010	3542	3851	3541	3587	3640	3634
AT5G08750	506	479	641	379	491	495
AT5G45740	18	17	20	25	55	22
AT5G02130	301	302	314	278	381	297
AT5G42630	301	220	222	331	354	354
AT5G59520	89	83	69	136	161	115
AT5G22640	1144	1092	1043	1222	1364	1163
AT5G18870	0	0	3	3	0	1
AT5G27400	41	24	26	38	29	26
AT5G66170	6844	5562	7784	1300	952	2057
AT5G52547	26	33	30	36	55	20
AT5G18510	2	6	5	12	15	4
AT5G66410	902	691	695	759	878	637
AT5G23170	64	56	79	83	113	71
AT5G58570	9	14	17	6	8	9
AT5G42220	1638	1806	1832	1942	2269	1881
AT5G55940	1588	1287	1216	1389	1569	1373
AT5G52370	583	431	432	479	563	469
AT5G25870	0	0	0	0	0	0
AT5G48930	2565	3527	3049	2490	3902	2351
AT5G07940	878	1062	1059	1180	1456	1120
AT5G16600	116	78	102	109	234	96
AT5G60410	2167	2360	2407	2124	2453	2463
AT5G38190	0	0	0	0	0	0
AT5G12320	306	231	216	271	274	274
AT5G65860	316	225	179	309	400	259
AT5G16530	17	35	25	11	27	31
AT5G20010	5786	5619	5526	5351	5607	4752
AT5G37760	0	0	0	1	3	0
AT5G17590	31	33	35	23	25	21
AT5G18380	9039	5925	5624	7441	7855	6615
AT5G15940	38	29	37	34	51	60
AT5G02670	75	61	83	91	100	62
AT5G41765	0	0	0	0	0	0
AT5G48650	175	127	194	169	160	191
AT5G21482	199	381	322	410	536	270
AT5G59510	74	48	53	23	37	35
AT5G59110	1	0	0	1	1	1
AT5G16340	95	58	77	30	40	32
AT5G47700	6200	4134	3833	5014	5663	4684
AT5G40390	785	716	783	820	1085	673
AT5G39715	0	3	0	1	2	1
AT5G40040	3	1	0	2	2	2
AT5G37800	26	9	5	23	29	13
AT5G15520	885	560	578	775	794	719
AT5G15710	154	148	130	120	165	117
AT5G12840	468	458	582	302	384	266
AT5G17050	145	132	143	105	233	91
AT5G59760	4	7	2	12	37	1
AT5G64580	367	340	283	392	465	365
AT5G47280	1	0	0	1	1	1
AT5G20310	0	0	0	0	0	0
AT5G26300	13	15	22	27	20	32
AT5G54580	554	392	389	568	607	467
AT5G15190	870	997	1352	753	556	876
AT5G25790	32	30	33	25	53	41
AT5G63840	4642	4249	4294	4216	4645	3738
AT5G32450	684	801	693	753	900	693
AT5G59613	4753	3178	3312	3533	4152	3210
AT5G47250	92	89	65	108	176	105
AT5G56500	2290	2049	1960	2137	2551	1965
AT5G01860	0	1	0	0	0	0
AT5G39760	52	85	39	44	38	18
AT5G53500	166	165	187	147	194	166
AT5G01510	137	127	103	134	133	120
AT5G51020	369	309	346	389	415	362
AT5G59320	1887	1258	1356	129	97	94
AT5G37165	0	0	0	0	0	0
AT5G26330	324	497	348	345	409	273
AT5G67250	2701	2816	3260	2942	2808	3687
AT5G13660	179	254	247	250	359	212
AT5G56630	1515	1548	1650	1297	1550	1340
AT5G58280	14	14	12	27	20	15
AT5G22280	446	296	322	330	418	367
AT5G65090	115	128	132	137	133	120
AT5G10580	1216	1116	1053	1784	2383	1782
AT5G19870	38	70	45	53	73	50
AT5G07710	119	215	193	201	238	204
AT5G42232	0	0	0	0	0	0
AT5G35190	210	271	192	189	233	270
AT5G59350	220	276	279	218	355	241
AT5G65310	2363	2848	2939	2226	3053	1421
AT5G14500	491	549	605	579	623	518
AT5G36690	0	0	0	0	0	0
AT5G51520	85	64	47	84	83	81
AT5G58300	1425	1735	1760	1382	1712	1274
AT5G09810	14886	15957	14012	15248	17166	12658
AT5G17530	1161	1116	1099	980	1178	957
AT5G12210	1477	1351	1462	1355	1712	1281
AT5G56380	155	170	173	175	220	162
AT5G65080	64	87	65	25	60	43
AT5G41520	7274	5678	5365	6632	7498	5941
AT5G52100	4	2	1	9	19	7
AT5G23820	4069	4366	4339	3493	3427	2595
AT5G16520	372	408	336	329	387	360
AT5G35610	0	0	0	0	0	0
AT5G46970	0	0	0	0	0	0
AT5G59540	95	78	65	66	57	76
AT5G47710	775	962	1121	879	770	871
AT5G25830	277	212	200	276	406	301
AT5G26710	2455	2742	2226	2609	2911	2305
AT5G28080	960	709	698	550	629	589
AT5G04395	0	0	0	0	0	0
AT5G53710	6	3	6	0	0	0
AT5G59230	3	0	2	0	2	1
AT5G11770	3717	2844	2780	2953	3146	2621
AT5G03030	182	146	140	147	161	147
AT5G55360	1	1	0	0	0	2
AT5G21140	43	47	66	58	86	43
AT5G39580	1448	1249	1004	903	944	2400
AT5G15830	59	60	49	173	414	106
AT5G07910	174	206	192	190	263	208
AT5G50565	0	1	0	1	0	0
AT5G18010	0	0	0	0	0	0
AT5G27750	177	187	156	148	235	184
AT5G46590	47	43	26	40	44	18
AT5G40700	112	101	93	124	143	114
AT5G18670	1168	1252	299	772	915	374
AT5G01930	277	625	549	362	486	514
AT5G25780	1104	901	872	1123	1275	917
AT5G47850	347	514	625	465	446	791
AT5G63135	337	240	257	208	270	206
AT5G23740	6349	4099	3841	5216	5952	5035
AT5G11790	1407	1701	1714	1668	2402	1064
AT5G04160	323	298	298	344	439	239
AT5G16486	38	23	34	18	18	25
AT5G56040	1183	997	989	1564	2082	1258
AT5G56540	3055	1323	1532	1540	1401	1391
AT5G04020	1017	1409	1481	1059	1046	1204
AT5G23810	134	122	212	39	34	46
AT5G60240	0	0	0	0	0	0
AT5G41650	37	22	19	32	46	25
AT5G38630	797	638	616	700	835	692
AT5G47370	538	382	288	328	474	330
AT5G19200	132	90	72	101	120	55
AT5G51550	2663	4050	2716	3846	5529	2046
AT5G25100	3608	4389	4092	3846	4631	3358
AT5G45230	0	0	0	0	0	1
AT5G42780	43	36	43	66	104	63
AT5G28462	0	0	0	0	0	0
AT5G19140	2221	3830	4176	1886	2591	1448
AT5G19675	0	0	0	0	0	0
AT5G66800	101	70	90	64	74	51
AT5G02502	220	201	192	153	211	187
AT5G40140	135	113	120	149	277	136
AT5G56740	487	427	444	532	628	486
AT5G37530	173	172	125	189	201	131
AT5G22930	35	32	34	65	135	25
AT5G04690	17	49	53	48	57	50
AT5G55200	326	300	331	341	337	301
AT5G08710	174	143	155	155	169	163
AT5G05860	176	184	241	213	263	194
AT5G37740	778	787	841	812	1036	876
AT5G63290	93	89	99	86	74	106
AT5G10720	1009	843	725	733	645	833
AT5G27065	0	0	0	0	0	0
AT5G42960	495	472	399	424	452	382
AT5G07250	416	445	547	239	329	239
AT5G60280	159	175	177	127	136	187
AT5G61220	447	352	341	312	402	317
AT5G06550	318	218	190	370	401	279
AT5G04260	200	194	211	211	246	210
AT5G39010	0	0	0	0	0	0
AT5G52840	2963	2148	2202	2356	2485	2078
AT5G44130	192	97	50	100	100	76
AT5G03495	56	49	50	41	36	38
AT5G08170	704	867	984	719	861	744
AT5G47960	600	540	630	484	507	582
AT5G57860	180	211	185	140	205	134
AT5G36180	513	324	426	243	229	270
AT5G01130	0	0	0	0	0	0
AT5G59740	162	163	134	154	175	131
AT5G39730	1821	2091	1901	1958	2079	1767
AT5G40070	0	0	0	1	0	0
AT5G65340	28	17	32	25	87	15
AT5G49260	1	0	0	0	2	0
AT5G23940	102	94	105	75	76	60
AT5G55132	0	0	0	0	0	0
AT5G50660	0	0	0	0	0	0
AT5G50900	2879	3760	4017	2314	2212	3054
AT5G45900	337	327	310	303	420	362
AT5G22950	903	803	790	740	921	729
AT5G48330	225	226	232	219	316	204
AT5G64470	217	212	183	201	286	175
AT5G52965	0	0	0	0	0	0
AT5G07980	499	594	550	631	776	644
AT5G48250	280	280	222	197	288	179
AT5G56190	764	743	659	588	696	605
AT5G30510	850	760	677	822	996	766
AT5G04620	351	325	293	381	408	333
AT5G64220	1648	1734	1661	1447	1455	1560
AT5G05820	736	671	694	567	599	511
AT5G33806	0	0	0	0	0	0
AT5G08420	1513	1290	1183	1467	1632	1269
AT5G44350	1640	1977	1450	1388	1412	1332
AT5G42850	1644	1473	1514	1272	1449	1250
AT5G47140	253	230	256	294	425	252
AT5G39020	154	229	219	173	182	277
AT5G60200	465	533	424	806	1219	600
AT5G65640	344	559	373	842	1548	360
AT5G05920	274	233	263	258	280	237
AT5G51650	0	0	0	0	0	0
AT5G37140	0	0	0	0	0	0
AT5G23680	104	130	112	128	209	130
AT5G49050	0	0	0	0	1	0
AT5G45875	0	0	0	0	0	0
AT5G05190	1797	2242	2988	1888	1679	2642
AT5G55550	935	1009	971	852	1099	760
AT5G28290	424	411	418	513	616	453
AT5G04870	5102	5778	5705	5067	4459	5261
AT5G64710	89	60	60	94	91	87
AT5G38280	2258	3259	3117	2037	1690	1996
AT5G47340	0	0	0	0	0	0
AT5G10780	2020	1606	1638	1612	1914	1546
AT5G63470	357	315	305	358	464	342
AT5G41780	64	65	122	37	42	72
AT5G23120	77	171	112	134	168	51
AT5G39620	0	0	0	0	0	0
AT5G29070	0	0	0	0	0	0
AT5G13830	48	49	60	64	75	54
AT5G54380	3223	3992	3123	2690	2471	2630
AT5G52670	144	97	90	130	117	266
AT5G64730	273	200	205	219	270	223
AT5G61620	6	1	3	1	1	1
AT5G60380	0	0	0	0	0	1
AT5G28770	457	389	165	689	935	810
AT5G36200	0	0	0	0	0	0
AT5G04410	2338	2859	2989	2508	2565	2548
AT5G11510	741	1178	818	1181	1344	912
AT5G55300	1745	1722	1807	2207	2449	2150
AT5G38040	53	45	35	71	84	51
AT5G58200	1342	1201	1288	1188	1258	1154
AT5G59000	62	118	129	55	83	60
AT5G14520	2881	2176	2002	2879	3125	2902
AT5G40520	188	170	157	182	221	186
AT5G51400	1997	1865	1707	1910	2119	1709
AT5G54240	125	99	80	71	54	60
AT5G62960	433	636	400	564	668	276
AT5G18770	128	111	97	134	198	139
AT5G23990	1	6	0	3	8	7
AT5G62575	407	269	265	246	344	270
AT5G66060	923	793	734	731	829	782
AT5G06830	786	777	799	752	902	657
AT5G28560	0	0	2	0	0	0
AT5G20640	30	35	31	80	113	103
AT5G66570	506	522	281	327	999	160
AT5G51950	0	5	2	0	3	1
AT5G51800	2	4	1	2	2	2
AT5G61510	1050	897	916	810	978	737
AT5G25290	0	0	0	0	0	0
AT5G06150	786	763	615	956	1114	728
AT5G27100	86	73	99	108	126	117
AT5G62020	528	617	667	349	383	371
AT5G52460	0	0	0	0	0	0
AT5G47470	8	7	2	9	3	3
AT5G61160	0	0	0	0	0	0
AT5G66985	319	359	438	119	84	95
AT5G24450	721	707	714	781	851	771
AT5G61380	4039	4265	3861	2832	2767	3221
AT5G51360	0	0	0	0	1	0
AT5G19151	77	54	48	48	67	63
AT5G11140	176	118	180	58	148	177
AT5G37450	9	27	37	153	175	131
AT5G27093	9	11	8	9	10	4
AT5G51880	486	421	420	460	499	416
AT5G20900	1049	1529	1385	1303	1531	1059
AT5G03660	1985	2164	2018	1785	2285	1609
AT5G38895	156	153	149	141	173	174
AT5G46210	2475	2566	2655	2642	2831	2457
AT5G63390	37	43	39	31	37	52
AT5G26700	4	0	2	1	2	2
AT5G24290	899	944	1033	762	710	645
AT5G23440	150	155	104	109	134	129
AT5G24090	183	177	249	76	72	134
AT5G04140	18	29	26	38	55	40
AT5G07090	11985	8823	7980	11005	12154	10080
AT5G02380	14192	12914	13713	6477	7951	11531
AT5G51860	42	6	5	16	12	5
AT5G47130	4	3	3	4	13	4
AT5G41540	11	14	24	7	8	24
AT5G57360	442	382	365	449	522	401
AT5G38910	14	47	23	4	4	4
AT5G63240	0	0	0	0	0	0
AT5G53635	0	0	0	0	0	0
AT5G10330	218	208	200	199	297	193
AT5G25970	0	1	1	5	2	4
AT5G20180	549	438	398	409	450	366
AT5G39110	72	103	60	173	200	183
AT5G35945	1	0	1	2	1	0
AT5G04820	123	102	81	85	107	90
AT5G08440	392	455	432	472	613	461
AT5G66330	74	50	38	51	93	42
AT5G24040	32	26	28	43	28	34
AT5G27820	230	162	145	181	203	163
AT5G48905	0	0	0	0	0	0
AT5G36370	0	0	0	0	0	0
AT5G10380	406	504	439	406	315	386
AT5G04990	1013	968	990	955	1113	904
AT5G14820	5	1	3	0	1	0
AT5G39340	668	672	643	440	486	442
AT5G36980	0	0	0	0	0	0
AT5G11620	83	134	113	133	109	155
AT5G37260	89	61	45	67	99	48
AT5G41880	271	220	188	276	277	196
AT5G60170	1546	1423	1449	1471	1769	1453
AT5G04560	2344	2519	2435	2785	3125	2828
AT5G42930	1194	1169	1128	307	283	579
AT5G63090	7	12	16	23	21	18
AT5G27990	1102	783	799	881	959	898
AT5G64190	6	12	8	1	0	1
AT5G35360	5112	4448	4279	4649	5298	4686
AT5G43160	84	84	88	115	136	76
AT5G11570	56	64	63	41	60	34
AT5G56880	39	16	7	7	7	10
AT5G52270	30	27	24	16	24	17
AT5G40800	127	108	195	18	40	25
AT5G63120	519	523	446	535	575	437
AT5G45120	29	7	10	3	0	0
AT5G40580	1631	1474	1261	1444	1754	1407
AT5G28630	3265	4408	5894	3129	2509	4797
AT5G58005	429	354	319	330	368	292
AT5G50620	0	0	0	0	0	0
AT5G18910	17	23	23	5	10	22
AT5G62150	28	24	21	33	32	23
AT5G57610	1534	1850	2209	943	844	1170
AT5G46730	514	708	612	273	331	199
AT5G05850	330	335	323	331	342	356
AT5G10880	0	0	0	0	0	0
AT5G06410	197	145	136	171	239	168
AT5G39840	204	161	155	249	320	185
AT5G15770	95	54	67	105	99	61
AT5G22920	633	545	179	767	1089	476
AT5G35680	1275	1228	1157	1119	1149	987
AT5G36800	0	0	0	0	0	0
AT5G67620	192	206	198	146	207	162
AT5G50610	0	0	0	0	0	0
AT5G39890	56	131	35	129	97	6
AT5G05940	160	269	209	281	488	208
AT5G04700	56	119	79	91	113	98
AT5G66680	3201	2837	2684	2983	3540	2700
AT5G28650	13	26	23	45	98	32
AT5G25840	12	4	3	3	5	7
AT5G43068	236	210	430	146	130	230
AT5G58860	2548	3448	3729	1856	2446	1958
AT5G15010	79	61	69	79	100	66
AT5G11380	219	260	232	324	380	244
AT5G38500	0	0	0	0	0	0
AT5G60335	31	23	24	26	33	24
AT5G12900	634	869	1004	782	970	605
AT5G59490	2609	2692	3839	1951	1643	2510
AT5G02600	341	436	509	315	402	310
AT5G20850	73	74	68	87	99	101
AT5G13480	597	585	526	615	742	589
AT5G54300	33	19	25	32	28	42
AT5G07050	150	109	263	0	1	0
AT5G56400	0	0	0	0	0	0
AT5G54330	0	0	0	1	2	2
AT5G65970	879	1389	1213	1901	2370	1727
AT5G42765	77	73	71	77	94	64
AT5G23903	0	0	0	0	1	2
AT5G60680	458	436	262	574	892	427
AT5G47690	4252	4350	4532	4420	5333	4616
AT5G62080	0	0	0	0	0	0
AT5G46873	0	0	0	0	0	0
AT5G19170	1	3	3	4	7	1
AT5G57290	4226	3272	2944	3615	4052	3304
AT5G18660	53	73	43	57	94	61
AT5G08130	2266	2089	1943	1979	2401	1790
AT5G18480	1004	1023	956	1063	1207	1024
AT5G26940	372	319	313	385	465	359
AT5G59450	1119	1260	1252	1082	1578	1249
AT5G67030	588	571	717	615	926	624
AT5G39520	9	6	8	4	9	9
AT5G22240	9	34	29	15	28	23
AT5G66070	1576	1338	1745	1349	1469	1627
AT5G57190	195	255	263	140	161	280
AT5G64330	495	336	356	267	276	276
AT5G18250	137	135	149	160	181	126
AT5G55340	4	3	4	6	4	1
AT5G64860	877	784	819	756	885	817
AT5G63540	41	34	33	75	68	45
AT5G25580	137	137	143	183	188	148
AT5G28050	3119	2970	2600	2399	2772	2776
AT5G01310	195	171	187	213	262	200
AT5G44940	0	0	0	1	1	0
AT5G53486	69	83	62	24	106	20
AT5G55830	147	207	165	177	254	152
AT5G49270	356	375	407	279	234	370
AT5G50430	988	1069	1113	678	636	789
AT5G54090	177	151	176	201	246	186
AT5G41130	227	222	214	256	332	172
AT5G06050	795	653	662	755	777	617
AT5G10140	40	29	23	5	92	48
AT5G13250	60	68	70	69	83	48
AT5G05675	0	0	0	0	0	0
AT5G01580	10	22	23	23	26	30
AT5G24920	7	1	0	79	190	32
AT5G58575	237	197	138	225	283	218
AT5G35830	0	0	0	0	0	0
AT5G67040	0	0	0	0	0	1
AT5G59300	341	336	289	262	407	274
AT5G28550	0	0	0	0	0	0
AT5G54930	341	311	274	267	358	299
AT5G52540	1085	1217	1204	1139	1561	1252
AT5G59060	1	1	2	3	0	0
AT5G51720	1	0	0	1	3	0
AT5G44460	161	145	166	195	190	251
AT5G53420	343	318	400	111	175	137
AT5G36160	592	768	789	557	766	314
AT5G15580	2124	1900	1559	1673	1727	1933
AT5G49720	10135	11054	10745	7815	9900	7868
AT5G14320	304	222	192	320	401	301
AT5G14275	0	0	0	0	0	0
AT5G65390	1549	1495	1060	852	997	792
AT5G45460	27	17	25	46	44	18
AT5G01920	92	104	88	137	246	108
AT5G16770	131	163	187	76	129	165
AT5G06710	150	211	196	235	340	141
AT5G14420	938	857	776	949	1049	931
AT5G17400	321	241	230	324	369	289
AT5G47150	3	1	1	5	4	1
AT5G16220	706	749	768	714	714	633
AT5G58380	485	321	385	343	489	304
AT5G37400	46	25	20	36	31	34
AT5G24270	93	88	64	111	122	106
AT5G06060	522	503	533	541	590	505
AT5G05160	2012	3185	3290	2509	2862	2284
AT5G12310	605	454	474	549	596	460
AT5G26740	830	709	470	675	705	526
AT5G44510	250	347	351	342	337	363
AT5G11600	316	300	274	287	337	260
AT5G49740	0	0	0	1	0	0
AT5G27970	1506	1532	1591	1677	1863	1538
AT5G41030	1	0	0	0	0	0
AT5G54650	968	1067	1008	760	703	860
AT5G58410	1340	1340	1393	1431	1692	1627
AT5G20980	268	207	221	291	300	235
AT5G17250	248	256	243	262	275	208
AT5G28491	0	0	0	0	0	0
AT5G13160	984	971	972	800	852	879
AT5G62700	7873	7456	7216	8197	9607	7426
AT5G02980	0	0	0	1	1	1
AT5G43680	181	131	157	185	270	165
AT5G22560	9	12	11	29	31	29
AT5G36000	0	0	1	1	2	0
AT5G02050	1400	906	842	1193	1344	1014
AT5G35100	180	182	175	214	270	203
AT5G39785	364	471	499	420	533	370
AT5G19633	0	0	0	0	0	0
AT5G49750	0	0	0	0	0	0
AT5G26010	77	41	25	58	96	82
AT5G46110	419	382	265	201	856	196
AT5G06380	4	0	0	6	3	3
AT5G56980	8424	15455	14464	7463	4830	6976
AT5G12060	0	0	0	0	0	0
AT5G62770	809	890	1053	709	908	756
AT5G56680	2115	1708	1690	1899	2260	1953
AT5G44800	1962	2464	2296	2541	2941	2591
AT5G04610	12	8	13	14	20	7
AT5G18490	881	1323	1254	876	764	1023
AT5G43510	0	0	0	1	0	0
AT5G20935	2	2	1	1	1	0
AT5G61480	953	1863	1565	2281	3811	1816
AT5G48380	2607	3272	3199	2487	2404	2785
AT5G55890	0	0	0	0	0	0
AT5G28646	165	210	262	149	188	287
AT5G54860	515	500	511	417	382	528
AT5G22530	156	284	258	282	223	333
AT5G24655	8	5	3	9	29	6
AT5G03670	321	336	295	373	529	274
AT5G17522	0	0	0	0	0	0
AT5G13070	603	504	506	561	606	530
AT5G04050	110	73	82	133	128	99
AT5G37060	0	0	0	0	0	0
AT5G06480	46	41	31	34	37	31
AT5G39190	9	2	9	15	12	9
AT5G43750	60	63	57	71	120	72
AT5G36930	51	74	86	79	115	96
AT5G59500	160	150	130	155	215	134
AT5G53950	1	2	3	0	1	2
AT5G67560	1223	1324	1341	1041	1203	1060
AT5G37490	202	313	286	43	49	78
AT5G36280	0	0	0	0	0	0
AT5G20570	1317	1019	1012	1013	1126	988
AT5G37840	5	2	1	5	10	6
AT5G10730	704	540	502	457	469	456
AT5G16070	2532	2052	1886	2527	2819	2535
AT5G12950	863	719	777	741	851	631
AT5G49360	1164	980	704	1195	1356	1186
AT5G35410	163	180	155	177	218	163
AT5G48750	0	1	0	0	0	0
AT5G60760	644	539	479	1429	2317	1610
AT5G66720	1077	913	952	1019	1194	1045
AT5G17790	253	188	180	308	347	216
AT5G43390	0	0	0	0	0	0
AT5G64420	1239	1141	1045	1605	1876	1339
AT5G23880	609	587	549	689	724	613
AT5G43430	517	333	362	405	475	447
AT5G66870	203	186	189	232	262	280
AT5G66280	1165	881	1033	1219	1369	1329
AT5G66050	1302	1060	816	1175	1360	1221
AT5G36140	340	611	1713	44	54	117
AT5G08010	111	111	99	138	201	126
AT5G03460	1507	1179	1369	1245	1428	1210
AT5G57900	821	670	641	621	677	559
AT5G61500	1103	1041	1200	1041	1291	1108
AT5G20220	117	124	112	62	48	64
AT5G42350	189	170	168	172	234	181
AT5G43460	2365	2134	1975	2061	2492	2114
AT5G56555	0	0	0	0	0	0
AT5G21326	443	525	485	577	723	515
AT5G24860	169	174	381	97	103	146
AT5G55670	1054	1095	1030	1111	1359	1098
AT5G61990	278	248	233	240	296	253
AT5G04800	3013	1985	1890	2423	2661	2199
AT5G19630	237	253	258	274	346	237
AT5G36658	0	0	0	0	0	0
AT5G08780	176	122	131	161	241	190
AT5G35927	8	8	4	4	15	8
AT5G22610	0	3	1	1	0	1
AT5G63180	0	1	2	2	2	1
AT5G60553	0	0	0	0	0	0
AT5G19855	81	61	55	91	85	103
AT5G26980	364	368	359	345	474	305
AT5G23770	13	18	16	29	24	26
AT5G14990	0	2	0	0	0	0
AT5G07770	246	232	197	322	360	426
AT5G16560	174	140	112	255	294	245
AT5G57535	0	0	0	0	0	0
AT5G59616	0	0	0	0	0	1
AT5G44010	37	50	44	34	43	39
AT5G23430	1440	1744	1839	1665	2029	1648
AT5G02200	352	373	358	147	110	148
AT5G59950	2198	1911	1951	2006	2372	2164
AT5G49015	62	49	56	52	49	51
AT5G47680	750	598	561	774	897	691
AT5G02750	63	47	31	41	48	29
AT5G27000	407	363	443	260	298	412
AT5G51090	0	0	0	0	0	1
AT5G42100	1905	2199	1853	1691	2040	1236
AT5G38720	669	480	519	623	681	543
AT5G56890	1292	1280	1151	1639	2127	1395
AT5G61370	136	96	107	88	89	85
AT5G35870	0	0	4	1	5	0
AT5G63300	28	41	42	30	27	42
AT5G52050	8018	11850	13220	5909	4428	9128
AT5G49030	687	692	742	768	967	800
AT5G52770	1	0	0	0	0	0
AT5G07580	1391	1550	971	475	915	414
AT5G14790	444	484	404	437	589	377
AT5G06470	21	13	28	23	37	19
AT5G17350	2632	3310	4311	2639	2487	3146
AT5G45910	0	1	0	0	1	1
AT5G54990	1	2	5	0	1	0
AT5G41410	117	75	140	133	126	101
AT5G39170	0	0	0	0	0	0
AT5G15560	0	0	0	0	0	1
AT5G15700	343	300	301	391	436	313
AT5G14110	4	1	2	2	6	3
AT5G54770	511	640	460	908	2254	1254
AT5G50970	238	229	270	236	315	267
AT5G42380	8429	10979	14569	7233	5207	11284
AT5G20540	370	404	424	541	714	337
AT5G16890	324	308	292	285	371	290
AT5G44420	0	0	0	0	0	0
AT5G64687	10	15	11	13	15	7
AT5G23310	205	154	164	183	224	180
AT5G67330	801	738	736	620	852	673
AT5G19060	67	96	64	83	109	35
AT5G17290	304	207	233	266	263	258
AT5G38210	634	736	868	756	791	1116
AT5G17620	359	348	340	393	491	364
AT5G64320	91	85	61	91	124	69
AT5G21040	608	525	432	473	571	452
AT5G22290	389	208	329	194	250	171
AT5G55450	1	7	1	8	1	1
AT5G54890	255	216	222	253	278	253
AT5G54630	0	1	2	3	3	2
AT5G11850	1302	1292	1262	1376	1634	1366
AT5G38410	17	11	1	26	40	6
AT5G03880	466	555	505	450	571	472
AT5G64070	2572	2899	3061	2619	3102	2765
AT5G10940	900	870	807	949	1157	914
AT5G61730	2	0	0	3	5	1
AT5G62910	276	224	212	270	295	236
AT5G11975	7	8	0	2	2	3
AT5G45640	1	0	0	0	0	0
AT5G36340	0	0	0	0	0	0
AT5G27550	481	564	509	627	723	523
AT5G02990	0	0	0	0	0	0
AT5G19520	2913	1708	1946	2581	2654	2712
AT5G22780	1478	1721	1564	1464	1708	1570
AT5G16490	133	160	174	145	121	98
AT5G44700	39	32	34	57	79	75
AT5G48600	819	1128	1030	1289	1563	1055
AT5G16510	1210	1039	1049	1078	1200	1041
AT5G18710	5	7	8	10	16	12
AT5G05870	134	111	120	134	228	77
AT5G24110	241	209	234	161	212	310
AT5G35580	2092	3003	3955	2273	2435	3281
AT5G23490	317	376	405	343	407	378
AT5G63220	492	528	448	478	566	485
AT5G19485	584	533	535	580	689	601
AT5G63063	0	0	0	0	0	0
AT5G43370	2	5	3	35	49	39
AT5G67170	240	178	170	198	264	216
AT5G49140	3	7	13	3	1	4
AT5G38510	24	32	22	24	40	22
AT5G26580	0	0	0	0	0	0
AT5G01017	0	0	0	0	0	0
AT5G11190	0	2	0	0	1	0
AT5G10930	189	116	132	216	332	131
AT5G22799	34	43	29	49	61	37
AT5G64150	124	126	113	131	154	129
AT5G10700	82	63	61	105	108	79
AT5G20240	5	4	0	10	8	5
AT5G53380	9	45	49	53	67	80
AT5G60110	0	1	1	0	0	1
AT5G65510	41	83	32	99	179	35
AT5G14910	225	155	132	213	262	208
AT5G45380	253	545	1194	297	134	409
AT5G36260	128	71	88	73	62	80
AT5G55125	543	323	340	394	463	324
AT5G24550	17	18	23	4	6	28
AT5G64410	757	914	937	892	978	946
AT5G04885	911	1207	985	831	1018	641
AT5G57685	1487	1489	951	1132	2353	1001
AT5G55790	313	316	284	348	415	247
AT5G65270	1031	1266	1117	1005	1089	922
AT5G14180	186	162	156	69	72	149
AT5G58560	643	705	620	609	754	671
AT5G64800	1	0	0	0	0	0
AT5G66650	1802	2053	2171	3756	3196	2812
AT5G13330	125	81	117	60	57	122
AT5G61290	57	87	71	72	103	42
AT5G44160	162	120	112	252	332	233
AT5G10160	803	593	589	716	796	609
AT5G48310	582	680	634	765	876	610
AT5G13400	72	59	58	38	37	47
AT5G49570	495	547	533	572	757	590
AT5G47460	21	18	25	17	28	24
AT5G10280	308	324	356	363	423	394
AT5G47190	291	333	241	300	351	285
AT5G02000	83	49	81	24	40	36
AT5G25370	121	225	238	196	249	232
AT5G15490	3885	4460	4253	3425	4017	2724
AT5G42370	79	119	123	100	105	72
AT5G11090	1250	1199	1714	721	750	855
AT5G62880	1090	1221	970	771	842	803
AT5G37990	4272	6435	11101	1898	1567	1346
AT5G51390	83	45	42	69	83	71
AT5G11810	568	550	604	583	669	511
AT5G54460	0	0	0	0	0	0
AT5G13590	1541	1672	1721	1656	1905	1826
AT5G35120	0	0	0	0	0	0
AT5G41860	58	41	47	59	81	47
AT5G58170	0	0	0	0	0	0
AT5G51760	25	17	23	11	11	4
AT5G47240	488	815	736	481	361	377
AT5G44860	186	212	203	234	328	180
AT5G11780	92	99	125	129	126	80
AT5G53660	3	4	7	3	1	0
AT5G55650	6	8	8	18	17	10
AT5G19720	1	3	5	3	1	0
AT5G18450	10	3	2	8	5	1
AT5G20050	540	632	627	336	353	306
AT5G52470	4492	3667	3515	4502	5193	4424
AT5G56110	1	2	0	2	1	3
AT5G16050	4043	3343	3202	3356	3755	3144
AT5G25550	0	0	1	0	0	0
AT5G39680	18	19	20	19	20	17
AT5G14620	476	391	434	432	537	434
AT5G38950	0	0	0	0	0	0
AT5G63060	34	28	23	34	35	33
AT5G07300	1007	1098	944	1132	1401	1305
AT5G36790	0	0	0	0	0	0
AT5G16440	1422	970	854	1013	1186	1041
AT5G62890	2955	3544	3381	3290	4184	2766
AT5G47630	237	182	191	192	203	197
AT5G26820	158	141	146	148	171	156
AT5G11200	2598	2124	1966	2299	2624	2254
AT5G22720	0	0	0	0	0	1
AT5G14380	1	1	3	0	4	0
AT5G19580	1	0	0	0	0	0
AT5G52690	11	27	19	24	13	37
AT5G50060	6	2	2	3	5	3
AT5G14440	974	806	792	926	969	849
AT5G20600	820	628	537	882	1003	839
AT5G18740	7	10	7	25	26	18
AT5G16285	0	0	0	0	0	0
AT5G14370	36	67	32	66	198	38
AT5G67360	3620	3906	3954	3142	4155	2915
AT5G04130	534	476	470	584	610	535
AT5G35160	2025	2197	1948	2055	2386	1678
AT5G24950	0	1	0	0	0	0
AT5G57270	433	375	442	439	478	337
AT5G53620	1101	1139	1041	1239	1401	1138
AT5G48120	526	521	540	622	676	636
AT5G26250	5	9	4	1	5	5
AT5G12990	1	3	2	0	0	0
AT5G57670	71	90	86	71	104	55
AT5G36738	0	0	0	0	0	0
AT5G50500	0	0	0	0	0	0
AT5G60215	0	0	1	0	1	0
AT5G10605	57	43	43	41	60	62
AT5G28640	441	229	249	325	310	412
AT5G36739	0	0	0	0	0	0
AT5G09500	19	8	10	10	3	9
AT5G66610	113	138	103	88	89	64
AT5G15170	473	449	458	379	370	404
AT5G03810	0	0	0	0	0	0
AT5G62720	258	224	144	712	1104	712
AT5G05530	1	3	4	3	5	9
AT5G11830	0	0	0	0	0	0
AT5G55120	1463	1664	1744	1664	1770	1407
AT5G41510	0	0	0	0	0	0
AT5G22796	36	48	36	36	55	41
AT5G06610	337	333	419	249	309	254
AT5G26680	541	431	445	522	591	475
AT5G60220	2	1	3	0	0	0
AT5G22870	88	50	69	91	104	81
AT5G61900	0	0	0	1	0	2
AT5G44320	1805	1420	1413	1748	1898	1729
AT5G16790	56	51	44	51	61	68
AT5G05810	70	35	79	30	25	43
AT5G02610	2609	1822	1650	2203	2311	1848
AT5G60390	61505	48023	41965	55773	61123	50730
AT5G18270	740	1078	824	964	966	813
AT5G20290	27513	20665	18868	25126	28580	24132
AT5G10980	4952	4180	4200	3979	4718	4128
AT5G03400	0	2	0	0	0	0
AT5G14530	284	219	260	283	322	272
AT5G16310	207	166	153	211	267	202
AT5G62830	0	0	0	0	0	0
AT5G50800	256	185	228	49	62	42
AT5G08730	3	1	3	2	1	4
AT5G40680	1	0	1	0	2	0
AT5G36300	0	0	0	0	0	0
AT5G16240	112	137	170	126	124	107
AT5G15843	9	3	6	4	4	9
AT5G48360	390	320	276	557	670	468
AT5G60190	197	176	187	225	269	227
AT5G16715	281	338	293	382	437	318
AT5G22970	0	0	0	0	0	0
AT5G52170	132	83	94	105	137	133
AT5G25800	250	221	231	299	370	241
AT5G41740	681	919	1217	855	732	1763
AT5G46630	2410	2361	2284	2175	2653	2096
AT5G44520	68	71	84	103	99	82
AT5G50180	750	635	630	644	794	634
AT5G20130	348	230	211	272	282	232
AT5G63260	753	662	636	698	883	664
AT5G49520	3790	4909	5138	3282	2711	3344
AT5G52630	86	47	52	48	59	46
AT5G38060	43	40	42	23	48	45
AT5G61180	5	3	1	8	4	3
AT5G45240	4	13	15	34	21	43
AT5G29613	0	0	0	0	3	0
AT5G19290	539	508	455	621	788	416
AT5G49610	67	55	46	39	80	60
AT5G24050	0	0	0	0	0	0
AT5G19540	358	312	355	373	505	333
AT5G15410	336	269	247	181	223	142
AT5G20660	1820	1669	1539	1607	1921	1431
AT5G07370	621	606	517	578	704	553
AT5G23790	0	0	0	0	0	0
AT5G01450	262	298	257	281	390	325
AT5G25265	1475	1468	1443	1495	1647	1397
AT5G58720	5644	5774	6256	3944	3393	5375
AT5G63340	0	0	0	0	0	0
AT5G13180	526	499	516	591	936	507
AT5G47550	154	170	120	107	118	32
AT5G61760	383	439	397	456	462	326
AT5G61630	0	0	0	0	0	0
AT5G27600	492	517	529	444	481	355
AT5G14880	764	740	785	1376	1840	1419
AT5G27493	0	0	0	0	0	0
AT5G13670	1	1	1	2	5	0
AT5G43320	2947	3251	2570	2908	3446	2620
AT5G65030	19	18	35	30	42	14
AT5G62040	37	111	53	9	17	0
AT5G05420	3	3	2	4	6	7
AT5G15680	1426	1623	1581	1737	2001	1756
AT5G02960	11148	7879	7002	9119	10244	8328
AT5G67240	1379	1135	1085	1434	1582	1397
AT5G66340	1	0	0	0	0	0
AT5G26751	1860	1922	1789	1785	2058	1854
AT5G37790	684	682	717	759	998	787
AT5G40560	0	0	0	0	0	0
AT5G13320	271	423	686	513	311	649
AT5G42290	132	72	114	24	23	31
AT5G58003	313	263	240	307	387	306
AT5G42146	86	102	101	99	122	94
AT5G35338	0	0	0	0	0	0
AT5G58940	438	421	424	283	345	374
AT5G42250	955	792	1020	609	655	909
AT5G01890	1383	1602	1665	1732	2149	1450
AT5G16460	0	0	0	0	0	0
AT5G49460	3720	3309	3050	3140	3448	3033
AT5G53280	476	485	462	476	594	417
AT5G20840	1020	1030	920	933	1083	922
AT5G09850	1648	1714	1734	1720	2026	1730
AT5G64980	67	78	50	83	110	65
AT5G24540	16	19	13	11	12	59
AT5G67320	1669	1512	1524	1462	1668	1969
AT5G45455	1	5	8	3	6	1
AT5G20260	5	3	4	1	1	3
AT5G52550	526	525	527	470	666	459
AT5G52740	1	0	0	0	0	0
AT5G47320	883	683	648	657	764	708
AT5G14070	13	17	7	47	95	5
AT5G56020	188	216	207	204	281	184
AT5G39250	112	122	133	123	160	91
AT5G41730	47	43	61	25	19	48
AT5G06930	403	420	381	372	459	334
AT5G10290	1439	1499	1548	1178	1420	1275
AT5G61740	18	14	13	9	4	4
AT5G48220	177	157	133	166	238	195
AT5G56710	12431	7893	7729	9568	10740	8874
AT5G48710	0	1	1	1	2	2
AT5G51260	218	260	267	161	222	163
AT5G14250	903	820	810	865	957	785
AT5G66320	179	243	221	333	626	303
AT5G35600	0	0	0	0	0	0
AT5G61550	95	86	59	71	77	92
AT5G56620	61	54	61	74	87	56
AT5G41910	135	91	95	87	134	84
AT5G06905	97	173	284	103	92	81
AT5G61210	5099	6649	7434	5317	4423	6819
AT5G63620	1184	1254	1096	1375	1625	1601
AT5G03110	85	91	112	99	120	90
AT5G56550	166	109	27	227	199	146
AT5G15540	988	1145	1166	1126	1414	1177
AT5G23540	3289	2448	2263	2570	2989	2570
AT5G44670	614	869	764	706	1080	428
AT5G40240	312	383	446	343	426	349
AT5G09950	45	48	48	50	75	55
AT5G37860	0	0	0	0	0	0
AT5G18720	0	0	1	0	1	3
AT5G10030	360	348	412	477	757	399
AT5G40490	625	635	631	665	823	596
AT5G23750	1271	1288	1659	515	684	720
AT5G39200	0	0	0	0	0	0
AT5G37730	0	0	4	0	0	0
AT5G14345	1	4	3	2	1	1
AT5G63660	458	149	175	358	315	292
AT5G52860	18	81	23	41	50	1
AT5G47730	2469	3128	2999	2262	1759	2143
AT5G03210	603	840	1171	641	499	723
AT5G51610	0	0	0	2	0	0
AT5G59380	361	309	256	358	432	343
AT5G46320	0	0	0	0	0	0
AT5G10370	197	207	218	239	328	249
AT5G39493	0	0	1	0	0	1
AT5G38590	165	157	136	149	194	144
AT5G43130	1519	1482	1458	1596	1606	1604
AT5G59480	1548	1962	1813	1521	1162	1002
AT5G57620	349	281	256	355	470	407
AT5G13870	451	227	287	380	420	322
AT5G21010	356	389	372	380	487	380
AT5G05230	390	339	371	326	449	351
AT5G45970	249	315	272	157	221	145
AT5G62640	873	848	771	809	1035	785
AT5G16640	33	32	37	29	33	22
AT5G57130	506	683	651	1066	1868	754
AT5G21274	2456	1808	1873	2080	2286	1869
AT5G65250	372	354	338	374	368	338
AT5G47450	3323	1600	834	5304	5778	4000
AT5G06940	110	130	101	154	206	129
AT5G66815	23	7	17	5	7	13
AT5G01015	8	2	10	4	7	7
AT5G42910	0	0	0	0	0	0
AT5G57980	183	95	83	119	112	101
AT5G06200	351	204	205	278	337	355
AT5G39420	96	115	169	104	143	134
AT5G06040	0	0	0	0	0	0
AT5G02830	63	59	64	90	113	62
AT5G17345	1	1	0	0	0	1
AT5G62270	1329	1044	999	1266	1376	1058
AT5G63150	616	444	487	450	497	376
AT5G40020	427	703	610	396	584	491
AT5G28490	251	469	305	408	519	124
AT5G65850	30	30	13	57	37	13
AT5G11010	224	200	168	218	250	189
AT5G55080	0	1	0	0	0	0
AT5G05430	4	3	2	3	2	5
AT5G55860	900	785	850	725	882	748
AT5G16060	458	359	305	371	415	311
AT5G50870	957	939	871	878	993	838
AT5G33393	0	0	0	0	0	0
AT5G45775	4873	3523	3451	4164	4686	3907
AT5G65165	1	2	1	1	0	2
AT5G48300	827	900	859	851	979	566
AT5G67060	13	19	10	17	3	8
AT5G65730	0	6	1	2	4	1
AT5G41025	0	2	1	1	1	1
AT5G07630	347	326	322	383	464	332
AT5G22660	61	66	54	61	89	83
AT5G34850	2829	2507	2488	1987	2243	1912
AT5G64280	352	384	330	382	515	354
AT5G55570	1	1	0	0	0	1
AT5G63780	540	505	387	614	722	566
AT5G17820	2058	1749	1687	2113	2234	2824
AT5G02100	1201	1170	1040	1266	1347	1240
AT5G25530	2	1	5	2	2	1
AT5G39690	0	0	0	0	0	0
AT5G37210	50	48	47	46	57	74
AT5G54140	120	112	120	154	192	162
AT5G46170	492	564	562	516	658	516
AT5G61460	334	433	444	494	585	430
AT5G51410	768	676	669	637	779	680
AT5G25340	0	0	0	0	0	0
AT5G54030	54	36	29	20	23	30
AT5G10180	977	2416	1644	1405	1546	490
AT5G26950	8	0	5	9	10	2
AT5G06460	1240	1205	1103	1439	1718	1253
AT5G42080	5503	6449	5650	6149	7042	5439
AT5G65600	57	68	85	63	68	131
AT5G53310	1354	1467	1326	892	1002	1062
AT5G04900	70	69	106	52	60	48
AT5G50280	141	137	128	132	184	108
AT5G19740	1839	2009	2481	1333	1452	1438
AT5G44660	125	111	92	142	154	161
AT5G41570	75	109	101	54	78	51
AT5G62580	1658	2002	2006	1627	1854	1354
AT5G26262	0	0	0	0	0	0
AT5G14995	0	0	0	1	0	0
AT5G06811	119	98	134	104	148	104
AT5G03040	4003	4247	3785	3079	3412	3256
AT5G44730	416	615	337	466	428	185
AT5G18065	162	196	154	163	176	136
AT5G26360	5474	4965	4649	5558	6336	5394
AT5G10830	1932	1564	2176	1291	1293	1585
AT5G15290	33	19	11	14	14	24
AT5G22545	295	459	566	346	245	403
AT5G14390	755	605	689	816	1224	853
AT5G03240	10350	8008	9036	9971	11759	9825
AT5G52200	1250	991	979	871	939	965
AT5G59770	95	100	78	107	112	58
AT5G46620	356	367	367	329	389	303
AT5G41500	0	0	0	0	0	0
AT5G43620	875	948	846	903	1068	960
AT5G04740	2367	2206	2620	1629	1839	1866
AT5G46090	10	24	15	26	44	45
AT5G27640	3553	3085	2976	3573	4057	3390
AT5G07390	100	179	144	270	317	368
AT5G06700	2673	3124	2930	2118	2391	1919
AT5G18950	230	203	238	270	266	203
AT5G42600	7534	4813	6396	602	563	768
AT5G14350	13	7	4	8	15	4
AT5G55990	510	457	471	374	474	360
AT5G56820	0	0	0	0	0	0
AT5G56490	0	0	0	0	0	0
AT5G06290	498	524	460	486	533	419
AT5G15950	358	391	508	483	513	284
AT5G64790	3	2	2	1	0	1
AT5G36870	13	14	18	56	63	75
AT5G51850	13	18	16	26	27	18
AT5G09711	0	0	0	0	0	0
AT5G55760	111	108	82	153	143	113
AT5G06120	884	953	982	950	1029	908
AT5G41270	115	90	104	129	142	109
AT5G59730	3319	6894	6928	5006	4295	4872
AT5G54100	306	260	248	293	325	284
AT5G44240	1275	1339	1344	1308	1513	1284
AT5G62990	58	62	52	68	77	48
AT5G61170	6026	3866	3377	4965	5290	4096
AT5G13090	413	403	357	510	566	449
AT5G55856	0	0	0	0	0	0
AT5G22770	1385	1382	1364	1419	1506	1381
AT5G18330	0	0	0	0	0	0
AT5G63600	1801	1823	1590	3859	3917	3292
AT5G50160	133	236	376	34	37	64
AT5G62070	380	536	453	444	643	402
AT5G15265	259	170	185	207	229	245
AT5G54210	0	0	0	0	0	0
AT5G47020	2646	2589	2335	1999	2313	1977
AT5G43064	62	52	79	26	25	31
AT5G42660	449	433	395	385	468	331
AT5G01360	292	390	551	255	343	289
AT5G22430	12	10	9	10	9	13
AT5G14020	280	201	223	334	355	393
AT5G25330	0	0	0	0	0	0
AT5G19530	2042	3428	3068	3399	4539	3715
AT5G05113	1	0	0	0	0	0
AT5G59895	0	1	0	0	0	0
AT5G52975	0	0	0	0	0	0
AT5G19490	30	27	28	28	38	32
AT5G12360	70	29	33	37	51	51
AT5G56180	324	342	324	294	306	315
AT5G53860	757	688	622	737	872	680
AT5G38435	0	0	0	0	0	0
AT5G40300	300	300	387	274	342	319
AT5G53020	267	202	214	223	288	207
AT5G01680	0	0	0	0	0	0
AT5G07475	472	521	641	364	475	467
AT5G42590	2893	1972	3208	623	705	850
AT5G34940	415	471	460	507	605	339
AT5G17390	43	43	45	40	27	49
AT5G66210	12263	14274	18291	10060	8071	13117
AT5G58270	717	672	631	778	790	682
AT5G49340	48	29	25	19	13	33
AT5G16370	878	865	818	921	860	905
AT5G18690	161	172	142	217	296	155
AT5G63087	4	5	3	5	6	1
AT5G08060	2875	1990	2139	2222	2540	2013
AT5G41990	2787	2761	2705	2654	3026	2848
AT5G37247	5	4	7	8	10	3
AT5G26110	498	400	385	485	501	455
AT5G18990	0	0	1	0	0	0
AT5G02110	0	0	0	0	0	0
AT5G06860	576	441	460	371	360	422
AT5G64540	1	0	4	2	2	1
AT5G49530	679	773	774	767	915	764
AT5G12000	0	0	1	0	1	0
AT5G22630	9295	16926	19495	10977	8837	11062
AT5G10360	13707	10639	9393	13185	14444	11878
AT5G03990	104	109	101	94	125	92
AT5G37030	0	0	0	0	0	0
AT5G54820	3	0	0	0	1	0
AT5G36400	0	0	0	0	0	0
AT5G22390	26	24	41	32	26	15
AT5G65940	989	894	854	873	943	850
AT5G39540	0	0	0	0	0	0
AT5G24330	88	44	38	95	118	63
AT5G06870	443	831	237	453	397	143
AT5G14710	361	320	311	238	289	254
AT5G56670	5546	3321	3169	4072	4314	3707
AT5G03710	0	0	0	0	0	0
AT5G35550	6	4	1	4	1	0
AT5G38070	62	89	79	86	93	73
AT5G04120	13203	11322	19723	769	574	1376
AT5G45720	196	142	113	262	271	280
AT5G48370	233	244	239	220	255	205
AT5G18735	0	0	0	0	0	0
AT5G10480	1407	1087	1173	928	1104	889
AT5G08770	113	103	88	86	131	72
AT5G51690	365	319	330	433	543	407
AT5G22250	4101	6084	7975	4512	3882	5462
AT5G06320	12769	14731	18479	10395	10219	14575
AT5G56720	66	163	135	159	124	135
AT5G17430	431	229	219	235	245	351
AT5G10000	2	0	2	0	0	0
AT5G07720	125	108	84	107	124	95
AT5G35405	0	0	0	0	0	0
AT5G18860	2732	2861	3356	2599	2754	2830
AT5G03204	145	116	142	113	52	66
AT5G47900	2	5	0	2	6	3
AT5G61110	0	0	0	0	0	0
AT5G66335	30	26	19	16	24	15
AT5G42895	0	0	0	0	0	0
AT5G63350	62	18	50	11	31	19
AT5G53610	0	1	0	0	0	0
AT5G62670	2095	1955	1862	1616	1850	1562
AT5G06910	422	417	440	372	411	306
AT5G12120	1309	1107	1034	1269	1500	1175
AT5G57440	705	590	552	695	774	575
AT5G22120	789	749	800	651	731	688
AT5G36420	0	0	0	0	0	0
AT5G21090	7460	8083	7982	6839	7169	7309
AT5G27920	892	685	633	1063	1038	1031
AT5G11820	0	0	0	1	0	0
AT5G63720	0	2	0	1	0	2
AT5G66540	964	704	693	903	973	797
AT5G27830	349	315	309	370	370	283
AT5G21990	1485	1578	1473	1237	1430	1201
AT5G20160	2251	1580	1520	1921	2094	1602
AT5G57970	258	268	234	258	366	190
AT5G66500	39	35	34	46	39	30
AT5G40610	473	292	295	415	442	422
AT5G48543	0	0	0	1	0	0
AT5G53300	17309	17728	18349	15971	16329	15489
AT5G09750	0	0	0	0	0	0
AT5G09350	367	436	459	459	502	437
AT5G17660	133	99	81	115	149	99
AT5G64930	413	359	419	394	463	390
AT5G39220	29	38	25	15	3	4
AT5G24060	316	338	311	367	458	358
AT5G25250	469	546	514	529	444	1070
AT5G15040	0	0	0	0	0	0
AT5G65750	2075	2764	2521	2444	2761	2208
AT5G07920	2763	3815	3524	2196	1756	2323
AT5G51630	1440	1535	1635	1261	1394	1986
AT5G20170	341	376	326	351	410	307
AT5G28690	0	0	0	0	0	0
AT5G39471	42	38	35	29	28	28
AT5G01780	309	312	281	246	378	235
AT5G02430	175	141	107	185	216	130
AT5G24480	0	0	0	0	0	0
AT5G17190	2731	2519	2673	1734	1831	1741
AT5G62060	0	0	0	0	0	0
AT5G50920	6056	5808	5465	5826	7481	6541
AT5G34829	0	0	0	0	0	0
AT5G10870	205	221	209	233	279	212
AT5G38850	76	69	66	94	98	100
AT5G18240	73	144	167	328	439	284
AT5G38520	3	4	5	3	20	3
AT5G22350	840	743	726	726	801	711
AT5G12370	2315	2726	2499	2438	2842	2449
AT5G12980	307	211	223	251	261	187
AT5G46600	138	139	171	80	94	88
AT5G26830	2363	2081	2010	2334	2703	2261
AT5G03430	702	676	657	718	855	679
AT5G53780	0	0	0	0	0	0
AT5G19100	951	1155	940	788	625	631
AT5G15640	837	872	879	656	728	785
AT5G07030	7953	12889	9742	9532	12663	5788
AT5G12280	85	70	114	32	25	21
AT5G16740	11	12	101	0	1	0
AT5G19020	152	126	142	134	144	135
AT5G48175	39	36	26	41	43	76
AT5G01640	349	531	672	322	253	454
AT5G22650	7478	5547	5375	6979	7420	6197
AT5G46180	1017	1077	967	708	858	917
AT5G38860	138	88	87	158	177	146
AT5G23212	0	0	0	0	0	0
AT5G50120	156	135	75	105	183	64
AT5G10220	0	0	0	0	0	0
AT5G39900	141	103	102	129	168	110
AT5G50040	0	0	0	0	0	0
AT5G44270	1	0	0	0	0	0
AT5G65920	449	463	445	433	500	583
AT5G58890	0	0	0	0	0	0
AT5G02270	737	591	669	519	504	661
AT5G55520	475	479	375	611	693	448
AT5G35960	89	111	104	92	124	56
AT5G12140	8033	7357	7027	4663	4810	3828
AT5G07260	0	0	0	0	0	0
AT5G08391	8	5	3	5	11	7
AT5G35930	386	370	380	407	490	415
AT5G42280	414	500	502	299	371	323
AT5G12020	9	4	4	3	0	2
AT5G01060	28	52	32	37	36	16
AT5G12270	83	49	117	34	31	13
AT5G20350	1461	1319	1408	1438	1660	1738
AT5G13710	5774	5381	5093	5774	6730	6334
AT5G02260	1076	669	630	1033	1098	1118
AT5G19500	7	8	6	1	16	0
AT5G65205	184	225	228	226	196	184
AT5G57790	79	108	99	90	90	72
AT5G41720	0	0	0	0	0	0
AT5G15390	184	163	170	208	214	208
AT5G49130	2	1	1	0	0	0
AT5G40670	372	358	292	416	584	377
AT5G44120	0	0	0	0	0	0
AT5G62510	0	2	3	1	0	4
AT5G55660	2306	2661	2711	2675	3156	2587
AT5G60610	20	7	16	9	16	9
AT5G53460	16217	17520	19226	31527	41069	25937
AT5G39040	679	835	777	620	704	736
AT5G39590	1695	1446	1255	1660	2355	1706
AT5G16630	580	585	596	464	555	636
AT5G10460	413	440	371	394	526	433
AT5G65500	12	15	22	14	31	29
AT5G03940	534	578	525	497	621	510
AT5G16170	166	142	203	128	170	166
AT5G23220	581	228	303	149	221	149
AT5G55580	85	77	72	122	132	95
AT5G01720	1153	1090	1078	668	872	822
AT5G61790	7390	6559	6200	8154	8733	6614
AT5G41150	439	504	410	492	582	487
AT5G54745	1	0	0	0	0	0
AT5G17220	52	6	1	5	166	0
AT5G17570	91	95	83	89	107	89
AT5G09840	240	146	130	237	314	208
AT5G54400	53	61	43	147	201	67
AT5G15890	131	142	149	118	111	140
AT5G12043	0	0	1	0	1	0
AT5G41050	1	2	0	4	4	5
AT5G38344	34	51	71	71	53	85
AT5G35790	53	50	18	68	168	36
AT5G66770	203	219	205	316	442	228
AT5G62110	0	0	0	0	0	0
AT5G25430	0	0	0	0	0	0
AT5G62980	163	131	123	137	189	139
AT5G22760	1178	1189	1213	1187	1385	1212
AT5G01820	2178	2013	3114	1739	1999	2359
AT5G60090	0	0	0	0	0	0
AT5G24460	326	262	268	253	265	217
AT5G55000	335	326	343	330	297	262
AT5G55855	1	2	0	0	0	0
AT5G58420	9503	6010	5858	7622	8483	7336
AT5G24170	127	123	135	105	162	106
AT5G37130	869	713	777	927	1020	845
AT5G47440	13	14	13	19	31	18
AT5G08150	14	10	6	13	8	10
AT5G60600	867	987	1065	826	1042	876
AT5G55840	90	80	94	109	125	94
AT5G64180	543	459	461	456	587	478
AT5G50130	158	306	223	163	262	74
AT5G47610	1	1	0	0	0	1
AT5G67430	13	17	33	11	22	18
AT5G39660	280	218	260	336	467	350
AT5G43950	106	84	119	91	112	62
AT5G02290	1090	1279	1285	978	944	1285
AT5G50420	479	457	467	459	524	381
AT5G59690	2258	1712	1775	2035	2415	1940
AT5G47780	2716	2923	2437	2014	2400	1688
AT5G01700	200	190	182	215	234	254
AT5G63225	0	0	0	0	0	0
AT5G56300	1	3	9	8	3	1
AT5G35732	287	252	167	100	141	69
AT5G37660	324	282	334	336	408	420
AT5G30495	326	211	207	211	264	222
AT5G57490	1424	1275	1162	1592	1795	1402
AT5G22220	213	157	143	187	186	149
AT5G53440	1374	1417	1339	1376	1668	1508
AT5G06510	64	128	438	23	30	9
AT5G54290	120	132	149	146	200	137
AT5G07560	2	4	4	4	2	2
AT5G65580	6	9	10	13	24	7
AT5G46720	24	23	24	16	19	11
AT5G17167	0	0	0	0	0	0
AT5G14450	569	759	505	623	824	393
AT5G11270	184	142	117	152	206	164
AT5G03080	665	657	762	551	559	486
AT5G46270	69	72	88	136	186	94
AT5G22210	215	194	200	213	213	144
AT5G25320	3	14	4	5	1	3
AT5G12850	1214	1472	1581	1450	1647	1251
AT5G26760	763	706	704	701	820	724
AT5G27380	2780	2877	2609	2264	2568	2298
AT5G43660	37	46	25	38	34	39
AT5G08570	2441	1767	1890	1966	2132	1989
AT5G17980	277	373	313	252	264	242
AT5G50680	0	0	0	0	0	0
AT5G13510	244	190	184	220	321	206
AT5G43110	0	1	0	2	0	0
AT5G42860	942	911	1070	781	889	896
AT5G43060	7046	6598	6644	6333	7739	6868
AT5G60010	2	0	1	0	0	0
AT5G21900	88	100	93	115	131	130
AT5G47420	356	378	363	324	367	300
AT5G23510	599	826	761	641	597	959
AT5G65613	2	6	7	4	6	3
AT5G61890	40	36	32	4	14	19
AT5G40600	109	126	79	116	138	103
AT5G18190	1423	1432	1423	1502	1796	1418
AT5G13700	2308	2926	3490	1808	1192	2106
AT5G19730	317	373	255	273	451	190
AT5G59790	139	142	172	208	286	231
AT5G26990	313	305	274	284	302	266
AT5G18120	529	441	441	575	724	510
AT5G42955	0	0	0	0	0	0
AT5G13960	362	359	335	444	501	377
AT5G34780	0	0	0	0	0	0
AT5G02920	0	0	0	0	0	0
AT5G08120	561	555	557	622	767	591
AT5G46520	236	290	276	236	228	314
AT5G43230	32	28	18	27	27	26
AT5G59090	5974	3476	2541	8707	11550	11883
AT5G07970	552	630	607	710	889	645
AT5G02840	468	500	581	611	609	589
AT5G19420	640	718	763	676	792	762
AT5G64550	281	376	595	156	379	108
AT5G36230	5380	5163	4786	4677	5535	4607
AT5G04360	270	258	286	236	328	233
AT5G18600	1	2	0	0	0	1
AT5G11710	2123	2296	2090	2109	2464	1910
AT5G43340	0	0	0	0	0	0
AT5G49480	2893	3712	5283	1380	1532	2679
AT5G67550	75	101	92	110	137	106
AT5G01075	22	26	33	8	19	5
AT5G20450	85	87	81	94	113	80
AT5G05450	670	663	580	733	830	658
AT5G56800	0	0	0	3	0	1
AT5G43211	0	0	0	0	0	0
AT5G64770	0	0	0	0	0	0
AT5G54310	1942	1853	1893	1922	2255	2065
AT5G36320	0	0	0	0	0	0
AT5G04330	146	174	128	186	195	120
AT5G40645	25	23	17	17	20	24
AT5G45430	5966	5866	6798	4633	4111	5402
AT5G02370	376	454	379	522	623	539
AT5G50562	0	0	0	0	0	0
AT5G08090	0	1	0	0	0	1
AT5G37600	8439	7895	11973	3831	3962	5653
AT5G02820	530	332	350	598	675	548
AT5G46860	1071	1247	1277	926	1154	945
AT5G24970	251	161	152	199	219	157
AT5G64290	940	992	863	972	1188	798
AT5G37055	126	107	99	148	187	132
AT5G49110	96	72	69	112	138	98
AT5G47435	755	716	646	810	929	688
AT5G49555	931	849	825	869	903	838
AT5G67210	713	975	1019	559	566	400
AT5G15780	45	48	15	11	14	5
AT5G07550	1	2	1	0	0	1
AT5G27390	41	24	32	40	33	31
AT5G08190	436	333	350	427	429	367
AT5G59590	13	7	2	3	4	0
AT5G24350	1362	1717	1714	1499	1762	1526
AT5G06080	5	2	0	4	5	1
AT5G35700	928	675	802	724	851	848
AT5G60900	24	48	60	21	38	31
AT5G06370	1003	911	843	726	872	818
AT5G36480	0	0	0	0	0	0
AT5G04760	1134	1430	1607	796	851	1093
AT5G01950	1494	1440	1519	1229	1287	1581
AT5G65880	182	139	136	176	174	133
AT5G59860	0	2	1	2	2	4
AT5G15080	728	703	610	706	961	620
AT5G48730	65	52	54	91	120	67
AT5G20920	2408	2098	1871	1989	2241	1997
AT5G42540	1926	1668	1532	2113	2270	2110
AT5G27420	916	1327	1683	1256	1359	1788
AT5G21280	3	2	4	4	2	6
AT5G10270	541	523	506	469	501	402
AT5G41450	1	1	0	0	0	0
AT5G17740	0	0	0	0	0	0
AT5G11880	1924	1853	1735	2110	2398	1870
AT5G39470	0	0	0	0	0	0
AT5G44100	1418	1454	1442	1277	1638	1275
AT5G42635	0	0	0	0	0	0
AT5G07430	2	2	0	0	0	0
AT5G28350	511	573	546	546	655	557
AT5G35910	1186	1096	1096	1354	1526	1111
AT5G48630	222	195	177	208	256	191
AT5G13450	7126	5421	5183	5584	6266	4850
AT5G63670	417	331	354	420	519	367
AT5G04047	0	0	0	0	0	0
AT5G55100	1251	1082	1103	1256	1461	1250
AT5G40640	508	588	643	403	461	303
AT5G66450	110	96	65	81	133	68
AT5G18933	0	1	0	2	0	0
AT5G40595	0	0	0	0	0	0
AT5G65910	970	949	896	986	1272	928
AT5G05910	0	0	0	1	1	0
AT5G47010	2785	3213	3193	3321	3740	2975
AT5G50200	331	448	530	642	781	993
AT5G46690	2	0	1	1	4	1
AT5G40180	3	5	3	1	1	5
AT5G18970	725	913	865	719	855	865
AT5G53650	479	320	337	347	374	327
AT5G61010	353	441	499	381	336	638
AT5G03905	210	174	158	161	167	141
AT5G16400	39	52	35	48	111	36
AT5G28840	1728	1465	1510	1500	1619	1332
AT5G53530	622	504	505	521	598	514
AT5G24980	336	255	216	261	258	266
AT5G24590	8778	10488	11758	9471	8648	11284
AT5G06265	136	120	142	111	131	118
AT5G63320	1552	1393	1365	1601	1725	1475
AT5G38890	243	173	192	233	270	216
AT5G27770	4817	3210	3028	3926	4499	3761
AT5G58520	580	608	564	794	1088	671
AT5G19440	2688	1743	2034	1374	1613	1228
AT5G55507	5	2	1	0	2	3
AT5G05590	33	57	62	31	39	34
AT5G65420	153	135	115	130	172	92
AT5G22320	418	342	322	371	495	357
AT5G48940	890	554	501	969	1038	1086
AT5G58782	0	1	0	0	0	0
AT5G61130	868	838	701	949	1061	708
AT5G60920	5644	6124	5378	4846	5802	4389
AT5G20370	0	0	0	0	0	1
AT5G58700	2082	2317	3070	1033	1134	1679
AT5G62330	271	142	169	189	205	171
AT5G09660	23	12	9	20	10	20
AT5G41290	13	23	14	69	125	123
AT5G24355	0	0	0	0	0	0
AT5G52720	82	72	44	236	188	359
AT5G21120	0	5	1	5	5	5
AT5G25755	30	32	29	42	40	47
AT5G27730	253	240	240	277	306	228
AT5G53090	368	279	321	363	400	309
AT5G62220	790	1040	1167	732	944	640
AT5G04550	2953	3477	3646	2519	2537	2798
AT5G60840	268	279	300	302	287	272
AT5G17060	329	257	276	255	284	298
AT5G02630	80	93	82	95	110	97
AT5G48130	17	13	11	11	19	20
AT5G25570	136	91	106	108	108	99
AT5G49470	501	435	551	623	765	611
AT5G05965	24	8	9	16	16	24
AT5G43180	1490	1534	1044	1011	1415	1000
AT5G56310	60	44	29	48	56	35
AT5G11740	9014	10656	9074	6297	5564	6230
AT5G63860	1352	1417	1313	1337	1450	1126
AT5G38980	55	110	46	88	193	7
AT5G37010	432	453	356	521	649	368
AT5G23850	637	865	836	502	544	438
AT5G39280	0	0	0	0	0	0
AT5G37240	5	10	9	20	6	6
AT5G17690	500	539	499	552	618	462
AT5G54260	274	298	284	279	367	339
AT5G37500	1349	1475	1205	756	903	506
AT5G67390	79	61	64	94	153	89
AT5G15280	201	186	143	194	253	136
AT5G22620	510	463	486	462	538	463
AT5G35450	712	792	843	817	1134	681
AT5G63410	394	394	399	350	380	345
AT5G53200	28	14	21	18	21	24
AT5G13610	191	236	166	193	259	154
AT5G57815	552	442	468	369	410	348
AT5G06839	246	241	300	316	350	401
AT5G55590	54	56	76	46	73	44
AT5G04933	0	0	0	0	0	0
AT5G46540	11	36	16	21	12	9
AT5G04750	2216	1683	1860	1414	1649	1415
AT5G65380	312	322	339	346	285	313
AT5G52880	125	121	106	106	108	73
AT5G45470	990	1236	1308	1408	1705	1555
AT5G58500	86	125	105	84	109	53
AT5G54360	0	0	0	0	0	0
AT5G65060	243	218	236	282	323	273
AT5G64560	359	423	391	367	420	297
AT5G43822	121	94	106	108	107	120
AT5G09960	615	508	457	551	561	450
AT5G38580	0	0	0	1	0	0
AT5G65120	264	287	310	274	301	300
AT5G54050	12	4	3	9	9	9
AT5G50440	210	198	193	171	175	177
AT5G37640	0	0	0	0	0	0
AT5G42520	852	823	728	863	1128	869
AT5G42020	7811	5926	5967	7174	7673	6247
AT5G37715	0	0	0	0	0	0
AT5G45620	1483	1340	1170	1375	1562	1330
AT5G67130	722	752	747	775	977	685
AT5G42430	0	0	0	0	0	0
AT5G37950	1	2	8	0	2	1
AT5G42510	263	253	251	108	84	146
AT5G26080	4	2	2	4	8	6
AT5G39790	124	111	90	86	102	69
AT5G04890	314	594	646	468	467	557
AT5G54585	63	28	20	39	42	72
AT5G02240	1488	1438	1303	1112	1301	958
AT5G17720	26	24	13	17	10	11
AT5G62627	0	0	0	0	0	0
AT5G62000	6203	8645	9916	4779	5375	5357
AT5G53000	1033	882	876	895	1052	806
AT5G39090	15	10	11	23	37	11
AT5G66040	4172	5079	4558	3424	3656	2825
AT5G44470	0	0	0	0	0	0
AT5G08560	1585	1638	1584	1585	1833	1534
AT5G35917	0	0	0	0	0	0
AT5G44190	53	79	52	118	289	28
AT5G10950	586	448	466	539	588	551
AT5G20720	3242	2474	2250	3174	3416	2830
AT5G36225	0	0	0	0	0	0
AT5G04060	541	515	473	520	667	465
AT5G60670	2274	1614	1557	2133	2397	1870
AT5G35753	273	192	199	247	302	210
AT5G56840	26	67	90	18	29	9
AT5G42325	32	20	32	20	28	29
AT5G35490	0	0	0	0	0	0
AT5G37050	10	4	5	10	18	5
AT5G41070	89	53	58	58	88	56
AT5G52350	1	0	1	11	7	22
AT5G17300	72	60	64	66	125	61
AT5G13350	0	0	0	0	0	0
AT5G25090	672	669	480	669	807	451
AT5G35630	1724	1278	1471	1683	1996	2046
AT5G56510	14	20	27	14	7	2
AT5G10320	128	105	150	130	146	128
AT5G62120	0	0	0	0	0	0
AT5G13390	1992	2187	2045	1744	1721	1710
AT5G11580	877	779	859	878	1079	803
AT5G52980	371	323	356	334	381	320
AT5G65960	1154	890	860	1027	1190	1022
AT5G05060	109	116	86	98	102	73
AT5G15090	5042	3447	3502	3655	4014	3469
AT5G18780	271	273	273	320	381	342
AT5G49930	806	874	814	853	1055	898
AT5G54980	613	714	589	457	683	381
AT5G64530	199	204	281	96	99	128
AT5G60990	620	469	461	635	652	516
AT5G05030	0	0	0	0	0	0
AT5G47950	199	187	193	232	266	246
AT5G51040	977	755	832	829	866	697
AT5G37610	0	0	0	0	1	0
AT5G42260	0	0	2	0	0	0
AT5G05640	228	198	182	266	336	293
AT5G45990	9	33	26	27	15	18
AT5G45410	1542	1594	1682	1290	1370	1430
AT5G49150	1	0	1	0	1	0
AT5G26650	0	0	0	0	0	0
AT5G66230	914	840	668	1034	1187	827
AT5G48040	102	83	77	88	121	83
AT5G63610	575	610	512	513	679	549
AT5G65010	1028	851	705	1056	1457	1044
AT5G40220	0	1	0	0	0	1
AT5G49960	275	235	250	333	436	327
AT5G05660	1062	970	936	1075	1234	1050
AT5G15180	2797	1757	2195	1180	970	1908
AT5G42750	15	12	14	17	26	16
AT5G05365	534	605	742	446	256	375
AT5G43518	0	0	0	0	0	0
AT5G42560	1152	1053	925	1054	1284	970
AT5G48000	3470	2808	3292	1465	1435	1424
AT5G35737	0	0	0	0	0	0
AT5G20000	1117	923	911	902	1046	923
AT5G04400	0	1	0	0	0	0
AT5G12410	1335	988	972	1222	1392	1219
AT5G23300	604	523	437	644	700	527
AT5G28590	0	0	0	0	0	0
AT5G60142	15	18	8	27	60	13
AT5G40810	2467	2111	2049	2124	2413	2006
AT5G37820	12	13	15	20	20	17
AT5G66580	73	44	61	51	56	32
AT5G51440	14	20	11	6	10	9
AT5G54710	796	817	836	472	375	949
AT5G57250	220	249	191	253	286	212
AT5G22590	0	0	0	0	0	0
AT5G37793	12	9	16	7	15	5
AT5G36680	0	0	0	0	0	0
AT5G09760	771	982	711	941	1349	589
AT5G04470	290	176	146	259	344	190
AT5G66730	1030	1227	1189	1170	1343	1066
AT5G60950	719	479	474	733	790	1160
AT5G59470	95	96	82	83	97	66
AT5G62970	2	0	1	1	0	0
AT5G18750	187	208	188	238	264	196
AT5G53600	4	1	0	1	2	5
AT5G24360	605	661	592	670	777	549
AT5G05440	3274	3558	3312	1337	1228	1807
AT5G23230	38	59	40	37	61	31
AT5G22875	283	316	263	250	333	241
AT5G65005	0	0	0	0	0	0
AT5G12330	471	343	410	301	319	304
AT5G18630	627	537	454	532	649	539
AT5G08490	51	67	43	44	55	47
AT5G08660	751	912	819	674	752	721
AT5G42170	0	0	0	0	0	0
AT5G24850	80	50	78	29	23	25
AT5G26340	555	514	543	143	229	337
AT5G58710	3147	2592	2482	2462	2985	2374
AT5G56330	0	0	0	0	0	0
AT5G57230	185	141	154	163	198	157
AT5G54480	0	0	0	0	0	0
AT5G41350	355	419	406	333	444	334
AT5G15550	1346	1162	1072	1383	1432	1206
AT5G57240	48	77	30	93	106	25
AT5G13750	562	648	787	404	425	440
AT5G58630	48	94	69	122	96	52
AT5G25880	46	67	39	39	28	28
AT5G13990	198	202	199	152	185	190
AT5G51030	5	2	0	2	1	4
AT5G06540	24	29	34	41	53	39
AT5G27080	0	0	0	0	0	0
AT5G23290	690	515	473	613	669	582
AT5G63750	6	7	23	14	23	11
AT5G41640	0	1	1	0	0	0
AT5G44400	1484	2820	1843	2891	3970	1080
AT5G27210	73	51	41	49	83	67
AT5G38100	73	55	62	51	77	59
AT5G44580	32	44	29	33	37	58
AT5G44720	1554	1626	1722	1779	2064	1524
AT5G18475	78	71	69	72	99	48
AT5G58480	145	152	113	201	240	134
AT5G50590	0	0	2	0	0	1
AT5G22890	5	4	16	25	71	8
AT5G05330	75	75	75	68	87	55
AT5G48030	592	542	535	626	687	588
AT5G42950	3247	2920	2726	3321	4162	3647
AT5G46550	455	392	418	433	537	495
AT5G18150	1522	1807	2226	1114	1040	1092
AT5G49730	7	6	4	5	10	6
AT5G07840	299	293	237	261	323	248
AT5G40970	81	89	96	78	76	69
AT5G43700	308	245	194	438	752	298
AT5G43940	4731	4875	4572	4579	5446	3647
AT5G03885	47	85	42	81	83	41
AT5G10540	3298	2873	2474	3685	4198	3742
AT5G13560	2220	2298	2204	2116	2176	2071
AT5G23610	953	917	970	994	1186	1058
AT5G38480	5998	4345	4414	4769	5391	4204
AT5G59570	877	779	589	400	366	554
AT5G51480	32	59	44	38	18	29
AT5G42030	752	745	755	716	1014	542
AT5G28470	4	10	6	1	3	0
AT5G61310	327	221	245	280	298	240
AT5G10600	76	103	106	109	162	116
AT5G48900	744	656	602	901	1215	559
AT5G49780	65	95	80	142	146	138
AT5G01980	531	435	444	476	549	486
AT5G14410	10	12	12	11	18	12
AT5G18661	37	24	27	22	24	35
AT5G59710	647	729	655	666	792	690
AT5G07460	3325	3213	4447	1637	1556	2479
AT5G48385	4148	4627	4118	4055	4825	4021
AT5G35604	0	0	0	0	0	0
AT5G13650	879	847	884	965	1098	1073
AT5G19850	51	28	39	19	18	23
AT5G10530	101	57	43	111	148	112
AT5G65320	11	23	7	25	47	36
AT5G25030	0	0	0	0	0	0
AT5G46710	275	229	198	324	461	292
AT5G23411	0	0	0	0	0	0
AT5G63375	0	0	0	0	0	0
AT5G47170	10	6	3	6	9	2
AT5G55530	831	878	773	964	1243	804
AT5G20650	1068	980	1020	919	1140	820
AT5G06260	711	663	717	592	800	699
AT5G50830	0	0	0	0	1	3
AT5G02590	78	58	50	90	108	75
AT5G53880	729	1175	855	1066	1256	652
AT5G06890	1	2	1	1	0	0
AT5G47455	127	126	105	154	136	115
AT5G45570	0	1	0	0	1	1
AT5G52190	0	0	0	0	2	0
AT5G61590	632	681	241	270	562	318
AT5G01520	213	189	171	177	261	149
AT5G60880	0	2	2	6	3	0
AT5G01670	1016	1116	1211	599	452	633
AT5G27950	1101	1141	1089	1223	1715	1409
AT5G54810	4183	4705	4064	4816	6140	5195
AT5G40960	180	133	178	105	127	116
AT5G07810	323	299	248	328	396	316
AT5G12970	318	301	291	336	484	366
AT5G63730	0	0	0	0	0	0
AT5G54880	75	38	35	49	61	39
AT5G07175	0	0	0	0	1	0
AT5G50915	0	3	3	1	0	0
AT5G15610	1743	1458	1452	1786	1930	1621
AT5G20480	70	86	62	67	72	61
AT5G42235	0	0	0	0	0	0
AT5G53895	22	14	7	23	31	15
AT5G22170	0	0	1	0	1	0
AT5G28150	206	218	193	209	298	169
AT5G64680	487	384	357	418	474	384
AT5G51080	66	80	81	91	126	98
AT5G66005	74	57	62	73	87	67
AT5G63640	1056	961	952	853	983	904
AT5G09680	422	364	371	359	396	350
AT5G20080	2402	2210	1959	2389	2706	1835
AT5G18620	1642	1628	1635	2232	2460	1966
AT5G08720	120	122	121	187	208	134
AT5G43780	12371	15911	19388	5806	5753	5899
AT5G25220	474	641	639	504	821	439
AT5G13930	183	31	12	41	334	44
AT5G49760	1274	1829	1764	1238	1268	1668
AT5G25110	195	150	210	77	89	98
AT5G09870	4478	7245	6481	3345	3331	2989
AT5G25425	0	0	0	0	0	0
AT5G40740	726	744	697	883	1090	856
AT5G50450	217	213	161	107	130	95
AT5G23035	0	0	0	0	0	0
AT5G58470	992	859	850	911	1030	895
AT5G38780	1	0	0	5	2	1
AT5G25440	337	385	392	388	285	501
AT5G24670	934	853	951	862	984	854
AT5G27150	1359	1201	1280	1129	1443	1114
AT5G44590	0	2	0	0	3	6
AT5G29560	4	1	5	2	4	4
AT5G13470	248	157	201	211	226	178
AT5G18210	161	184	185	183	236	184
AT5G50070	0	0	0	0	0	0
AT5G45670	120	143	146	124	92	79
AT5G24300	1203	1374	1418	1334	1578	847
AT5G19620	590	558	508	632	709	514
AT5G57220	279	289	202	207	185	577
AT5G44830	0	0	0	0	0	0
AT5G55960	963	1239	1272	936	1094	894
AT5G61190	984	1112	1106	1083	1300	1046
AT5G54230	104	86	107	147	182	140
AT5G44265	0	0	0	0	0	0
AT5G01650	361	364	373	428	458	350
AT5G59830	414	443	398	484	550	484
AT5G42053	2	0	1	0	2	2
AT5G66900	425	452	469	480	376	636
AT5G62460	772	945	909	651	622	778
AT5G15310	0	2	0	4	7	1
AT5G58540	139	135	123	104	120	164
AT5G43740	10	15	15	20	12	12
AT5G20670	15	8	2	2	6	8
AT5G55140	456	353	346	489	628	481
AT5G48550	0	0	0	1	1	0
AT5G01840	135	134	124	179	395	110
AT5G49850	63	128	184	114	189	84
AT5G10470	577	704	676	709	811	724
AT5G61920	96	87	80	78	129	89
AT5G08320	191	163	145	150	171	135
AT5G56690	0	0	0	0	0	0
AT5G32619	0	0	0	0	0	0
AT5G45450	0	0	0	0	0	0
AT5G18610	1218	1516	1423	1122	1185	1070
AT5G38200	43	22	16	376	578	188
AT5G21910	6	2	7	5	6	3
AT5G08460	0	0	0	0	0	0
AT5G61720	0	0	0	0	0	0
AT5G50080	1	0	0	0	2	0
AT5G49300	210	291	307	263	350	209
AT5G01260	163	126	160	146	192	145
AT5G16540	55	57	64	74	118	45
AT5G17490	518	376	422	345	417	340
AT5G59050	225	311	527	192	242	206
AT5G20500	2039	1629	1545	1604	1879	1482
AT5G44260	101	57	42	105	118	85
AT5G53960	0	0	0	0	0	0
AT5G54165	21	16	14	5	4	10
AT5G46430	6382	4929	4492	5833	6772	5648
AT5G35460	1095	1107	1157	901	1085	906
AT5G01610	301	298	357	271	360	370
AT5G16360	6360	9356	9069	5682	4553	6158
AT5G64700	85	114	99	105	159	125
AT5G10970	11	7	3	36	103	7
AT5G49330	0	2	0	1	0	1
AT5G21030	1	3	2	2	1	1
AT5G53110	210	235	293	253	244	279
AT5G03900	308	331	296	385	513	388
AT5G41315	157	96	94	138	102	113
AT5G50990	46	41	43	39	54	39
AT5G44230	96	77	58	115	110	83
AT5G54855	444	449	447	418	450	324
AT5G14310	599	570	578	535	700	503
AT5G37040	0	0	0	0	0	0
AT5G13170	321	58	58	3	7	0
AT5G06180	210	169	167	212	202	172
AT5G35688	2	1	2	0	3	5
AT5G14900	0	0	0	0	0	0
AT5G64740	11061	15103	14277	9592	10517	9411
AT5G01030	804	1017	1094	787	865	543
AT5G38810	0	0	1	0	1	0
AT5G63880	560	473	522	449	497	414
AT5G06340	384	333	310	372	478	332
AT5G47540	661	542	501	468	487	468
AT5G18560	38	22	33	39	30	30
AT5G19220	40	53	42	50	58	76
AT5G53160	587	426	332	1068	1565	908
AT5G52300	3292	1355	1245	116	199	147
AT5G05650	0	0	0	0	1	0
AT5G19930	764	592	679	609	694	681
AT5G57500	81	94	80	62	74	99
AT5G61530	1424	1345	1327	1234	1526	1375
AT5G14400	3	9	4	3	6	6
AT5G15600	245	219	183	224	276	227
AT5G50240	9	9	14	2	2	1
AT5G19360	6	7	9	6	8	10
AT5G08330	1564	1864	1581	1238	1038	1234
AT5G45150	20	30	20	19	21	9
AT5G45115	21	20	16	18	25	15
AT5G18037	2	3	0	1	1	2
AT5G14150	292	192	222	247	263	296
AT5G40370	1878	2045	2166	1652	1745	1594
AT5G64340	1729	1958	2262	2029	2684	1642
AT5G48700	0	0	0	0	0	0
AT5G53220	322	235	335	249	264	247
AT5G25200	0	0	0	0	0	0
AT5G17030	0	0	0	0	0	0
AT5G14340	68	56	68	24	29	32
AT5G49040	0	0	0	0	0	0
AT5G08080	1538	1466	1430	1403	1516	1421
AT5G26620	3	7	2	24	18	13
AT5G44610	1645	1205	1157	1302	1107	1833
AT5G47500	682	715	391	1137	1237	726
AT5G39740	17125	11830	10865	14137	16599	13396
AT5G18500	2171	2904	2419	2169	2481	1762
AT5G62900	345	248	277	311	393	314
AT5G44900	27	27	35	42	40	31
AT5G61330	673	521	544	751	745	691
AT5G67160	93	126	102	130	182	93
AT5G23530	677	911	1064	578	662	472
AT5G05130	130	133	143	169	225	153
AT5G54250	8	6	8	2	0	2
AT5G59105	0	0	0	0	0	0
AT5G64850	2249	2329	2924	757	686	1382
AT5G28780	0	0	0	0	0	0
AT5G04210	4	1	2	2	9	2
AT5G65650	553	402	316	409	546	318
AT5G18840	521	671	595	363	427	279
AT5G03200	590	596	613	734	768	613
AT5G54340	0	0	0	0	0	0
AT5G59210	902	812	840	777	952	751
AT5G06210	211	173	153	204	275	241
AT5G22600	0	0	0	0	0	0
AT5G20270	363	400	341	162	195	205
AT5G05780	3170	2766	2655	2856	3392	2786
AT5G54070	0	0	0	0	0	0
AT5G48890	1	1	1	0	4	2
AT5G27090	0	1	0	1	1	0
AT5G36740	2	1	1	5	6	3
AT5G18980	500	953	913	622	871	770
AT5G15025	89	68	70	72	87	51
AT5G20490	2566	3341	3502	3296	3943	3378
AT5G04270	141	140	123	125	194	118
AT5G49280	3691	5120	4784	3387	2827	3179
AT5G17910	1664	1818	1678	1670	1996	1640
AT5G15745	0	1	0	0	4	4
AT5G36720	0	0	0	0	0	0
AT5G51845	0	0	0	0	0	0
AT5G16250	1702	1950	1578	1878	2291	1649
AT5G67411	2	2	0	0	1	0
AT5G26970	0	0	0	0	0	0
AT5G66380	313	228	202	250	310	220
AT5G60910	58	45	66	21	30	36
AT5G26960	83	69	75	114	146	81
AT5G05020	0	0	0	0	0	0
AT5G37560	0	0	0	0	0	0
AT5G22330	791	752	635	866	984	754
AT5G62050	791	723	698	750	898	713
AT5G54060	25	6	2	12	91	3
AT5G51730	160	170	179	179	211	170
AT5G01330	486	312	311	306	385	368
AT5G10745	543	451	437	378	441	401
AT5G62710	640	690	716	875	1167	718
AT5G38640	375	289	257	438	625	324
AT5G56790	472	562	523	696	1013	645
AT5G02740	737	607	544	653	734	546
AT5G52320	259	789	505	397	195	134
AT5G10680	20	35	22	13	9	16
AT5G02760	9	3	5	9	5	3
AT5G59420	2563	2644	2749	2309	2329	2488
AT5G64670	1055	702	619	828	910	700
AT5G38680	0	0	0	0	0	0
AT5G08690	9416	7515	7255	8523	9074	7890
AT5G19460	697	737	945	400	361	563
AT5G48470	127	104	83	180	158	93
AT5G53480	2679	2901	2660	2960	3540	2849
AT5G54067	0	0	0	0	0	0
AT5G42490	3	1	0	0	0	1
AT5G44750	1041	1295	1470	1613	1657	1356
AT5G51810	23	16	9	10	18	14
AT5G43440	32	53	63	45	68	34
AT5G48720	365	268	290	343	391	303
AT5G03960	156	95	126	166	195	158
AT5G04510	1017	865	872	1087	1178	919
AT5G63680	1294	1176	1145	1317	1513	1252
AT5G14260	541	525	496	632	715	610
AT5G19410	237	360	378	203	268	188
AT5G52530	1987	1835	1884	1865	2326	1922
AT5G64110	8	12	8	8	35	44
AT5G54620	2	3	2	7	4	1
AT5G38170	0	0	0	0	0	0
AT5G36550	0	0	0	0	0	0
AT5G66290	341	359	348	292	438	361
AT5G09460	1485	2120	2270	2005	2685	1418
AT5G31412	0	0	0	0	0	0
AT5G58740	1017	884	927	868	1009	801
AT5G54320	0	0	0	0	0	0
AT5G53180	597	538	490	573	661	519
AT5G36540	0	0	0	0	0	0
AT5G51560	295	295	236	422	561	369
AT5G17130	0	0	0	0	0	0
AT5G36001	0	2	1	0	2	0
AT5G26617	0	0	0	0	0	0
AT5G09990	11	11	29	3	1	10
AT5G50570	0	0	1	0	0	0
AT5G05800	450	465	459	518	672	506
AT5G63440	312	298	291	281	337	239
AT5G40460	280	251	337	257	298	232
AT5G27840	502	478	407	507	655	488
AT5G43695	0	0	3	0	0	0
AT5G56410	0	0	0	0	0	0
AT5G03590	0	0	0	0	0	0
AT5G02970	634	640	575	554	640	616
AT5G07230	0	1	1	0	0	0
AT5G53750	844	1093	1039	215	176	228
AT5G15030	0	0	0	0	0	0
AT5G42800	130	7	1	16	393	0
AT5G66190	149	115	52	87	190	117
AT5G48580	2627	1750	1758	1986	2294	1730
AT5G05930	361	302	268	322	342	310
AT5G48480	987	1072	879	964	1191	727
AT5G46840	1301	1004	1084	1557	1861	1637
AT5G64250	1122	967	1095	699	892	835
AT5G07150	85	110	105	188	201	232
AT5G42340	0	1	2	0	1	0
AT5G41440	0	0	0	0	0	1
AT5G14580	457	283	312	481	515	335
AT5G03380	1705	2637	2752	2208	2348	2628
AT5G04600	2375	1669	1636	2330	2499	2193
AT5G63200	621	552	557	624	700	577
AT5G66660	7	7	0	2	2	2
AT5G25980	415	615	238	290	156	41
AT5G47310	973	988	1025	1002	1243	936
AT5G40190	271	300	258	255	312	240
AT5G36210	1311	1367	1364	1399	1544	1335
AT5G51740	221	269	227	228	260	226
AT5G05570	719	845	837	846	1022	919
AT5G64750	1207	1469	1174	292	236	485
AT5G45750	2431	2485	2348	2216	2186	1825
AT5G18820	110	78	104	108	153	105
AT5G04040	1149	1214	1077	1215	1410	1286
AT5G41630	0	0	0	0	0	0
AT5G53900	831	543	510	861	868	1010
AT5G18890	3	1	2	2	0	0
AT5G27395	525	357	333	404	482	353
AT5G09230	217	211	212	194	251	177
AT5G61420	554	431	478	782	1139	939
AT5G48960	513	591	561	640	777	590
AT5G05380	233	244	238	171	182	179
AT5G38970	124	64	58	159	139	134
AT5G46040	38	27	11	75	93	105
AT5G17310	636	416	462	527	580	427
AT5G02350	212	197	206	112	138	117
AT5G04200	270	994	1000	530	721	911
AT5G24380	329	403	281	287	462	253
AT5G32460	1	1	0	2	0	2
AT5G66180	741	770	693	637	777	704
AT5G63370	4630	4898	4473	3109	3358	3353
AT5G23110	1573	1847	1782	1659	2164	1903
AT5G54095	1	1	0	4	9	0
AT5G59660	73	63	50	66	86	61
AT5G37550	223	149	233	83	97	114
AT5G44770	42	17	11	30	27	29
AT5G15100	0	0	0	1	0	0
AT5G65700	2843	4786	4301	5880	9400	4229
AT5G38550	300	238	288	317	310	325
AT5G51600	502	683	542	708	920	581
AT5G65870	65	65	50	44	59	56
AT5G19800	16	4	7	10	8	11
AT5G45275	251	327	350	248	289	187
AT5G67460	262	333	261	348	470	271
AT5G37170	0	0	0	0	0	0
AT5G27070	0	2	1	2	1	1
AT5G06500	0	6	0	0	0	0
AT5G39800	205	220	212	233	266	186
AT5G26270	26	10	17	9	40	7
AT5G11070	6624	9494	8862	5748	4307	6040
AT5G03320	1129	1222	1117	1014	1294	1154
AT5G09770	875	629	606	1013	981	822
AT5G52870	455	463	547	317	369	267
AT5G48180	2960	2255	2117	1737	2012	1691
AT5G41090	1	9	9	1	6	2
AT5G24990	88	56	70	39	69	63
AT5G47070	1748	1889	2424	1649	1508	1697
AT5G40290	0	0	0	0	0	0
AT5G03150	355	226	217	502	562	460
AT5G56140	1654	1666	1522	1497	1783	1338
AT5G60560	0	0	0	0	0	0
AT5G40080	283	203	176	207	243	181
AT5G58260	0	0	0	0	0	0
AT5G54500	3582	4167	4433	3360	3708	3981
AT5G15650	17205	14125	14070	12692	13312	12192
AT5G24140	112	83	58	36	47	51
AT5G27060	11	18	15	13	9	15
AT5G05210	1531	1231	1155	1400	1349	1376
AT5G03280	1976	2069	2064	2717	3384	2331
AT5G02030	31	63	60	53	84	20
AT5G57480	1620	1631	1550	528	616	513
AT5G05490	41	16	14	21	18	24
AT5G63870	705	786	779	752	922	665
AT5G45280	3418	3019	3094	2432	2573	3512
AT5G41560	385	357	370	323	439	350
AT5G55565	0	0	0	0	0	0
AT5G40710	69	74	74	74	97	66
AT5G50850	4146	3645	3420	3924	4539	3984
AT5G47077	0	0	0	0	1	0
AT5G11210	439	393	468	94	108	257
AT5G39120	129	369	300	496	321	270
AT5G57750	0	0	0	0	0	0
AT5G52650	5505	3862	3477	4708	5454	4437
AT5G10770	2439	3676	4119	1008	1171	1112
AT5G45350	5485	6542	7094	4532	3746	4431
AT5G46140	0	2	3	9	3	7
AT5G44250	231	216	171	194	285	222
AT5G20510	188	154	188	186	200	130
AT5G40981	0	0	0	0	0	0
AT5G17640	465	434	316	413	509	320
AT5G19030	107	99	81	108	171	94
AT5G03610	3142	3881	4780	2632	2679	3619
AT5G56260	555	478	504	457	462	452
AT5G49350	170	176	167	114	118	109
AT5G27670	881	758	655	833	1105	752
AT5G41360	463	474	440	464	488	469
AT5G67440	461	432	440	296	469	333
AT5G48980	1	1	1	4	13	3
AT5G46070	1557	1462	1379	1709	2128	1675
AT5G66120	2186	2270	2300	1769	1959	1730
AT5G24620	3264	3134	3289	3020	3203	2993
AT5G13300	1827	2543	2342	2096	2715	2159
AT5G09978	750	580	795	392	405	542
AT5G60770	59	167	439	10	11	18
AT5G14170	1330	1172	1146	1433	1668	1321
AT5G15670	0	0	0	0	0	0
AT5G18403	1	0	0	0	0	0
AT5G07850	0	0	0	0	0	0
AT5G21060	640	576	537	645	666	554
AT5G09250	1223	1093	1243	743	670	821
AT5G46900	983	641	562	683	764	813
AT5G59360	30	17	20	50	93	17
AT5G15630	279	359	307	254	324	196
AT5G18850	344	404	368	327	497	317
AT5G50090	85	81	66	125	165	85
AT5G04670	374	376	272	493	642	381
AT5G54440	1854	1935	1889	1950	2282	1795
AT5G56080	48	150	59	159	209	180
AT5G07640	40	34	40	54	28	38
AT5G04220	252	239	271	186	238	207
AT5G19150	413	368	379	407	465	451
AT5G64460	849	795	832	687	818	683
AT5G05320	340	308	413	321	322	394
AT5G11750	267	198	198	252	267	196
AT5G23630	2441	2478	2487	2295	2663	2203
AT5G52960	115	62	59	93	119	90
AT5G61580	465	545	510	499	604	513
AT5G21080	46	30	46	19	14	44
AT5G20060	904	717	638	809	914	737
AT5G03370	128	113	125	116	142	107
AT5G37980	58	119	163	40	45	33
AT5G05840	18	12	19	28	21	17
AT5G37415	0	0	1	0	0	0
AT5G23590	794	711	762	750	929	825
AT5G05500	235	204	194	172	183	260
AT5G58510	1154	1078	1167	1118	1191	1277
AT5G49970	860	880	891	829	1063	762
AT5G45330	223	179	146	256	332	235
AT5G20110	178	118	141	171	178	224
AT5G18960	564	561	580	601	699	543
AT5G53270	0	0	0	0	0	0
AT5G13230	34	31	25	29	40	29
AT5G60710	441	578	551	753	1125	597
AT5G45600	521	443	428	512	564	442
AT5G52120	225	272	229	154	195	125
AT5G24200	0	0	0	1	1	0
AT5G03360	13	28	21	15	14	10
AT5G48200	0	0	0	0	0	0
AT5G28340	0	0	0	0	0	0
AT5G19230	1643	1523	1566	1777	1468	2200
AT5G35530	7051	4852	4868	6083	6822	5691
AT5G14130	333	548	688	248	244	238
AT5G50780	402	411	383	422	559	435
AT5G41800	298	393	439	248	242	272
AT5G36900	0	0	0	0	0	0
AT5G25190	35	17	10	57	126	10
AT5G48640	160	149	148	136	165	139
AT5G55070	2429	2409	2299	2123	2315	1825
AT5G22765	0	0	0	0	0	0
AT5G24210	2	0	1	1	2	2
AT5G44310	46	31	41	55	34	93
AT5G27760	712	610	600	468	561	537
AT5G05980	1471	1390	1510	1540	1676	1608
AT5G60630	39	19	31	20	20	19
AT5G54510	392	251	356	611	1024	483
AT5G63270	673	662	1031	515	311	678
AT5G07740	2250	2782	2685	2190	2581	2348
AT5G19390	1738	2264	2048	1685	2038	1772
AT5G45100	605	558	509	566	919	407
AT5G26290	627	386	409	435	476	484
AT5G22050	641	766	651	682	765	557
AT5G61750	7	17	14	10	14	6
AT5G16500	2	3	1	1	1	3
AT5G58160	608	733	569	569	649	519
AT5G09580	45	31	39	43	74	37
AT5G35375	0	0	0	0	0	0
AT5G11390	657	604	578	646	752	643
AT5G62180	166	122	143	216	223	182
AT5G51250	0	0	0	0	0	0
AT5G44568	22	32	26	34	26	36
AT5G27238	0	0	0	0	0	0
AT5G67500	3299	2799	2767	2525	2753	2330
AT5G25410	0	0	0	0	0	0
AT5G57920	28	16	20	30	29	40
AT5G64160	433	340	335	381	481	390
AT5G46500	4	7	7	3	2	15
AT5G64060	61	46	38	65	49	20
AT5G61240	1962	1988	1917	1693	1752	1349
AT5G50510	0	0	0	0	0	0
AT5G09600	52	67	46	49	55	48
AT5G15802	57	43	41	52	57	34
AT5G57760	3	7	1	3	0	2
AT5G36110	64	67	118	46	97	55
AT5G62290	461	388	359	426	500	390
AT5G48205	0	0	0	1	0	0
AT5G07330	259	158	200	22	36	21
AT5G62280	197	105	90	308	256	222
AT5G48100	123	83	128	85	135	170
AT5G24930	230	138	127	55	190	34
AT5G43080	59	42	31	63	87	45
AT5G53840	1	0	0	0	0	0
AT5G09790	218	167	181	221	184	169
AT5G20960	4144	4097	4633	4735	5182	6240
AT5G09640	134	126	124	59	48	89
AT5G58840	29	30	23	19	6	26
AT5G16090	0	0	0	0	0	0
AT5G03415	229	275	270	375	458	301
AT5G39640	0	0	0	1	0	0
AT5G54660	249	279	336	215	327	271
AT5G06850	536	671	715	695	791	746
AT5G37300	0	2	1	0	0	0
AT5G38080	0	0	0	0	0	0
AT5G14940	211	325	207	245	456	220
AT5G10060	860	774	828	894	1122	837
AT5G63160	936	1084	881	1621	2899	1115
AT5G57160	542	580	599	730	798	704
AT5G20230	3272	5139	4382	3247	1917	3764
AT5G18300	23	19	30	35	30	25
AT5G01550	79	94	111	42	63	97
AT5G19900	1594	1537	1479	1345	1632	1405
AT5G65330	1	1	1	4	3	1
AT5G37160	0	0	0	0	0	0
AT5G55350	15	11	21	5	15	7
AT5G44570	2	3	0	6	4	1
AT5G33370	0	2	1	0	0	2
AT5G04280	999	878	823	906	1081	870
AT5G59670	36	43	36	52	55	35
AT5G63130	705	609	1145	419	507	715
AT5G03480	1	1	0	2	1	0
AT5G01970	750	669	661	612	768	652
AT5G03470	309	270	276	336	472	339
AT5G52940	0	2	1	0	4	0
AT5G19300	372	247	250	368	419	307
AT5G48560	945	1088	915	1371	1997	1178
AT5G39410	1263	1321	1325	974	1155	977
AT5G05460	942	767	762	1015	1210	1295
AT5G64030	2362	2428	2366	2384	2915	1970
AT5G04370	925	1166	1268	774	649	589
AT5G67600	1057	865	933	864	876	757
AT5G05987	245	186	187	172	227	196
AT5G02690	35	22	15	28	28	15
AT5G55131	0	0	0	0	0	0
AT5G01200	88	66	69	81	123	81
AT5G51920	170	221	201	236	244	172
AT5G47430	1561	1547	1526	1521	1641	1576
AT5G56750	1072	1277	1084	1005	1352	946
AT5G62740	810	832	835	792	1036	779
AT5G08415	427	458	399	428	499	383
AT5G54830	601	499	503	467	567	416
AT5G56795	10	9	13	17	16	13
AT5G12870	114	154	148	112	135	112
AT5G43720	508	412	400	505	584	452
AT5G46400	348	369	364	426	500	329
AT5G43540	13	6	3	45	77	52
AT5G56440	0	0	0	0	0	0
AT5G05710	123	125	124	108	147	101
AT5G09400	998	909	986	957	1056	938
AT5G25450	18	18	8	9	9	9
AT5G40890	2581	2296	1539	2501	3288	2266
AT5G37473	0	0	0	0	0	0
AT5G26594	0	0	0	0	0	0
AT5G51290	543	529	514	576	627	571
AT5G11300	185	127	161	125	157	137
AT5G10410	96	74	61	75	112	74
AT5G60490	400	438	442	449	594	317
AT5G03944	0	0	0	0	0	0
AT5G27510	0	0	0	0	0	0
AT5G59840	802	768	697	696	765	670
AT5G13910	226	185	231	60	63	57
AT5G12070	0	0	0	0	0	0
AT5G36350	0	0	0	0	0	0
AT5G01225	2	5	4	5	8	3
AT5G66658	4	5	9	6	6	5
AT5G54040	98	124	130	55	70	81
AT5G67350	186	162	195	180	256	193
AT5G28400	38	53	46	56	63	51
AT5G44495	0	0	0	0	0	0
AT5G44780	185	142	137	204	257	164
AT5G25080	493	371	383	411	421	403
AT5G43190	530	638	603	239	387	298
AT5G20890	6250	5406	4885	5910	6931	5734
AT5G24510	24	31	23	23	29	15
AT5G19340	602	431	295	668	838	890
AT5G63100	43	21	16	26	37	31
AT5G05280	14	12	24	8	7	10
AT5G14040	8230	7252	6643	7489	8542	6658
AT5G46560	211	195	191	245	327	224
AT5G43090	1	2	1	1	0	2
AT5G17230	235	304	302	180	280	124
AT5G10900	200	203	180	216	257	205
AT5G40440	183	186	211	202	266	199
AT5G34830	0	3	1	2	3	2
AT5G63970	1236	1288	1322	720	764	805
AT5G20320	696	940	947	964	1083	1002
AT5G18937	0	0	0	0	0	0
AT5G41310	0	1	1	3	1	3
AT5G25490	189	159	164	202	280	251
AT5G06170	0	0	0	0	0	0
AT5G66140	901	753	652	882	941	749
AT5G59530	243	283	293	224	249	319
AT5G10520	85	94	89	263	451	244
AT5G63800	1276	987	1001	1099	1167	1067
AT5G52045	0	0	0	0	0	0
AT5G07830	525	672	501	796	906	585
AT5G12340	760	892	818	520	433	836
AT5G59850	5582	3544	3244	4256	4565	3640
AT5G04720	2200	2758	2787	2490	2869	2799
AT5G50700	0	0	0	0	0	0
AT5G05760	328	309	351	294	321	335
AT5G27740	621	566	588	704	826	679
AT5G59410	232	204	186	226	225	177
AT5G47075	0	0	0	0	0	1
AT5G38310	22	50	67	16	18	25
AT5G07350	6549	6455	6150	6347	7159	6572
AT5G02520	74	105	69	133	173	98
AT5G02640	206	153	221	170	201	151
AT5G01070	38	31	35	29	45	31
AT5G61810	911	1137	964	495	453	466
AT5G08300	2941	2658	2405	2716	3025	2491
AT5G24800	1234	1156	1426	1412	1791	1496
AT5G41620	231	263	187	381	522	253
AT5G28020	962	618	703	744	888	870
AT5G54730	889	798	809	908	974	993
AT5G43480	0	0	0	0	0	0
AT5G60360	6764	5750	6834	3733	4154	4169
AT5G66640	955	1211	1555	996	754	1621
AT5G39210	1	0	0	1	0	0
AT5G04860	494	491	509	741	908	681
AT5G01910	224	212	152	257	297	159
AT5G22190	5	4	1	2	0	2
AT5G24020	362	257	280	314	427	329
AT5G60980	3526	2850	2952	3329	3893	3315
AT5G08180	1616	1135	977	1388	1695	1269
AT5G59700	259	383	448	391	565	369
AT5G05740	59	59	44	67	111	62
AT5G58880	0	0	0	0	0	0
AT5G11230	1016	994	970	757	804	695
AT5G63530	511	527	443	538	661	264
AT5G64960	1518	1560	1508	1689	1776	1484
AT5G08315	0	0	0	0	0	0
AT5G04970	162	176	161	339	394	376
AT5G50320	870	734	708	867	968	902
AT5G13840	1338	1201	1115	1455	1508	1258
AT5G59440	577	512	547	638	760	649
AT5G49550	139	115	110	99	147	89
AT5G14700	1223	2698	3018	1438	1112	1935
AT5G19680	700	638	680	698	804	619
AT5G28500	6	8	11	9	21	4
AT5G36880	5073	4966	4888	4788	4967	5345
AT5G53980	9	2	1	26	27	12
AT5G06280	183	156	199	207	232	187
AT5G01690	1	0	0	0	0	0
AT5G65300	2383	2581	3075	1655	1540	2058
AT5G04540	987	885	883	937	1117	1010
AT5G10020	919	1010	917	990	1320	927
AT5G66310	833	733	759	652	781	815
AT5G07520	0	0	0	0	0	0
AT5G40430	0	0	0	0	0	0
AT5G54840	470	422	544	438	482	455
AT5G63990	640	782	790	631	796	630
AT5G49190	32	30	31	32	41	26
AT5G48657	437	487	464	400	389	623
AT5G19760	5240	4218	4247	4650	5061	4431
AT5G47990	4961	4136	5832	1363	1467	1818
AT5G41260	1243	1126	1199	1264	1445	1438
AT5G17780	12	10	31	6	5	11
AT5G53730	20	27	39	29	73	17
AT5G15070	741	691	711	646	619	520
AT5G50640	0	0	0	0	0	0
AT5G40170	375	542	567	470	420	641
AT5G04090	762	772	769	692	822	738
AT5G09610	0	0	1	0	0	1
AT5G56590	153	156	112	178	258	155
AT5G09890	2504	2459	2172	2105	2244	2188
AT5G07420	0	0	0	0	0	0
AT5G13240	338	349	372	295	339	315
AT5G42785	97	50	69	60	68	94
AT5G27330	1138	784	671	1117	1212	885
AT5G08050	4	5	0	2	9	0
AT5G22740	3406	5816	6196	4842	6349	3683
AT5G09730	14	6	3	10	8	12
AT5G13950	585	451	511	647	738	618
AT5G50170	214	198	178	172	216	163
AT5G04390	13	11	16	14	8	19
AT5G04230	15	17	6	43	45	37
AT5G39700	0	0	0	0	0	0
AT5G25820	279	262	300	232	270	280
AT5G44030	1486	2615	2180	1713	2278	1373
AT5G61680	0	0	0	0	0	0
AT5G46980	0	0	0	0	0	0
AT5G02330	16	4	6	15	5	10
AT5G14540	1384	1323	1192	1339	1678	1354
AT5G23400	635	924	685	859	1141	576
AT5G47800	105	137	136	176	256	165
AT5G43030	116	121	106	107	113	132
AT5G17305	0	0	0	0	0	0
AT5G24160	0	0	0	0	0	0
AT5G06110	2199	1928	1843	2300	2547	2278
AT5G66520	0	0	0	1	0	0
AT5G07610	8	9	11	7	11	16
AT5G15400	1496	1506	1515	1463	1799	1412
AT5G03790	2	1	2	3	3	2
AT5G43470	23	20	11	19	46	11
AT5G64100	4413	2633	2314	5497	5293	7845
AT5G25475	299	376	358	487	519	359
AT5G53470	416	351	351	365	431	333
AT5G15980	546	425	386	544	598	411
AT5G46060	56	52	51	57	54	60
AT5G41109	0	0	0	0	0	0
AT5G07290	1199	1264	1177	927	1061	902
AT5G13270	74	98	78	75	84	70
AT5G12230	1289	1336	1191	981	935	1256
AT5G37770	6886	8637	9397	6061	5891	5903
AT5G52570	12	10	17	4	16	10
AT5G22450	3056	3897	4084	2488	2382	3221
AT5G14330	625	395	402	730	742	851
AT5G22260	0	0	0	0	1	0
AT5G19000	990	975	887	902	1042	900
AT5G51670	121	90	85	173	294	137
AT5G07190	6	1	7	1	0	0
AT5G07800	149	241	230	234	310	154
AT5G53030	19	34	21	25	30	23
AT5G37720	878	783	725	809	811	826
AT5G17020	2915	3401	3272	2968	3275	3141
AT5G63250	0	0	0	0	0	0
AT5G37750	23	29	30	16	18	15
AT5G50580	0	1	0	0	0	0
AT5G50740	423	250	211	403	366	331
AT5G15581	9	7	2	2	7	4
AT5G51195	0	0	0	0	0	0
AT5G38260	0	0	0	0	2	2
AT5G52500	0	2	0	0	0	0
AT5G65520	177	116	125	129	165	138
AT5G58460	0	0	0	0	0	0
AT5G52115	0	0	0	0	0	0
AT5G06420	56	48	37	57	72	46
AT5G45530	35	53	48	74	99	47
AT5G50770	3	1	0	0	1	0
AT5G42700	95	72	63	93	89	65
AT5G63170	0	0	0	0	0	0
AT5G67000	1	3	2	1	0	0
AT5G47100	502	486	426	430	456	402
AT5G08270	102	114	95	127	146	88
AT5G13280	1198	991	998	1166	1252	1057
AT5G48910	81	81	79	93	118	84
AT5G52510	3774	4738	4644	2790	2487	2771
AT5G06680	302	313	329	384	525	372
AT5G12220	287	225	201	285	316	263
AT5G11080	7	13	8	3	12	7
AT5G50350	416	314	340	289	337	334
AT5G57570	9	10	4	9	13	6
AT5G66890	0	2	0	0	0	1
AT5G02620	387	422	433	400	516	352
AT5G27870	0	0	0	0	0	0
AT5G67220	1419	1217	1256	1547	1679	1355
AT5G05410	2334	2432	2240	3030	3872	5010
AT5G66710	35	19	29	20	28	41
AT5G26070	0	0	2	1	0	2
AT5G19070	508	524	617	404	332	353
AT5G42410	10	6	8	3	2	2
AT5G42320	926	906	980	774	895	763
AT5G44585	272	147	176	526	593	920
AT5G63230	0	0	0	0	0	0
AT5G20550	572	517	574	454	530	486
AT5G01410	1608	1326	1254	1321	1639	1181
AT5G67190	132	118	81	95	143	64
AT5G38270	0	1	0	0	0	0
AT5G65350	175	100	93	162	171	206
AT5G23960	0	0	0	0	0	0
AT5G66510	2690	2086	2025	2417	2632	2042
AT5G41210	1089	1047	931	829	1115	789
AT5G47400	234	200	183	231	258	212
AT5G35900	0	0	0	0	1	0
AT5G62370	58	48	49	79	73	70
AT5G55690	0	0	0	1	0	0
AT5G03700	1290	1348	1275	448	716	434
AT5G45540	28	45	45	66	79	40
AT5G62300	7444	4761	4444	6065	6500	5382
AT5G40360	0	0	0	0	0	0
AT5G15860	308	306	351	228	318	200
AT5G11550	105	73	62	122	182	70
AT5G47230	1088	1384	1282	1288	1737	1379
AT5G46130	2	3	2	10	16	8
AT5G04480	2326	2722	2173	2031	1782	1560
AT5G03570	88	83	98	232	262	268
AT5G55020	17	6	5	7	1	14
AT5G64240	1120	1264	1064	1292	1621	1326
AT5G65770	0	0	0	0	0	0
AT5G38240	4	8	8	3	10	4
AT5G51490	127	90	96	137	141	131
AT5G25150	588	555	513	595	769	579
AT5G49160	1227	1367	1302	1686	2025	1484
AT5G47870	376	337	367	290	369	214
AT5G06450	375	256	238	342	341	397
AT5G40000	914	1297	1432	913	917	1388
AT5G28910	59	70	55	51	71	58
AT5G46395	0	0	0	1	0	0
AT5G59180	266	254	280	264	307	211
AT5G19650	11	20	12	28	56	23
AT5G66630	623	1034	960	764	579	786
AT5G19280	839	618	660	664	737	619
AT5G07990	46	7	8	13	106	6
AT5G60720	216	420	344	243	350	250
AT5G14640	1329	1278	1364	1083	1124	1115
AT5G06645	0	0	0	0	0	0
AT5G10050	463	380	348	417	427	354
AT5G13860	177	127	129	117	135	114
AT5G49000	99	104	95	93	101	80
AT5G17750	0	0	0	0	0	0
AT5G61660	276	439	299	207	345	209
AT5G67310	9	15	15	6	4	14
AT5G23930	55	37	25	48	55	47
AT5G62520	9489	13445	13711	5736	3768	7029
AT5G59040	0	0	0	0	0	0
AT5G01810	3380	3086	2566	1361	1598	1457
AT5G25754	466	364	363	391	415	374
AT5G55900	173	170	156	130	138	132
AT5G38490	3	2	1	1	0	0
AT5G45130	2172	1996	2108	1603	1787	1760
AT5G56650	901	958	1002	965	1156	836
AT5G26622	161	162	144	168	275	198
AT5G56870	3266	1956	1338	3377	3650	3505
AT5G11690	366	309	259	291	371	278
AT5G39720	362	466	462	296	363	421
AT5G07020	292	314	309	272	311	277
AT5G44170	181	161	152	158	172	146
AT5G14730	1722	2073	2840	927	829	1998
AT5G58230	1065	935	901	928	1210	899
AT5G25280	1019	968	964	355	625	425
AT5G60070	2	0	0	0	4	0
AT5G60310	356	301	326	225	197	324
AT5G59610	86	58	61	65	90	52
AT5G07000	42	83	68	41	66	30
AT5G19240	3433	3229	4572	2778	2313	3659
AT5G58620	1144	1474	1674	1309	1544	1380
AT5G23370	47	45	30	44	61	28
AT5G54148	0	1	0	0	0	0
AT5G59310	403	443	473	0	0	2
AT5G56270	435	497	558	416	528	440
AT5G45490	1598	1697	1692	2269	2790	2653
AT5G15480	1	0	0	0	0	0
AT5G42040	145	136	118	137	95	122
AT5G46750	1139	1191	1065	965	1253	1050
AT5G23010	209	198	207	1286	1620	1238
AT5G41970	1117	925	865	1000	1234	1026
AT5G07270	801	707	784	658	774	715
AT5G20120	221	237	212	236	278	204
AT5G15620	1	3	0	1	2	0
AT5G33340	0	0	0	0	1	0
AT5G15260	408	282	302	226	274	288
AT5G38650	0	0	0	0	0	0
AT5G40790	12	8	23	1	0	3
AT5G06740	348	433	567	497	458	936
AT5G59170	8	6	2	7	2	6
AT5G22000	1718	1598	1768	1577	1701	1647
AT5G19950	246	226	230	304	357	271
AT5G59870	2425	1910	1889	2249	2551	1906
AT5G38020	1974	2972	3473	2197	2215	1142
AT5G60440	25	13	10	14	31	16
AT5G49440	10	13	16	25	23	13
AT5G59430	570	522	468	666	813	641
AT5G13380	0	0	0	0	0	0
AT5G10340	4	5	3	1	1	0
AT5G41550	915	1137	1326	651	566	1068
AT5G40100	489	529	393	352	450	409
AT5G24879	0	0	0	0	0	0
AT5G38820	12	7	6	9	7	12
AT5G41000	142	142	120	146	169	158
AT5G48210	0	0	0	0	0	0
AT5G51570	1090	916	930	749	893	838
AT5G58600	437	423	374	412	476	324
AT5G48485	347	608	284	426	577	16
AT5G38710	612	1002	972	560	440	599
AT5G12940	1673	1020	1152	1278	1283	1411
AT5G05657	0	0	0	0	3	0
AT5G04340	2565	4546	4952	3511	3678	5018
AT5G53850	1547	1470	1642	1459	1650	1506
AT5G42920	903	867	744	947	1062	881
AT5G13980	4103	3953	3895	4509	5356	4394
AT5G11250	155	193	169	171	182	204
AT5G55390	1290	1386	1428	1473	1773	1527
AT5G01400	976	1015	994	1022	1147	916
AT5G43770	0	1	0	0	0	0
AT5G10450	8743	6776	6316	8407	10091	9210
AT5G52400	484	413	701	250	231	423
AT5G16830	3270	3684	4336	2838	2467	3541
AT5G56610	175	166	163	179	234	197
AT5G05360	638	511	543	544	607	573
AT5G43520	983	983	701	1122	1174	1969
AT5G14680	612	577	642	587	703	603
AT5G39260	0	0	0	0	1	0
AT5G21160	2082	1981	1748	2573	3150	2393
AT5G60570	1446	1248	1273	1412	1565	1253
AT5G25500	73	50	44	46	56	48
AT5G62420	94	65	74	79	87	80
AT5G15510	630	720	592	804	970	617
AT5G24520	443	488	407	516	623	439
AT5G44380	3269	2842	2361	3045	3293	4429
AT5G20820	7	2	2	3	14	6
AT5G67510	1830	1550	1573	1617	1961	1727
AT5G15020	1309	1718	1665	1595	2008	1693
AT5G56325	0	0	0	0	0	0
AT5G20190	6281	8903	9077	3079	2231	2510
AT5G11260	458	376	272	226	265	279
AT5G67110	146	233	257	128	118	116
AT5G11950	462	455	694	402	370	427
AT5G02950	41	29	30	36	43	13
AT5G63480	72	52	43	54	74	63
AT5G51620	327	299	299	255	276	253
AT5G62820	85	117	141	135	201	120
AT5G53190	17	3	9	13	8	11
AT5G46010	1	0	0	0	0	0
AT5G40470	69	88	106	87	137	75
AT5G46380	8	2	2	4	3	4
AT5G06230	307	324	381	199	172	279
AT5G47490	940	883	958	1058	1119	928
AT5G50390	247	201	221	240	285	225
AT5G13580	1045	1419	1708	511	630	833
AT5G26805	0	0	0	0	0	0
AT5G03300	5214	4576	4284	4343	5185	3778
AT5G23040	1102	889	835	1142	1312	1103
AT5G16023	2	0	1	0	0	1
AT5G13890	330	291	266	300	368	272
AT5G16200	226	291	313	178	216	94
AT5G62530	2768	2564	1991	1877	2215	1222
AT5G47570	2081	1499	1529	1684	1834	1441
AT5G42640	0	0	0	0	0	0
AT5G53930	450	415	363	439	526	326
AT5G27010	0	1	2	0	2	5
AT5G43300	8	10	1	9	4	3
AT5G43970	1008	605	584	749	871	731
AT5G44840	0	0	0	0	0	0
AT5G58550	851	847	861	754	888	865
AT5G17710	804	785	744	817	960	785
AT5G03553	1	1	0	2	0	0
AT5G49430	440	540	559	686	723	627
AT5G39850	302	284	261	303	362	237
AT5G17410	538	627	591	585	696	579
AT5G45870	0	3	2	3	0	0
AT5G25000	0	0	0	0	0	0
AT5G27620	300	234	211	270	312	277
AT5G13110	1137	1045	1149	1281	1783	1244
AT5G65780	993	894	907	905	1128	888
AT5G57180	14	21	15	34	52	24
AT5G55770	2	4	3	4	2	5
AT5G46115	31	39	45	40	74	28
AT5G55910	1250	1080	1059	988	1213	1051
AT5G42670	188	168	182	196	260	186
AT5G62865	1324	1529	1519	818	750	1177
AT5G53210	0	0	0	0	2	0
AT5G65550	5	1	0	0	0	0
AT5G51070	1942	2294	2370	1846	2086	2107
AT5G36100	0	0	0	0	0	0
AT5G06560	679	711	773	870	1050	1016
AT5G58580	9	8	12	5	12	6
AT5G14120	1707	1389	605	2387	3128	2313
AT5G62230	1	2	2	2	6	4
AT5G58150	113	147	167	216	372	180
AT5G14010	0	0	0	1	1	0
AT5G66470	117	160	99	156	231	148
AT5G21170	638	490	413	776	893	860
AT5G49990	817	1053	1209	445	586	509
AT5G44490	21	12	13	21	10	10
AT5G26190	21	28	15	20	28	17
AT5G37420	9	3	11	4	4	5
AT5G62065	0	0	0	0	0	0
AT5G45000	36	31	37	43	56	60
AT5G01340	547	385	384	541	614	471
AT5G44063	110	102	116	164	128	203
AT5G49200	0	2	3	7	2	2
AT5G03250	43	36	43	42	74	53
AT5G65683	620	491	506	551	811	488
AT5G66010	359	327	340	312	447	366
AT5G39050	46	36	42	13	24	6
AT5G09340	0	0	0	0	0	0
AT5G61020	3530	2942	2661	3300	3811	3098
AT5G03130	0	0	1	0	0	0
AT5G37590	274	286	283	233	308	234
AT5G51150	491	439	402	466	593	466
AT5G27110	55	36	48	49	61	50
AT5G04710	542	420	467	560	718	485
AT5G57080	74	66	76	79	95	69
AT5G28750	251	161	180	216	284	194
AT5G64450	47	33	54	20	18	30
AT5G18180	36	31	35	19	27	25
AT5G63550	770	734	729	876	1105	782
AT5G16590	1499	1471	1190	1323	1628	1354
AT5G63070	6	2	1	1	2	2
AT5G02890	73	55	109	85	73	60
AT5G56030	8629	7216	6490	8342	9309	7675
AT5G61950	95	55	71	87	84	79
AT5G27606	0	0	0	0	0	0
AT5G66790	65	78	74	69	75	117
AT5G07820	249	215	202	351	485	324
AT5G61450	618	561	601	558	777	625
AT5G57565	129	118	102	76	90	77
AT5G30500	0	0	0	0	0	0
AT5G16190	151	211	188	247	247	234
AT5G59750	81	67	57	61	68	40
AT5G54170	1427	2057	1769	1064	717	916
AT5G59240	280	201	192	187	201	163
AT5G55090	198	238	255	133	173	172
AT5G28823	0	0	0	0	0	0
AT5G50540	0	0	0	0	0	0
AT5G22340	163	121	116	200	264	183
AT5G49645	332	305	257	423	605	346
AT5G48160	1923	1843	1728	2090	2503	2290
AT5G05880	333	248	258	312	314	337
AT5G47520	534	423	419	479	599	499
AT5G46760	1178	1318	1247	1146	1683	1300
AT5G40200	1063	974	953	1154	1265	1000
AT5G28850	524	444	425	426	540	439
AT5G13190	6156	6178	7603	4662	2887	5391
AT5G08110	329	312	350	362	415	383
AT5G50300	160	105	107	219	273	269
AT5G16690	181	208	195	225	260	211
AT5G27960	0	0	0	0	0	0
AT5G08520	476	499	428	487	575	513
AT5G61250	250	287	290	433	539	517
AT5G49525	48	59	58	36	59	31
AT5G25420	0	0	0	0	0	0
AT5G14210	693	866	897	991	1239	862
AT5G22040	428	350	301	397	458	351
AT5G04830	1275	1013	1215	726	828	923
AT5G18748	0	0	0	0	0	0
AT5G44550	2093	2873	3328	1578	1875	1643
AT5G14050	932	721	672	995	1182	867
AT5G46810	0	0	0	0	0	0
AT5G38380	353	305	354	338	406	314
AT5G28830	278	296	305	192	302	242
AT5G25470	9	12	12	9	11	11
AT5G27530	0	0	0	0	0	0
AT5G61865	98	91	85	74	90	66
AT5G23020	979	1102	1023	3917	4995	4111
AT5G28950	0	0	0	0	0	0
AT5G38010	564	529	680	349	337	299
AT5G61100	1	0	0	0	0	0
AT5G25140	38	39	43	66	78	58
AT5G44360	0	0	0	0	0	0
AT5G43285	0	0	0	0	0	0
AT5G26670	1016	1418	960	1169	1413	543
AT5G38250	0	0	0	0	0	1
AT5G63490	1006	1131	1125	806	804	889
AT5G43530	63	41	56	106	94	75
AT5G44600	46	42	43	42	68	55
AT5G43590	1	0	0	3	2	2
AT5G06780	700	623	581	609	675	611
AT5G12040	727	666	786	534	652	499
AT5G38610	106	199	153	157	233	182
AT5G47000	0	0	0	1	1	0
AT5G19110	12403	16814	15209	9037	6281	9153
AT5G15690	0	0	0	0	0	0
AT5G40650	1368	1028	950	1062	1126	1032
AT5G42825	241	163	146	152	149	120
AT5G55800	0	0	0	0	0	0
AT5G15500	2	1	2	1	0	0
AT5G23670	1496	1281	1305	1554	1911	1447
AT5G39240	71	42	35	49	44	21
AT5G52090	0	0	0	0	0	0
AT5G50250	1188	1289	1353	960	700	951
AT5G62130	134	106	110	139	183	118
AT5G51450	239	317	281	283	379	296
AT5G38990	8	6	7	12	8	14
AT5G40620	2	2	1	0	0	0
AT5G27800	0	0	0	0	0	0
AT5G13740	1111	1344	1608	640	844	949
AT5G18400	1627	1528	1522	1155	1027	1244
AT5G11150	578	674	663	528	627	507
AT5G56640	0	0	0	0	0	0
AT5G44300	0	0	0	0	0	0
AT5G10910	259	177	176	195	271	214
AT5G57090	1172	780	669	1499	1681	1580
AT5G28615	0	0	0	0	0	0
AT5G02230	8266	8095	8881	2780	2317	5342
AT5G42500	606	427	603	246	295	302
AT5G12350	1145	1274	1177	1249	1479	1244
AT5G49120	41	63	63	30	40	28
AT5G51585	70	67	73	109	145	136
AT5G01440	0	0	0	0	0	0
AT5G43240	3	4	0	2	2	4
AT5G50650	0	0	0	0	0	0
AT5G41530	0	1	0	1	0	1
AT5G06580	348	344	365	331	431	331
AT5G41750	3871	4094	4645	3572	3026	7151
AT5G01900	370	724	685	307	238	408
AT5G12390	191	167	166	159	189	189
AT5G14300	0	0	0	0	1	0
AT5G23150	916	971	933	1059	1239	999
AT5G04430	3950	3265	3238	3638	4158	3757
AT5G20995	0	0	0	0	0	0
AT5G51010	154	174	193	148	200	182
AT5G15880	568	517	457	586	658	531
AT5G38386	2	2	0	2	0	1
AT5G03800	55	33	42	50	91	51
AT5G62660	0	0	0	0	0	0
AT5G40780	1299	1651	1910	943	1281	1877
AT5G39370	0	0	0	0	0	0
AT5G26630	17	39	40	36	43	7
AT5G04460	764	749	815	857	1259	866
AT5G35950	3	1	3	0	1	1
AT5G15910	169	212	218	203	261	166
AT5G35770	23	15	29	25	14	28
AT5G56450	63	65	53	58	67	72
AT5G55250	61	39	61	61	79	55
AT5G09520	816	778	978	401	510	553
AT5G35926	6	22	12	21	15	14
AT5G27610	184	152	145	220	218	175
AT5G10250	0	0	1	0	0	0
AT5G28310	0	0	0	0	0	0
AT5G53290	629	373	394	261	367	215
AT5G41810	3064	3398	4998	1587	1357	2521
AT5G48390	56	35	39	41	23	55
AT5G43170	2513	2630	2862	447	441	510
AT5G25960	0	0	0	0	0	0
AT5G26170	3	3	4	10	10	15
AT5G58070	911	1359	736	700	906	451
AT5G62623	0	0	0	0	0	0
AT5G52110	81	67	77	74	106	78
AT5G44680	110	105	55	110	189	92
AT5G39750	0	0	0	2	0	0
AT5G06250	50	72	78	28	25	42
AT5G64890	170	156	206	95	72	149
AT5G51190	3789	4669	4635	3640	4557	3626
AT5G53250	1230	833	805	1007	1227	1057
AT5G36360	0	0	0	0	0	0
AT5G03490	57	75	58	55	80	62
AT5G57560	40053	52380	48575	26707	19688	31523
AT5G02400	98	146	149	260	402	260
AT5G34882	0	0	0	0	0	0
AT5G59080	127	106	52	358	479	283
AT5G36450	0	0	0	0	0	0
AT5G40060	7	5	7	11	15	13
AT5G52520	480	456	396	517	570	494
AT5G42360	245	247	249	263	297	215
AT5G01560	283	399	584	192	230	358
AT5G41280	3	5	9	20	29	25
AT5G06220	563	536	553	571	662	523
AT5G55010	0	0	0	0	0	0
AT5G22130	209	181	151	195	213	171
AT5G37380	373	319	312	339	379	340
AT5G08160	1860	1757	1688	1654	1720	1537
AT5G12010	1446	1741	2098	708	733	1028
AT5G44280	234	204	211	219	266	222
AT5G43760	3227	3962	3992	2635	2923	3159
AT5G44650	213	185	182	173	213	173
AT5G56250	572	658	642	549	674	530
AT5G11412	0	0	0	0	0	0
AT5G04660	17	5	12	5	5	1
AT5G54160	7212	8244	9725	4856	5813	4929
AT5G38195	0	0	0	0	0	0
AT5G58490	1131	991	901	965	1129	796
AT5G43410	1	9	8	7	6	8
AT5G63010	224	158	139	191	223	167
AT5G05040	0	1	1	0	0	2
AT5G52160	0	0	0	0	0	0
AT5G36960	38	23	42	40	59	45
AT5G43120	109	132	78	77	112	115
AT5G57040	200	149	158	130	169	120
AT5G02880	1667	1840	1759	1723	2203	1931
AT5G28680	2	0	0	0	0	0
AT5G35940	1055	638	684	699	618	853
AT5G18920	107	56	70	72	70	72
AT5G63520	151	137	132	131	209	164
AT5G66880	1303	1330	1259	1183	1392	1494
AT5G48450	704	803	626	521	414	441
AT5G14930	536	692	634	753	753	772
AT5G55508	0	0	0	0	0	0
AT5G27050	0	0	1	0	0	0
AT5G06630	95	127	85	148	123	181
AT5G63040	158	129	131	145	188	136
AT5G23840	451	269	332	187	185	239
AT5G06660	743	575	567	589	708	582
AT5G13430	2586	1789	1731	2151	2276	1871
AT5G19590	1443	1450	1494	1394	1877	1351
AT5G19890	852	1576	1813	1524	2424	2637
AT5G42610	3	10	17	30	80	42
AT5G56160	527	786	760	324	237	316
AT5G56000	1280	1117	1016	1229	1432	1060
AT5G46290	3127	2967	2758	2882	3187	2566
AT5G45390	1109	927	866	982	1192	877
AT5G37830	1987	2161	2037	2123	2479	2098
AT5G61980	274	231	251	230	246	242
AT5G27720	1044	830	860	928	1044	893
AT5G27945	0	0	0	0	0	0
AT5G57840	308	288	275	233	327	298
AT5G65660	1244	1060	547	1874	3837	1134
AT5G02530	1111	1077	1019	1142	1423	1106
AT5G61830	191	163	156	170	173	151
AT5G18930	39	45	24	64	114	43
AT5G28320	45	46	47	39	66	48
AT5G28410	0	0	1	0	0	0
AT5G67580	294	275	276	239	335	229
AT5G66055	581	610	663	640	786	581
AT5G44620	0	0	0	0	0	0
AT5G18790	430	282	273	375	388	299
AT5G41100	1419	1426	1556	1237	996	1693
AT5G48620	181	199	192	285	417	311
AT5G59940	81	87	72	137	194	121
AT5G65280	4113	5531	6110	1889	1684	2289
AT5G08680	5529	4752	4302	4592	5223	4423
AT5G53230	3	1	0	5	2	2
AT5G40010	190	260	333	170	155	330
AT5G35560	702	784	857	741	970	922
AT5G39130	24	37	33	32	29	22
AT5G47040	2273	2130	1986	1959	2158	2108
AT5G16700	0	0	0	0	0	0
AT5G38747	47	59	72	59	92	45
AT5G26810	0	0	1	0	0	0
AT5G19990	2297	1861	1807	1995	2180	1895
AT5G46350	47	25	48	24	27	34
AT5G26140	12	5	2	3	6	10
AT5G39270	0	0	0	0	0	0
AT5G03340	1164	1236	1185	1142	1339	1146
AT5G15250	8	4	7	3	7	10
AT5G25520	932	1071	965	1006	1297	1018
AT5G49500	203	195	181	226	243	201
AT5G60690	1033	1374	1491	1439	1885	1424
AT5G47810	266	265	209	193	279	161
AT5G41200	2	1	0	0	0	1
AT5G61230	1351	1246	1177	1110	1310	1141
AT5G51770	265	215	205	228	287	165
AT5G01770	393	462	366	438	502	302
AT5G37440	18	17	23	15	23	19
AT5G18320	4	4	2	7	13	4
AT5G10100	1659	2540	2420	1369	716	1307
AT5G42310	103	180	156	148	171	112
AT5G44110	231	143	151	99	98	152
AT5G13020	1433	1501	1455	1397	1626	1414
AT5G22110	219	187	198	214	238	195
AT5G24190	0	0	0	0	0	0
AT5G60060	6	0	1	2	1	2
AT5G24880	84	108	76	106	90	126
AT5G35740	273	183	180	337	294	256
AT5G62500	534	493	417	464	507	343
AT5G25610	991	748	785	112	86	114
AT5G22790	611	485	501	506	601	472
AT5G26900	0	0	1	3	0	0
AT5G51350	470	730	606	676	1178	528
AT5G66270	41	37	17	55	51	45
AT5G53890	252	231	234	421	776	331
AT5G54000	0	0	0	0	0	0
AT5G03390	126	224	186	237	164	202
AT5G57530	62	41	41	33	30	56
AT5G22510	1258	1266	1341	1067	1030	1153
AT5G13825	1	0	0	0	1	0
AT5G51710	296	296	318	289	325	265
AT5G19830	100	81	93	104	125	82
AT5G39290	0	0	0	0	0	0
AT5G46990	0	0	0	0	0	0
AT5G15960	7276	6431	4625	608	721	333
AT5G11040	1502	1504	1448	1534	1760	1469
AT5G65210	1311	1373	1296	2659	4313	2358
AT5G58430	4962	5884	6706	6136	6720	7094
AT5G67245	58	37	43	26	22	43
AT5G60370	268	235	243	248	274	244
AT5G47770	3891	3246	3250	3301	3693	3391
AT5G47030	5989	4694	4816	5048	5420	4499
AT5G19250	890	827	807	939	958	864
AT5G29000	733	731	693	641	826	645
AT5G25130	14	9	5	5	19	6
AT5G24120	44	49	39	47	95	27
AT5G41010	542	426	418	449	513	406
AT5G39570	13947	15028	14058	11540	13487	10585
AT5G09620	1514	1626	1582	1456	1692	1337
AT5G45780	143	91	111	174	213	131
AT5G21125	0	0	0	0	0	0
AT5G56240	1020	1031	914	1002	1208	1081
AT5G23240	56	71	64	36	66	43
AT5G55710	102	76	74	106	121	65
AT5G27930	821	954	767	488	654	354
AT5G40320	40	23	19	74	42	27
AT5G27020	1	0	1	3	3	2
AT5G18290	41	39	28	90	97	77
AT5G48870	840	621	594	626	804	581
AT5G01881	3	0	0	0	0	0
AT5G51545	97	100	94	105	136	77
AT5G11520	1984	1859	1554	1748	1990	1503
AT5G46085	8	2	4	6	4	10
AT5G54190	1	0	2	2	1	1
AT5G06090	314	459	591	236	220	383
AT5G15160	22	11	10	11	15	11
AT5G46580	74	56	49	101	118	70
AT5G22555	16	26	16	17	36	37
AT5G38830	1210	1238	1180	1161	1472	1233
AT5G49840	406	425	397	382	522	442
AT5G11900	826	820	830	822	920	719
AT5G59150	1183	1088	974	859	1018	888
AT5G19750	801	544	611	616	607	585
AT5G65830	100	85	103	147	156	107
AT5G13940	1	0	0	3	1	1
AT5G05635	0	0	0	0	0	0
AT5G48690	85	108	133	120	154	123
AT5G22150	7	7	6	14	17	14
AT5G65925	293	240	336	256	263	338
AT5G01570	52	20	22	18	24	20
AT5G62573	1	0	1	0	0	0
AT5G50460	1417	1138	992	1193	1434	996
AT5G48790	134	161	144	182	238	153
AT5G20830	5953	9510	7211	5238	6643	3961
AT5G04960	311	317	271	211	252	266
AT5G47910	18802	35642	39833	21856	14747	25866
AT5G54470	243	281	389	387	277	259
AT5G23780	34	44	39	65	61	72
AT5G64040	44	29	13	36	114	28
AT5G06000	134	76	80	131	121	90
AT5G02420	344	274	245	179	203	247
AT5G50480	0	0	0	0	0	0
AT5G15660	2	3	4	3	10	11
AT5G43830	5023	3966	3008	4579	5216	4379
AT5G01270	692	664	722	791	957	788
AT5G55780	50	23	19	38	24	32
AT5G22080	1157	937	893	1035	1165	1020
AT5G02065	116	100	105	137	132	96
AT5G40380	2	1	5	2	0	0
AT5G38090	0	0	0	0	0	0
AT5G05000	922	726	747	803	969	775
AT5G53130	916	859	817	896	855	962
AT5G17080	0	0	0	0	0	0
AT5G55370	1	0	0	0	0	1
AT5G07660	128	205	192	232	235	182
AT5G17380	1907	1928	1926	1605	1882	1587
AT5G28300	132	90	106	106	150	81
AT5G49600	0	0	0	0	0	0
AT5G65140	530	466	757	825	980	483
AT5G51160	94	93	104	80	83	113
AT5G53140	3901	3880	3840	3745	4233	3467
AT5G20090	1662	1337	1507	1377	1535	1421
AT5G43690	116	176	191	86	90	86
AT5G61940	87	64	57	87	93	64
AT5G56060	6	3	7	1	3	3
AT5G02360	131	116	96	93	116	99
AT5G50400	873	1022	976	983	1202	1078
AT5G51915	0	0	0	0	1	0
AT5G02120	8	9	1	2	11	2
AT5G19450	3700	3535	4098	2631	2805	3309
AT5G20447	0	0	0	0	0	0
AT5G40160	164	158	146	164	208	141
AT5G57770	319	255	413	461	641	453
AT5G54560	0	0	0	1	0	0
AT5G16330	2	5	6	9	6	18
AT5G34885	0	0	0	0	0	0
AT5G64080	1001	1378	1015	984	1174	419
AT5G44920	943	1012	1284	1037	1184	1318
AT5G24230	88	88	87	130	139	184
AT5G22880	2378	1789	1785	2109	2587	2040
AT5G07900	66	42	53	47	67	49
AT5G65890	76	44	57	43	48	32
AT5G42530	7	6	4	43	44	6
AT5G60250	45	152	97	77	104	21
AT5G23460	172	162	132	144	146	118
AT5G49390	59	63	63	78	100	81
AT5G66607	5	4	6	7	6	7
AT5G09690	247	234	264	278	372	289
AT5G59070	84	34	77	53	68	81
AT5G19610	0	0	0	0	0	0
AT5G10336	0	1	1	3	1	1
AT5G23210	278	250	234	335	406	337
AT5G28450	0	0	0	0	0	0
AT5G24760	903	1075	1141	747	875	808
AT5G51000	0	0	0	0	0	0
AT5G15000	0	0	0	0	0	0
AT5G26730	89	49	48	43	65	61
AT5G20635	166	96	76	145	177	134
AT5G54110	1798	2154	2096	1643	1394	1899
AT5G06770	142	104	120	115	122	96
AT5G64720	3	3	2	2	4	0
AT5G40400	61	48	46	60	68	55
AT5G04840	246	226	276	104	111	174
AT5G42810	283	277	306	281	328	246
AT5G47920	77	60	49	42	47	56
AT5G37150	0	0	0	0	0	0
AT5G18230	2369	2521	2499	2743	3201	2481
AT5G23160	9	18	17	14	13	14
AT5G59550	4157	6112	6884	6506	7530	6653
AT5G24940	0	1	0	0	0	0
AT5G38317	0	0	0	0	0	0
AT5G15380	9	8	3	13	13	4
AT5G65540	328	303	250	340	396	289
AT5G52080	0	0	0	0	0	0
AT5G04030	0	0	0	0	0	0
AT5G17550	710	555	595	569	683	593
AT5G46770	6	5	5	0	3	1
AT5G01180	19	12	6	14	27	15
AT5G26880	780	755	744	870	1045	796
AT5G22200	10	13	9	5	3	4
AT5G21050	29	28	34	36	28	25
AT5G47660	311	305	253	305	349	264
AT5G52610	0	0	0	0	0	0
AT5G48320	26	30	32	27	55	61
AT5G18030	0	0	0	0	0	0
AT5G52605	0	0	0	0	0	0
AT5G43500	296	297	253	364	438	283
AT5G66350	39	32	47	52	66	64
AT5G64430	956	1168	1188	926	1409	885
AT5G35390	4	9	4	6	8	2
AT5G64813	1115	1117	1093	1036	1146	1050
AT5G25900	602	616	483	699	911	524
AT5G09410	1148	1085	988	1191	1299	1221
AT5G11970	2173	2055	2321	1451	1373	1608
AT5G15533	1	1	3	0	1	1
AT5G09995	287	260	252	334	324	248
AT5G44050	1493	2195	1891	1215	702	1216
AT5G44930	113	112	124	111	123	98
AT5G65240	746	845	941	736	777	767
AT5G37410	22	23	35	27	46	29
AT5G03840	60	35	34	186	154	119
AT5G60800	279	313	302	455	361	438
AT5G42242	0	0	0	0	0	0
AT5G22570	1030	1427	1620	715	561	726
AT5G39160	4	7	7	5	10	10
AT5G18040	281	295	284	193	298	175
AT5G44970	0	0	0	0	0	0
AT5G20340	0	0	0	1	0	0
AT5G48270	0	0	0	0	0	0
AT5G09550	1	3	2	0	0	1
AT5G05900	106	67	80	124	142	141
AT5G17810	23	10	5	2	2	9
AT5G39820	21	9	9	29	26	19
AT5G23720	642	707	630	744	905	683
AT5G51540	196	141	157	220	195	162
AT5G64260	7859	9073	9331	9229	8169	9732
AT5G61030	820	608	518	645	849	635
AT5G01960	1104	1232	1260	1003	992	1030
AT5G64000	106	110	173	217	252	303
AT5G18430	0	0	0	0	0	0
AT5G25170	832	740	687	753	807	687
AT5G21950	370	488	577	309	355	384
AT5G45113	0	0	0	0	0	0
AT5G05510	167	211	159	220	256	176
AT5G03890	81	84	82	39	62	23
AT5G03000	4	6	2	0	2	2
AT5G22608	7	5	7	5	6	3
AT5G36950	293	295	261	354	426	290
AT5G17160	1333	1043	973	1380	1525	1046
AT5G51220	371	294	254	356	396	310
AT5G47330	2	1	3	0	0	0
AT5G03450	176	188	151	232	310	247
AT5G13030	1184	1299	1287	1101	1324	1108
AT5G51530	1	0	3	6	1	4
AT5G44290	4553	5332	5586	4059	3552	5305
AT5G09380	250	235	216	230	246	207
AT5G60500	0	0	0	0	0	0
AT5G38140	159	128	168	163	168	157
AT5G22100	455	334	354	435	432	380
AT5G60850	289	320	399	307	383	243
AT5G16480	204	196	179	306	394	266
AT5G49220	447	483	472	423	573	404
AT5G18760	88	93	79	116	145	116
AT5G45277	0	1	0	0	0	0
AT5G11460	68	43	35	57	103	54
AT5G59160	1297	1404	1160	1495	1654	1313
AT5G62310	143	141	187	97	112	157
AT5G57380	7	12	11	3	9	1
AT5G14760	95	205	255	65	90	76
AT5G47260	0	0	0	0	0	0
AT5G64520	61	42	63	85	75	67
AT5G08000	11	28	24	12	26	4
AT5G35570	1603	1843	1747	1280	1150	1224
AT5G26850	1539	1502	1352	2085	2367	2042
AT5G14590	1542	1356	1290	1324	1491	1163
AT5G08400	67	44	49	57	59	48
AT5G42010	260	415	450	226	231	315
AT5G13200	2737	3893	4819	1415	991	1694
AT5G26690	44	77	62	48	59	146
AT5G60750	232	260	213	232	328	260
AT5G62730	0	0	1	0	1	0
AT5G16980	2	1	1	0	2	0
AT5G54430	2131	1890	1872	1802	2175	1667
AT5G65160	358	415	443	402	247	455
AT5G36430	0	0	0	0	0	0
AT5G25230	16	3	10	8	8	6
AT5G24650	826	677	666	678	787	555
AT5G03100	100	91	67	89	110	90
AT5G39980	66	60	58	65	101	51
AT5G66560	485	544	417	698	1185	452
AT5G51820	432	375	370	345	434	344
AT5G44500	227	164	180	229	229	187
AT5G06570	232	186	173	345	447	384
AT5G48840	159	148	180	176	221	175
AT5G16453	4	7	2	5	1	2
AT5G05735	0	0	0	0	0	0
AT5G39920	0	0	0	0	0	0
AT5G62550	1068	1337	1148	1255	1650	978
AT5G53830	315	584	568	488	759	298
AT5G59330	1	1	1	0	0	0
AT5G50750	10	23	11	6	11	1
AT5G49230	252	242	247	208	262	218
AT5G46300	0	0	0	0	0	0
AT5G11530	590	700	645	729	852	772
AT5G44635	369	400	354	519	593	411
AT5G57590	354	347	309	464	494	349
AT5G22400	336	279	306	400	440	286
AT5G26780	2025	2170	1992	1901	2491	1767
AT5G07510	2	3	6	0	2	2
AT5G48990	121	101	107	148	175	129
AT5G38865	31	91	48	53	88	12
AT5G13150	151	154	141	131	160	183
AT5G46280	604	598	545	739	860	641
AT5G47390	473	449	375	521	695	502
AT5G66675	2422	2786	3431	2327	2302	3183
AT5G23970	0	0	0	0	1	0
AT5G09360	0	1	0	0	0	0
AT5G49820	705	676	643	693	742	690
AT5G28237	19	13	21	2	1	9
AT5G07590	336	309	265	348	401	273
AT5G37250	0	0	1	1	3	2
AT5G60140	0	2	0	3	4	0
AT5G57930	185	167	119	230	342	166
AT5G02540	52	100	104	83	72	62
AT5G03995	74	67	45	147	236	155
AT5G13220	5742	6656	7175	2658	1740	2643
AT5G18170	1642	1444	1116	3495	4739	2763
AT5G35200	1686	1748	1730	2050	2661	2088
AT5G03290	2843	2588	2485	2807	3142	2750
AT5G55160	1750	1544	1521	1578	1848	1493
AT5G24710	2716	3015	3062	2923	3247	2690
AT5G61070	14	14	25	16	9	10
AT5G20580	237	264	262	232	243	265
AT5G42090	2483	2490	2388	1980	2595	1960
AT5G13760	382	449	357	407	449	362
AT5G03220	119	86	119	94	145	141
AT5G52890	29	14	17	43	36	19
AT5G26280	2210	1952	1177	5678	6794	7362
AT5G48280	0	0	0	0	0	0
AT5G49980	1155	1172	904	1212	1754	1122
AT5G19860	1180	1049	1078	1225	1364	1027
AT5G01870	943	707	613	962	994	981
AT5G57400	10	8	5	20	16	22
AT5G03070	304	297	336	291	358	326
AT5G41600	2089	2094	1967	1649	1824	1428
AT5G20430	2	3	0	1	1	1
AT5G01470	149	141	120	136	192	136
AT5G42330	305	277	281	274	387	281
AT5G53790	0	0	0	0	0	0
AT5G23650	0	0	0	0	0	0
AT5G38930	1	4	0	16	20	23
AT5G08670	11262	9291	9261	9894	10496	9711
AT5G45930	18	9	5	21	47	18
AT5G02910	120	87	102	120	138	98
AT5G47820	1902	2261	2526	2403	2811	2486
AT5G20380	249	283	266	260	396	228
AT5G48190	2	0	0	1	3	2
AT5G36330	0	0	0	0	0	0
AT5G17500	0	3	0	0	1	0
AT5G39910	0	0	0	0	0	0
AT5G25120	3	5	9	2	2	2
AT5G59305	165	226	87	342	521	53
AT5G65930	1255	1198	1229	1307	1406	1201
AT5G03780	103	84	65	117	135	94
AT5G11670	15655	23362	21906	19145	20871	20070
AT5G53170	931	833	818	1036	1239	1047
AT5G46360	21	9	23	15	17	17
AT5G17280	256	232	228	193	208	158
AT5G01220	650	651	685	449	487	592
AT5G61340	191	196	150	178	261	183
AT5G17150	13	10	13	5	15	13
AT5G48500	423	523	442	453	659	408
AT5G11700	2677	2961	2530	2643	2922	2392
AT5G24352	99	110	89	89	96	84
AT5G07225	0	0	0	0	0	0
AT5G15130	2854	3589	4383	1680	1600	2936
AT5G11540	210	195	217	171	205	161
AT5G10260	239	155	149	120	110	128
AT5G46220	8	5	8	6	4	6
AT5G07180	4	3	3	2	1	3
AT5G09390	813	780	767	763	900	794
AT5G54420	0	0	0	0	0	0
AT5G37930	306	283	250	285	337	280
AT5G23550	267	246	222	214	261	238
AT5G15440	278	273	253	302	371	269
AT5G48660	197	201	172	182	236	168
AT5G49870	100	118	220	88	135	164
AT5G58784	68	66	84	119	128	120
AT5G15850	4	1	0	0	2	0
AT5G28380	0	0	0	0	0	0
AT5G10310	16	43	40	39	55	23
AT5G24900	84	66	78	91	95	100
AT5G44180	1517	1606	1700	1846	2280	1801
AT5G38430	0	0	0	3	0	0
AT5G15470	893	829	736	838	1117	706
AT5G62940	141	180	206	150	238	152
AT5G43960	1666	1355	1266	1652	1782	1384
AT5G16430	0	0	1	0	1	0
AT5G39560	0	0	0	0	0	0
AT5G50140	0	0	1	1	1	3
AT5G60350	255	273	343	170	185	358
AT5G44440	0	1	0	0	0	0
AT5G46825	0	0	0	0	0	0
AT5G11980	933	878	862	845	1035	783
AT5G17990	1266	1394	1242	920	852	1038
AT5G47290	0	0	0	0	0	0
AT5G53742	0	0	0	0	0	0
AT5G63085	1	0	0	0	0	1
AT5G54145	131	95	114	67	113	42
AT5G22370	261	220	216	240	305	285
AT5G60100	418	386	435	387	425	406
AT5G61050	0	0	0	0	0	1
AT5G39350	94	98	74	93	134	67
AT5G11170	4068	3438	3261	3727	4213	3524
AT5G57390	299	450	364	242	321	225
AT5G25060	1565	1547	1529	1620	1795	1699
AT5G44563	0	0	1	0	0	1
AT5G25757	447	322	293	501	404	350
AT5G17880	73	91	124	158	231	161
AT5G02180	105	64	71	50	61	67
AT5G18160	1	1	0	0	0	0
AT5G43640	0	3	0	1	1	4
AT5G66620	670	848	1020	624	437	734
AT5G65790	421	456	587	715	1070	508
AT5G58850	0	0	0	0	0	0
AT5G46330	335	585	473	234	363	178
AT5G57450	27	21	17	29	20	15
AT5G47720	2238	2452	2559	1724	1891	1952
AT5G45650	55	109	119	40	63	50
AT5G35995	266	256	222	283	359	278
AT5G03850	5241	3214	3200	3782	4290	3613
AT5G23180	0	0	0	0	0	0
AT5G27120	3053	2063	1995	2832	3218	2557
AT5G17070	592	500	455	512	573	477
AT5G52655	0	0	0	1	0	0
AT5G38760	0	0	0	0	0	0
AT5G18050	0	0	0	0	0	0
AT5G03690	169	169	165	187	243	118
AT5G61610	0	0	0	0	0	0
AT5G50490	7	0	2	0	0	1
AT5G08630	679	709	788	647	702	692
AT5G12050	99	94	74	114	147	168
AT5G45830	2	2	0	0	0	0
AT5G58412	0	0	0	0	0	0
AT5G41220	259	213	218	303	377	287
AT5G46880	0	0	0	0	1	1
AT5G47110	82	84	49	65	137	29
AT5G67410	57	68	60	52	73	94
AT5G19980	481	383	343	450	529	423
AT5G28030	1	1	0	0	1	0
AT5G62850	0	0	0	0	0	0
AT5G27910	2	0	0	1	2	2
AT5G36390	0	0	0	0	0	0
AT5G10130	636	359	394	708	790	765
AT5G67265	4	3	0	0	1	2
AT5G03760	911	1126	1735	841	1094	788
AT5G27370	0	0	0	0	0	0
AT5G11340	483	476	446	456	581	462
AT5G32440	1556	1299	1317	1458	1583	1489
AT5G08260	1205	1940	1150	1975	2646	950
AT5G06990	69	92	89	51	43	52
AT5G54670	982	1313	1489	1162	1516	1040
AT5G20165	386	346	267	281	372	284
AT5G18070	343	297	267	303	347	295
AT5G52660	176	214	189	240	260	177
AT5G34869	0	0	0	0	0	0
AT5G18550	439	582	495	465	658	331
AT5G62440	959	649	598	863	891	683
AT5G19370	635	508	503	549	597	486
AT5G19172	0	0	0	0	0	0
AT5G52030	308	269	334	162	146	172
AT5G39810	0	0	0	0	1	0
AT5G14140	151	110	100	153	164	171
AT5G57887	1	1	1	0	2	3
AT5G53800	751	584	637	657	711	586
AT5G27890	1	0	0	0	1	0
AT5G21960	130	147	179	150	232	204
AT5G17330	11736	14222	15719	13967	14241	15716
AT5G61260	95	120	142	101	114	134
AT5G42905	0	0	0	0	0	0
AT5G16960	2	1	5	0	1	3
AT5G27300	4	7	4	11	11	5
AT5G15330	339	298	320	309	365	352
AT5G57880	31	27	34	24	28	24
AT5G28442	31	42	33	27	35	42
AT5G07100	569	459	463	674	517	839
AT5G34905	0	0	0	0	0	0
AT5G08510	157	138	124	123	168	96
AT5G57655	3065	2520	2434	2935	3196	2954
AT5G08610	404	318	312	567	588	542
AT5G56230	39	17	26	32	37	23
AT5G59460	341	283	296	307	312	269
AT5G39970	290	420	460	240	222	278
AT5G57170	50	61	70	66	83	56
AT5G11370	0	0	0	0	0	0
AT5G49410	75	48	53	58	86	58
AT5G24750	247	201	203	239	274	204
AT5G04910	392	325	281	362	416	344
AT5G57120	1916	1522	1520	1917	2118	1561
AT5G38390	0	0	0	0	0	0
AT5G20020	4942	3583	3243	4376	4857	3789
AT5G12450	0	0	0	0	0	0
AT5G37190	474	422	483	483	498	449
AT5G42790	3044	2500	2357	2471	2903	2440
AT5G44450	352	298	304	436	453	349
AT5G35980	2462	2870	2852	2667	2762	2668
AT5G64905	786	836	1099	612	571	1068
AT5G13290	145	147	142	199	272	144
AT5G60890	3053	2800	2757	2132	2776	1542
AT5G11280	632	538	470	579	692	639
AT5G23580	508	618	620	618	823	514
AT5G12920	91	86	74	138	140	119
AT5G06670	275	291	299	269	270	278
AT5G63930	1079	979	1020	873	1136	1051
AT5G45770	1	0	0	0	0	0
AT5G16900	68	58	54	95	130	128
AT5G25630	164	134	97	190	283	122
AT5G44973	0	0	0	61	37	10
AT5G06900	181	252	365	167	238	186
AT5G60020	1321	1500	1485	862	1331	941
AT5G43260	89	83	104	51	92	68
AT5G18404	0	0	0	0	0	0
AT5G40315	0	0	0	0	0	0
AT5G57070	1055	955	843	1344	1465	1201
AT5G48570	239	268	255	305	324	219
AT5G26090	0	1	0	1	0	0
AT5G16450	1032	1110	1053	953	1113	837
AT5G10435	5	2	0	0	2	3
AT5G67290	194	159	162	156	173	145
AT5G40310	0	0	0	0	0	0
AT5G11310	171	131	138	168	182	129
AT5G09740	339	325	334	397	447	344
AT5G65040	259	277	559	99	101	164
AT5G65220	598	490	437	611	794	606
AT5G11060	89	128	150	96	156	92
AT5G39880	1	0	0	0	0	0
AT5G39990	567	502	478	586	619	488
AT5G49890	935	958	1042	636	730	737
AT5G54215	0	0	0	0	0	0
AT5G25920	79	140	131	90	74	73
AT5G52545	79	59	46	64	72	37
AT5G63500	282	248	230	194	235	207
AT5G60700	507	450	383	594	780	485
AT5G65370	0	0	0	0	0	0
AT5G43350	330	322	189	866	974	989
AT5G62998	0	0	0	0	0	0
AT5G55050	397	477	620	124	101	189
AT5G41400	298	334	404	342	451	328
AT5G35067	0	0	0	0	0	0
AT5G05110	597	553	643	449	577	528
AT5G24870	130	143	151	182	267	228
AT5G24370	0	0	0	0	1	0
AT5G11680	1154	1030	1062	693	825	839
AT5G56570	0	0	0	0	0	0
AT5G02470	377	289	249	326	330	309
AT5G16920	1	0	0	0	0	2
AT5G55500	715	659	689	674	864	526
AT5G11160	136	150	97	125	127	102
AT5G55400	571	475	447	426	441	398
AT5G10890	3	3	1	0	4	1
AT5G17140	0	0	0	0	0	0
AT5G11180	27	44	58	76	60	145
AT5G43200	2	7	6	3	5	2
AT5G28040	611	707	571	545	698	467
AT5G38660	259	238	247	294	371	296
AT5G46640	264	227	213	205	237	219
AT5G61412	11	6	7	12	6	9
AT5G55610	943	739	717	801	924	830
AT5G65410	0	4	3	1	4	0
AT5G23520	354	369	344	302	401	334
AT5G12290	717	661	693	775	847	663
AT5G40720	75	95	87	96	129	88
AT5G42504	0	0	0	0	0	0
AT5G58920	553	366	379	429	481	438
AT5G65110	1416	1528	1366	1197	1508	1389
AT5G52330	90	118	94	141	144	97
AT5G22540	107	185	185	115	90	125
AT5G03580	0	1	0	0	0	0
AT5G17180	0	0	1	0	0	0
AT5G62200	304	312	251	201	309	215
AT5G39530	34	31	23	22	60	28
AT5G45050	503	533	538	595	648	474
AT5G66090	287	219	246	278	340	343
AT5G38690	476	589	527	557	619	484
AT5G05770	1	3	0	2	0	2
AT5G15240	317	316	405	217	223	324
AT5G42720	827	1239	1274	1043	1286	851
AT5G01250	108	91	89	113	118	130
AT5G10490	689	762	687	670	732	605
AT5G38396	0	0	0	0	0	0
AT5G50020	513	599	524	499	648	461
AT5G11920	1438	1633	1763	1618	1531	2505
AT5G67280	312	291	360	350	314	250
AT5G25940	630	517	532	515	538	473
AT5G02150	284	206	192	251	345	319
AT5G44640	2	5	3	2	2	0
AT5G43980	46	49	38	78	111	38
AT5G16290	650	734	581	713	800	550
AT5G49800	97	86	87	93	121	78
AT5G11100	313	309	319	251	261	282
AT5G10090	1	0	3	2	0	2
AT5G24165	1054	837	1108	1062	1229	1067
AT5G40500	39	31	32	32	50	29
AT5G27710	213	228	243	228	293	182
AT5G24600	244	249	314	132	92	180
AT5G40990	19	36	35	18	10	63
AT5G43930	712	749	691	808	888	723
AT5G52882	2076	2054	2193	2225	2844	1999
AT5G01940	134	91	115	104	141	137
AT5G08505	0	0	0	0	0	0
AT5G55630	310	319	289	320	425	323
AT5G26742	1252	1098	987	1252	1520	1289
AT5G46340	1035	1216	1198	980	1163	906
AT5G01630	295	301	314	342	388	359
AT5G42060	324	277	301	316	377	270
AT5G13500	1022	875	944	723	741	789
AT5G48350	1	7	7	0	0	2
AT5G50940	64	36	31	45	55	45
AT5G52810	318	230	336	333	318	292
AT5G60120	286	261	228	283	479	224
AT5G44340	13848	13236	11307	13546	15979	13266
AT5G48920	66	442	285	245	355	443
AT5G04420	1462	1241	1334	1400	1540	1250
AT5G60510	0	0	0	0	0	0
AT5G44200	1014	757	804	897	1085	882
AT5G17580	83	74	78	86	108	83
AT5G60210	406	317	350	510	627	487
AT5G43550	0	0	0	1	1	0
AT5G58080	21	9	7	6	11	18
AT5G52360	0	0	0	0	1	0
AT5G52920	3799	3222	3393	4094	4511	4032
AT5G62030	357	349	327	294	350	294
AT5G45860	2	0	0	0	3	0
AT5G03350	10	7	4	5	5	1
AT5G46295	184	230	274	169	134	279
AT5G24690	1758	1455	1410	1610	1976	1735
AT5G18900	976	841	934	747	872	761
AT5G43175	0	3	4	2	2	1
AT5G23200	408	288	296	314	370	292
AT5G64480	46	43	36	44	54	34
AT5G20280	4345	3998	4925	1587	1758	1905
AT5G07140	166	135	114	190	232	147
AT5G08141	1	2	1	1	2	1
AT5G59890	2276	2492	2371	2011	2355	1874
AT5G54550	2	1	4	1	1	0
AT5G02570	46	34	24	21	38	25
AT5G13770	8	0	0	1	19	1
AT5G65687	220	253	248	210	287	214
AT5G16210	2007	2113	2132	1717	2117	1777
AT5G57520	0	0	0	0	0	1
AT5G24316	2	0	2	0	0	3
AT5G46700	695	854	863	887	1006	691
AT5G06310	103	93	91	145	138	81
AT5G16320	85	85	78	72	138	92
AT5G41140	1184	1520	1734	1807	2559	1543
AT5G04250	380	204	240	165	204	169
AT5G55430	3	2	3	3	1	0
AT5G52410	641	703	761	449	480	528
AT5G57569	0	0	0	0	0	0
AT5G18520	1928	1945	1906	1825	2271	1731
AT5G08230	416	561	588	539	707	564
AT5G07790	86	92	104	110	178	109
AT5G60620	984	911	845	902	1119	913
AT5G63595	123	107	99	104	153	60
AT5G24000	54	40	27	66	89	46
AT5G03910	251	216	227	258	360	284
AT5G45560	565	540	557	629	669	515
AT5G50710	0	0	0	0	0	0
AT5G24660	84	109	95	228	490	99
AT5G64300	3265	3929	4493	2972	2830	3813
AT5G06440	418	392	372	402	495	309
AT5G10946	17	27	13	18	12	17
AT5G20630	0	0	0	1	0	0
AT5G43525	0	0	0	0	0	0
AT5G12030	6	4	5	3	3	6
AT5G59220	640	316	474	124	126	123
AT5G66690	1023	957	1600	869	1151	957
AT5G02680	226	197	211	237	247	239
AT5G42900	461	355	227	98	132	162
AT5G62690	7730	6575	6357	7573	8715	7460
AT5G18880	0	0	0	0	0	0
AT5G06800	425	419	385	695	822	624
AT5G02850	339	286	254	308	391	291
AT5G57123	23	15	19	6	5	4
AT5G06130	380	327	247	343	407	320
AT5G59140	789	612	641	598	663	562
AT5G04895	292	276	226	338	404	291
AT5G56730	391	476	498	499	517	473
AT5G12130	197	184	199	197	294	215
AT5G13720	33	23	41	22	24	16
AT5G17460	4121	3034	2746	727	844	699
AT5G62560	1391	1598	2194	1392	1499	1633
AT5G45890	5	2	5	0	0	0
AT5G06350	428	399	411	471	607	481
AT5G49680	557	608	644	687	724	864
AT5G14602	4	4	11	4	3	2
AT5G24070	164	226	244	285	398	537
AT5G22794	78	80	83	85	109	71
AT5G50840	471	435	435	468	556	458
AT5G39860	1	0	0	0	0	0
AT5G46250	2976	3346	3603	2970	3398	2885
AT5G18060	0	0	0	0	0	0
AT5G12420	866	1188	1003	550	805	811
AT5G56368	0	0	0	0	0	0
AT5G41680	4	12	9	12	18	13
AT5G22355	109	114	112	64	49	70
AT5G01300	58	22	28	1	5	6
AT5G41370	1033	1121	1135	1251	1554	1227
AT5G58060	2042	1904	1887	1674	1924	1682
AT5G01600	10612	8722	10363	3784	5353	6051
AT5G21920	158	142	149	159	215	148
AT5G11640	505	393	430	425	474	382
AT5G11840	117	110	114	128	143	120
AT5G37680	179	211	186	179	238	164
AT5G37540	1434	2055	1766	2028	2247	1784
AT5G52490	0	0	1	0	0	0
AT5G05260	0	0	0	0	0	0
AT5G25995	0	0	0	0	0	0
AT5G35220	129	161	121	200	203	163
AT5G28919	611	627	593	887	1158	708
AT5G39710	69	62	65	123	130	74
AT5G09820	76	67	86	98	155	104
AT5G66100	779	606	647	649	746	649
AT5G03160	966	776	702	870	1003	788
AT5G42840	18	20	23	20	20	26
AT5G66360	252	240	201	292	310	252
AT5G12930	216	183	183	209	213	165
AT5G21100	78	82	113	55	55	54
AT5G14100	101	97	105	107	138	100
AT5G36722	0	0	0	0	0	0
AT5G18350	7	7	5	6	8	11
AT5G67010	0	0	1	0	0	0
AT5G46670	0	0	0	0	0	0
AT5G21105	4584	7491	5830	3502	3696	2577
AT5G26000	367	554	250	245	178	34
AT5G20690	0	0	1	2	1	1
AT5G44530	349	283	270	232	295	230
AT5G41950	2146	2161	1979	2126	2441	2022
AT5G15685	0	0	0	0	0	0
AT5G24770	7900	13387	8006	6861	7284	2437
AT5G07480	0	0	0	1	2	1
AT5G50470	0	0	0	0	0	0
AT5G38330	0	0	0	0	0	0
AT5G45690	0	0	0	0	0	0
AT5G48590	106	113	77	119	202	89
AT5G14720	2259	2474	2426	2407	2628	2352
AT5G38197	0	0	0	0	0	0
AT5G08650	268	341	265	304	418	287
AT5G56460	296	429	474	298	373	297
AT5G42740	2364	2271	2153	1802	1870	1829
AT5G18650	718	624	630	781	944	943
AT5G55110	90	80	107	73	89	130
AT5G65530	551	457	540	471	606	660
AT5G22420	0	0	0	0	0	0
AT5G25360	657	672	683	569	672	533
AT5G22060	2803	2586	2411	2389	2494	2367
AT5G17000	899	1332	1967	515	403	671
AT5G53520	0	0	0	0	0	0
AT5G39480	0	0	3	6	6	3
AT5G57820	0	0	0	0	1	2
AT5G02090	33	100	73	99	135	98
AT5G65260	758	684	602	752	818	578
AT5G35913	0	0	0	0	0	0
AT5G65490	459	464	406	514	573	484
AT5G23575	3049	2807	3015	2201	2658	2546
AT5G26320	1	6	4	9	22	16
AT5G14850	323	233	210	265	329	255
AT5G66530	780	536	565	703	940	728
AT5G62490	28	24	27	0	6	1
AT5G53045	131	62	73	88	104	87
AT5G13340	209	136	147	207	237	179
AT5G14690	180	68	59	178	184	156
AT5G54940	17986	21461	20185	9745	9780	11326
AT5G14430	1983	1934	1948	2128	2352	2155
AT5G22070	471	377	367	440	524	334
AT5G50220	0	1	0	0	2	2
AT5G39030	3	4	1	0	1	7
AT5G11470	94	93	108	115	123	106
AT5G62360	1985	2965	1936	1398	1568	2286
AT5G58820	0	0	0	0	0	0
AT5G25070	518	461	426	571	704	482
AT5G23830	1596	1507	1785	1155	1145	1194
AT5G02780	20	43	27	20	26	52
AT5G01160	753	566	623	752	870	742
AT5G19050	602	605	569	579	636	691
AT5G44410	91	109	112	162	312	130
AT5G26150	0	0	0	0	0	0
AT5G38700	6156	7554	9657	3653	2437	5028
AT5G36150	311	604	1260	28	21	60
AT5G55180	5616	7117	6093	4301	5166	3208
AT5G12440	633	711	579	704	906	650
AT5G57200	13	14	14	21	7	11
AT5G44480	758	630	825	758	714	963
AT5G27247	0	0	0	0	0	0
AT5G66860	919	676	610	817	859	714
AT5G42890	1735	1243	1272	1077	1164	1004
AT5G17970	5	3	3	1	0	3
AT5G56070	0	0	0	0	0	0
AT5G62190	8644	7909	7698	9392	10893	9639
AT5G48520	535	624	555	641	799	644
AT5G51420	2	1	1	2	1	2
AT5G63030	903	649	739	610	664	806
AT5G23330	247	194	204	199	290	225
AT5G13210	442	399	515	202	238	305
AT5G28220	382	293	285	321	349	303
AT5G43880	2476	2796	2893	1937	2028	2140
AT5G50361	0	0	0	0	0	0
AT5G41340	475	474	443	460	567	439
AT5G39390	1	0	0	3	0	2
AT5G16020	0	1	0	0	0	0
AT5G48850	82	118	42	142	217	110
AT5G13570	401	330	307	350	519	367
AT5G46490	3	9	5	7	4	10
AT5G12100	272	241	207	232	263	278
AT5G40570	80	86	73	97	77	64
AT5G57410	687	739	671	823	1031	691
AT5G20700	4259	4986	4900	3961	5353	3181
AT5G09445	31	9	7	24	34	10
AT5G17830	2	0	1	0	1	0
AT5G56600	251	388	413	291	313	186
AT5G10350	1264	969	924	1191	1289	1068
AT5G35750	838	1149	966	847	1089	817
AT5G35620	2425	1686	1588	1851	2155	1922
AT5G51700	507	405	399	413	437	415
AT5G61997	0	0	0	0	0	0
AT5G11720	1140	1074	980	1343	1565	1260
AT5G63560	2011	3401	3594	1957	2454	1655
AT5G22900	0	0	0	0	0	0
AT5G04010	11	3	4	2	7	2
AT5G60945	0	0	0	0	0	0
AT5G17680	172	228	230	128	117	207
AT5G05220	392	102	248	23	39	25
AT5G42150	548	438	421	524	502	410
AT5G48515	0	0	0	0	0	0
AT5G36440	0	0	0	0	0	0
AT5G53490	27	24	13	69	111	56
AT5G64120	188	195	136	256	313	566
AT5G60290	5	8	5	12	9	9
AT5G41380	52	44	66	42	82	58
AT5G56430	0	0	0	0	0	0
AT5G40120	0	0	0	0	0	0
AT5G15140	0	1	0	0	0	0
AT5G43570	10	2	2	3	11	21
AT5G40480	1500	1595	1515	1711	2072	1493
AT5G07620	48	66	61	54	91	49
AT5G61970	1808	1529	1414	1548	1862	1515
AT5G55280	521	399	363	566	651	445
AT5G41040	2048	2602	2799	1469	1976	1755
AT5G39300	0	0	0	0	0	0
AT5G36810	0	0	0	0	0	0
AT5G42680	10	6	1	10	9	1
AT5G20045	22	23	22	33	36	38
AT5G45090	14	9	16	41	45	50
AT5G06070	4	1	3	3	5	0
AT5G25390	0	0	0	0	1	0
AT5G17920	69377	70417	74914	65656	75558	57994
AT5G66480	92	88	63	152	166	179
AT5G18390	86	62	73	75	132	82
AT5G11490	1529	1706	1655	1736	2083	1778
AT5G02770	2382	2263	2373	2351	2772	2341
AT5G01100	4138	5315	6230	3539	2342	4125
AT5G06400	58	38	41	37	64	56
AT5G39950	1335	1117	1116	1097	1155	1001
AT5G13880	59	46	47	70	106	38
AT5G63740	0	0	0	0	0	0
AT5G35810	0	0	0	0	1	0
AT5G22480	869	686	680	846	913	884
AT5G59920	86	106	116	42	60	41
AT5G10120	1	0	1	0	0	0
AT5G36470	0	0	0	0	0	0
AT5G63140	652	909	970	542	399	743
AT5G60150	209	223	184	329	321	215
AT5G56350	2326	2437	2446	1955	2238	1825
AT5G16730	6933	8693	8327	5814	5662	5493
AT5G43400	779	615	748	548	684	624
AT5G51130	181	146	149	156	177	124
AT5G10510	1334	1277	1278	1105	1222	1408
AT5G65290	665	689	649	501	643	596
AT5G46915	22	13	18	12	20	11
AT5G23860	2558	2894	2865	2917	3656	2343
AT5G37650	0	0	0	0	0	0
AT5G04937	0	0	0	0	0	0
AT5G25620	86	48	85	124	249	86
AT5G17520	207	224	205	167	240	161
AT5G41470	30	36	26	27	22	23
AT5G43490	0	0	0	0	1	0
AT5G22470	0	0	0	0	0	0
AT5G13490	801	452	439	544	504	362
AT5G42070	5	3	9	11	5	5
AT5G40155	1	0	1	0	0	1
AT5G27560	127	134	129	134	144	100
AT5G28740	1663	1473	1299	1561	1815	1444
AT5G67400	251	193	202	268	318	385
AT5G52220	52	36	42	51	44	40
AT5G22140	1534	1889	2418	1162	1285	1519
AT5G63790	3751	4713	6027	3184	3082	5301
AT5G25910	139	136	125	82	71	147
AT5G49420	0	0	0	0	0	1
AT5G38940	29	25	32	409	649	879
AT5G01460	931	1062	916	980	1174	975
AT5G23700	135	113	102	120	119	184
AT5G19470	2	0	0	0	0	2
AT5G16660	625	490	487	505	558	482
AT5G08250	117	178	171	75	126	160
AT5G64630	179	177	145	195	262	160
AT5G04980	248	293	364	291	297	361
AT5G19330	2168	2393	2502	2368	2783	2636
AT5G11416	0	0	0	0	0	0
AT5G22010	906	1028	1025	1084	1311	998
AT5G17360	92	78	98	83	112	90
AT5G26240	959	946	1003	1005	1139	950
AT5G38110	275	213	174	307	383	273
AT5G23800	69	64	73	83	114	60
AT5G66052	145	118	121	208	217	148
AT5G18440	272	301	193	279	377	251
AT5G11860	656	635	532	603	775	564
AT5G63630	180	178	173	188	287	174
AT5G09240	129	162	137	154	171	127
AT5G51870	77	31	45	88	58	73
AT5G16820	280	237	308	285	377	278
AT5G20590	769	618	658	676	809	583
AT5G03170	924	1052	1004	733	884	608
AT5G24630	398	311	310	325	300	250
AT5G59960	592	657	574	713	958	549
AT5G52230	222	220	214	243	317	248
AT5G56010	6954	5809	5323	6191	6968	5667
AT5G46940	0	0	0	0	0	0
AT5G57020	2363	1952	1765	2433	2662	2429
AT5G41960	162	217	180	169	195	185
AT5G61560	335	473	497	194	252	427
AT5G07080	464	641	328	763	958	1055
AT5G65990	658	548	577	122	126	90
AT5G17610	470	428	395	417	491	398
AT5G04240	902	808	799	922	1164	898
AT5G02500	64604	58621	55888	62866	72074	60675
AT5G05180	702	1103	825	857	866	554
AT5G44565	44	101	122	60	43	19
AT5G13780	1877	1437	1338	1804	2019	1574
AT5G16110	1924	1485	1203	3073	4185	2654
AT5G53260	0	0	0	0	0	0
AT5G45310	58	39	32	30	48	44
AT5G51750	105	63	48	99	82	67
AT5G02560	264	297	380	238	288	233
AT5G42965	11	6	11	8	9	10
AT5G05310	253	194	206	254	309	263
AT5G43100	1421	1568	1654	1460	1653	1547
AT5G67610	340	329	342	325	396	297
AT5G51970	2299	1896	1748	2509	2926	2734
AT5G16260	1055	1048	1000	907	957	916
AT5G55480	1501	1624	1484	1676	1984	1490
AT5G50230	500	430	406	481	580	480
AT5G54870	664	846	746	613	807	708
AT5G48050	4	13	10	3	8	4
AT5G28370	0	0	0	0	0	0
AT5G08380	528	640	695	326	422	377
AT5G39550	591	471	478	732	828	570
AT5G17890	918	1059	1068	1043	1243	1221
AT5G49215	128	135	130	111	176	150
AT5G43630	57	47	58	30	60	24
AT5G66990	0	0	0	0	0	0
AT5G51940	858	728	658	645	754	622
AT5G08340	88	71	65	93	126	118
AT5G64610	664	636	616	639	819	648
AT5G45160	569	665	643	637	786	578
AT5G46000	0	0	0	0	0	0
AT5G62140	10	9	9	5	6	8
AT5G03820	0	0	0	0	0	0
AT5G54850	261	228	240	215	213	228
AT5G37900	0	0	0	0	0	0
AT5G52180	245	221	233	262	333	258
AT5G03730	1321	1367	1224	1344	1611	1336
AT5G01010	2201	2143	2139	2242	2640	2139
AT5G03060	3	0	3	2	13	0
AT5G17523	0	0	0	0	0	0
AT5G15740	880	874	747	896	1105	680
AT5G62165	622	573	612	615	654	671
AT5G55290	654	588	599	469	606	486
AT5G23660	409	212	82	123	119	276
AT5G49450	306	221	104	514	577	568
AT5G28960	68	32	45	119	152	121
AT5G10650	172	153	151	144	233	170
AT5G05390	94	206	164	103	149	90
AT5G55130	606	549	577	652	639	660
AT5G51300	1640	1750	1661	1805	2105	1701
AT5G40250	665	755	769	686	787	665
AT5G41763	33	16	14	18	20	6
AT5G22490	0	0	0	0	0	0
AT5G36670	0	0	0	0	0	0
AT5G04730	1	0	0	31	39	19
AT5G46370	42	28	28	41	28	21
AT5G39230	1	2	1	0	1	1
AT5G41870	260	361	329	313	393	219
AT5G46410	900	910	870	867	728	923
AT5G58310	0	0	0	0	0	0
AT5G24640	9	4	4	1	12	14
AT5G23070	112	77	91	103	161	97
AT5G36500	0	0	0	0	0	0
AT5G19400	2426	2392	2386	2126	2629	2374
AT5G06140	1714	1622	1595	1719	1996	1684
AT5G50443	90	46	52	55	45	74
AT5G18340	7	15	27	16	16	17
AT5G02250	318	342	294	368	452	400
AT5G60790	3853	2975	3066	2958	3729	2888
AT5G55190	4887	3882	3682	4347	4717	3848
AT5G50270	5	20	20	0	0	3
AT5G19920	225	208	198	300	311	294
AT5G09310	399	358	322	386	444	327
AT5G41020	577	483	484	501	671	461
AT5G16720	501	594	481	718	1055	491
AT5G59560	472	458	499	417	463	388
AT5G45800	551	649	670	686	889	642
AT5G17600	72	83	59	60	138	38
AT5G03500	329	253	222	221	279	247
AT5G02995	0	0	0	0	0	0
AT5G63900	1	0	1	1	0	1
AT5G36170	244	215	233	257	320	263
AT5G06600	3433	3909	4012	3723	4323	3623
AT5G02650	116	88	96	92	121	83
AT5G64667	3	8	3	1	2	3
AT5G19820	3394	3615	3347	3561	3821	3616
AT5G60805	0	0	0	0	0	0
AT5G40880	261	159	166	180	193	171
AT5G06530	223	325	477	29	34	38
AT5G50030	0	1	1	0	3	1
AT5G07572	0	0	0	0	0	0
AT5G53150	503	521	479	526	695	543
AT5G20440	0	0	0	0	0	0
AT5G43000	0	0	0	1	0	1
AT5G15920	269	319	371	417	526	411
AT5G23570	480	591	538	515	610	439
AT5G53050	1699	2517	2492	989	750	1166
AT5G33290	267	350	466	137	154	213
AT5G23100	95	109	100	163	310	100
AT5G03520	2009	2093	1876	1249	1428	1461
AT5G11360	4	5	8	4	7	4
AT5G50290	66	52	65	73	102	88
AT5G44785	296	285	299	368	453	320
AT5G57280	476	363	349	383	454	416
AT5G17340	18	13	6	2	1	5
AT5G45550	1436	1341	1308	1126	1296	1202
AT5G16270	1462	1781	1772	1697	2034	1826
AT5G22030	937	880	944	949	1179	940
AT5G45400	194	143	151	214	236	183
AT5G19175	0	0	0	0	0	0
AT5G04770	171	166	177	262	368	208
AT5G66980	0	3	3	0	1	0
AT5G46680	36	22	29	27	39	28
AT5G50345	0	0	0	0	0	0
AT5G53770	538	411	420	554	614	539
AT5G24280	137	291	181	212	245	69
AT5G64310	13646	13471	16170	10324	7969	11353
AT5G19875	244	285	347	105	173	116
AT5G58090	1632	1770	1688	1723	1785	1538
AT5G06950	368	365	324	389	476	428
AT5G52240	4124	3632	3709	3499	4176	3309
AT5G35970	286	289	286	329	466	322
AT5G64170	409	533	748	540	634	398
AT5G51470	38	22	41	53	76	76
AT5G25770	1523	1269	1334	1301	1301	1476
AT5G45573	0	0	0	0	0	0
AT5G38360	192	167	175	217	251	177
AT5G50210	585	723	651	768	1119	704
AT5G35840	617	675	614	637	741	615
AT5G42980	16140	18471	19269	18199	20049	16290
AT5G22145	1	1	0	0	1	1
AT5G20140	49	65	53	72	90	47
AT5G03435	157	252	145	295	472	123
AT5G15300	25	28	27	26	46	26
AT5G47930	5876	3923	3643	4358	5227	4218
AT5G30490	376	341	337	339	400	356
AT5G22670	9	4	4	1	4	12
AT5G50150	1184	1581	1426	1223	1437	1295
AT5G14980	1	2	1	6	0	3
AT5G36190	0	0	0	0	0	0
AT5G54035	0	0	0	0	0	0
AT5G60860	379	361	440	223	165	206
AT5G09650	1827	1538	1335	2096	2527	1796
AT5G46030	986	825	835	851	901	866
AT5G36490	0	0	0	0	0	0
AT5G47670	14	2	1	6	3	9
AT5G04070	78	79	68	79	100	70
AT5G36240	1	0	2	2	1	3
AT5G49310	0	1	0	2	1	0
AT5G08370	471	505	410	412	474	277
AT5G02720	2	3	1	5	4	2
AT5G40830	431	444	380	421	531	218
AT5G02280	200	116	124	121	182	117
AT5G23060	34	34	36	21	66	18
AT5G65560	179	174	161	210	230	174
AT5G38743	4	13	8	8	5	7
AT5G40410	20	15	27	17	24	18
AT5G45700	292	382	322	443	549	342
AT5G57660	456	483	488	664	1001	551
AT5G66940	11	13	10	23	12	3
AT5G40630	52	34	46	33	37	35
AT5G16380	236	174	191	150	227	134
AT5G13900	198	169	190	79	93	128
AT5G32670	0	0	0	0	0	0
AT5G02710	55	38	26	48	45	33
AT5G07170	0	0	0	0	0	0
AT5G30360	0	0	0	0	0	0
AT5G03455	655	587	565	587	669	508
AT5G54520	114	82	66	94	151	97
AT5G55820	547	637	531	878	999	743
AT5G44950	0	0	0	0	0	0
AT5G60820	234	231	239	172	215	186
AT5G56480	0	0	0	0	0	0
AT5G09480	1207	1390	1864	752	883	845
AT5G23535	813	613	550	708	834	594
AT5G65200	246	263	304	218	256	237
AT5G27410	987	788	772	782	769	904
AT5G08580	486	531	450	548	676	482
AT5G39490	0	1	0	0	0	0
AT5G24420	37	81	86	43	27	21
AT5G61800	33	16	20	23	25	27
AT5G01445	23	26	10	17	13	16
AT5G02940	195	125	163	109	141	142
AT5G12080	847	642	803	901	1042	757
AT5G07010	761	1440	1373	767	1257	358
AT5G01530	628	496	296	402	885	300
AT5G53810	1	1	2	0	1	0
AT5G28820	0	0	0	0	0	0
AT5G19160	107	78	70	135	175	120
AT5G11430	367	415	370	495	505	396
AT5G49170	8	4	13	10	9	10
AT5G09225	261	178	178	213	205	176
AT5G08765	0	0	0	0	0	0
AT5G07805	0	0	0	0	0	0
AT5G03485	6	6	12	12	10	5
AT5G03525	0	0	0	0	0	0
AT5G07115	0	0	0	0	0	0
AT5G02425	0	0	0	0	0	0
AT5G02485	0	0	1	0	0	0
AT5G06455	0	0	0	0	0	0
AT5G09825	0	0	1	0	0	0
AT5G06635	0	0	0	0	0	0
AT5G00790	0	0	0	0	0	0
AT5G03515	0	0	0	0	0	0
AT5G07865	0	0	0	0	0	0
AT5G06875	0	0	0	0	0	0
AT5G07995	1	0	1	0	0	0
AT5G01045	0	0	0	0	0	0
AT5G08585	0	0	0	0	0	0
AT5G05235	0	0	0	1	0	0
AT5G05445	0	1	0	6	1	1
AT5G08165	0	0	0	0	0	0
AT5G03935	0	0	0	0	0	0
AT5G07445	0	0	0	0	0	0
AT5G02015	0	0	0	0	0	0
AT5G08975	1	0	0	1	0	0
AT5G05875	0	0	0	0	0	0
AT5G04715	0	0	0	0	0	0
AT5G00985	0	0	0	0	0	0
AT5G04205	18	15	8	6	3	2
AT5G00795	0	0	0	0	0	0
AT5G04865	0	0	0	0	0	0
AT5G08945	0	0	0	0	0	0
AT5G08665	0	0	0	0	0	0
AT5G05415	0	1	0	2	0	2
AT5G06735	0	0	0	0	0	0
AT5G00975	0	0	0	0	0	0
AT5G06495	0	0	0	0	0	0
AT5G06065	0	0	0	0	0	0
AT5G03215	0	0	0	0	0	0
AT5G09835	0	0	0	0	0	0
AT5G08485	0	0	0	0	0	0
AT5G08895	0	0	0	0	0	0
AT5G00940	0	0	0	0	0	0
AT5G04785	0	1	0	0	1	0
AT5G08265	0	0	0	0	0	0
AT5G05135	5	7	16	9	19	18
AT5G07555	0	5	4	1	1	0
AT5G06285	0	0	0	0	0	0
AT5G01575	1	0	0	0	0	0
AT5G02205	0	0	0	0	0	0
AT5G03615	0	0	0	0	0	0
AT5G07935	0	0	0	0	0	0
AT5G01855	0	0	0	0	0	0
AT5G06925	0	0	0	0	0	0
AT5G06785	0	0	0	0	0	0
AT5G00835	0	0	0	0	0	0
AT5G08455	0	0	0	0	0	0
AT5G01705	0	0	0	0	0	0
AT5G08955	0	0	0	0	0	0
AT5G04575	0	0	0	0	0	0
AT5G03915	0	0	0	0	0	0
AT5G08465	0	0	0	0	0	0
AT5G02765	0	0	0	0	0	0
AT5G03785	0	0	0	0	0	0
AT5G03275	0	0	0	0	0	0
AT5G04025	0	0	0	0	0	0
AT5G04595	0	0	0	0	0	0
AT5G07795	0	0	0	0	0	0
AT5G07845	0	0	0	0	0	0
AT5G09695	0	0	0	0	0	0
AT5G04325	0	0	0	0	0	0
AT5G06715	0	0	0	0	0	0
AT5G03645	0	0	0	0	0	0
AT5G06035	0	0	0	0	0	0
AT5G03565	0	0	0	0	0	0
AT5G07635	0	0	0	0	0	0
AT5G06345	0	0	0	0	0	0
AT5G03405	0	0	0	0	0	0
AT5G05625	0	0	0	0	0	0
AT5G03335	0	0	0	0	0	0
AT5G01395	0	0	0	0	0	0
AT5G07715	0	0	0	0	0	0
AT5G09190	0	0	0	0	0	0
AT5G01605	0	0	0	0	0	0
AT5G05605	0	0	0	0	0	0
AT5G01655	0	0	0	0	0	0
AT5G05065	0	0	0	0	0	0
AT5G06945	0	0	0	0	0	0
AT5G05835	0	0	0	0	0	0
AT5G09965	0	0	0	0	0	0
AT5G02075	0	0	0	0	0	0
AT5G04245	0	0	0	0	0	0
AT5G09205	0	0	0	0	0	0
AT5G04725	0	0	0	0	0	0
AT5G08385	0	0	0	0	0	0
AT5G05045	0	1	0	1	2	0
AT5G09465	2	0	0	0	0	0
AT5G04165	0	0	0	0	0	0
AT5G04815	0	0	0	0	0	0
AT5G00970	0	0	0	0	0	0
AT5G03465	0	0	0	0	0	0
AT5G09955	0	0	0	0	0	0
AT5G06405	0	0	0	0	0	0
AT5G01065	0	0	0	0	0	0
AT5G05545	0	0	0	0	0	0
AT5G01275	0	0	0	0	0	0
AT5G03395	0	0	0	0	0	0
AT5G01285	0	0	0	0	0	0
AT5G07905	0	0	0	0	0	0
AT5G03815	0	0	0	0	0	0
AT5G06545	0	0	0	0	0	0
AT5G07605	0	0	0	0	0	0
AT5G05925	1	0	0	0	0	0
AT5G04385	0	0	0	0	0	0
AT5G05335	0	0	0	0	0	0
AT5G07035	0	0	0	0	0	0
AT5G02865	0	0	0	0	0	0
AT5G08935	0	0	0	0	0	0
AT5G08065	0	0	0	0	0	0
AT5G01475	0	0	0	0	0	0
AT5G09455	0	0	0	0	0	0
AT5G06045	0	0	0	0	0	0
AT5G01155	0	0	0	0	0	0
AT5G09415	0	0	0	0	0	0
AT5G09425	0	0	0	0	0	0
AT5G00810	1	0	0	0	0	0
AT5G04855	0	0	0	0	0	0
AT5G05905	0	0	0	0	0	0
AT5G02835	0	0	0	0	0	0
AT5G07395	1	0	0	0	1	0
AT5G00845	0	0	0	0	0	0
AT5G08815	0	0	0	0	0	0
AT5G08735	0	0	0	0	0	0
AT5G05015	0	0	0	0	0	0
AT5G09675	0	0	0	0	0	0
AT5G06475	5	5	2	2	6	2
AT5G03075	0	0	0	0	0	0
AT5G05825	0	0	0	0	0	0
AT5G05855	0	0	0	0	0	0
AT5G04635	0	0	0	0	0	0
AT5G03325	0	0	0	0	0	0
AT5G07465	0	0	0	0	0	0
AT5G05805	3	1	1	2	1	2
AT5G04435	0	0	0	0	0	0
AT5G03095	0	0	0	0	0	0
AT5G05935	0	0	0	0	0	0
AT5G09895	0	0	0	0	0	0
AT5G07695	0	0	0	0	0	0
AT5G06595	0	0	0	0	0	0
AT5G07565	0	0	0	0	0	0
AT5G10965	74	98	103	96	127	101
AT5G02965	0	0	0	0	0	0
AT5G08645	0	0	0	0	0	0
AT5G05425	0	6	5	3	5	1
AT5G06855	0	0	0	0	0	0
AT5G01405	0	0	0	0	0	0
AT5G08445	1	0	7	0	2	4
AT5G05195	0	0	0	0	0	0
AT5G03845	0	0	0	0	0	0
AT5G03035	0	0	0	0	0	0
AT5G08855	0	0	0	0	0	0
AT5G07925	0	0	0	0	0	0
AT5G04225	0	0	0	0	0	0
AT5G08195	0	0	0	0	0	0
AT5G07195	0	0	0	0	0	0
AT5G04825	0	0	0	0	0	0
AT5G07705	0	0	0	0	0	0
AT5G06015	0	0	0	0	0	0
AT5G07495	0	0	0	0	0	0
AT5G02885	1	0	0	1	2	0
AT5G03055	0	0	0	0	0	0
AT5G02045	0	0	0	0	0	0
AT5G05555	0	0	0	0	0	0
AT5G06325	0	0	0	0	0	0
AT5G03595	0	0	0	0	0	0
AT5G08775	0	0	0	0	0	0
AT5G05755	0	0	0	0	0	0
AT5G04695	0	0	0	0	0	0
AT5G05275	0	3	4	2	0	0
AT5G01885	0	0	0	0	0	0
AT5G09775	0	0	0	0	0	0
AT5G01995	5	2	2	9	4	17
AT5G08655	0	0	0	0	0	0
AT5G09025	0	0	0	0	0	0
AT5G08970	0	0	0	0	0	0
AT5G03715	0	0	0	0	0	0
AT5G08755	0	0	0	0	0	0
AT5G02925	0	0	0	0	0	0
AT5G02805	0	0	0	0	0	0
AT5G02185	0	0	0	0	0	0
AT5G03625	0	0	0	0	0	0
AT5G04125	0	0	0	0	0	0
AT5G06885	1	3	3	1	4	3
AT5G05125	0	0	0	0	0	0
AT5G07295	0	0	0	0	0	0
AT5G06335	0	0	0	0	0	0
AT5G04615	0	0	0	0	0	0
AT5G03945	0	0	0	0	0	0
AT5G01665	0	0	0	0	0	0
AT5G05395	0	2	4	5	2	0
AT5G03685	0	0	0	0	0	0
AT5G01775	3	5	4	3	4	2
AT5G09605	0	0	0	0	0	0
AT5G01795	0	0	0	0	0	0
AT5G09235	0	0	0	0	0	0
AT5G00995	0	0	0	0	0	0
AT5G09215	0	0	0	0	0	0
AT5G09070	0	0	0	0	0	0
AT5G01385	0	0	0	0	0	0
AT5G05215	0	0	0	0	0	0
AT5G01245	0	0	0	0	0	0
AT5G03955	0	0	0	0	0	0
AT5G07915	0	0	0	0	0	0
AT5G00960	0	1	0	0	2	1
AT5G07185	0	0	0	0	0	0
AT5G05535	0	0	0	0	0	0
AT5G06795	0	0	0	0	0	0
AT5G07155	0	0	0	0	0	0
AT5G02795	0	0	0	0	0	0
AT5G08705	0	0	0	0	0	0
AT5G05325	0	0	0	0	0	0
AT5G09015	0	0	0	0	0	0
AT5G01685	0	0	0	0	0	0
AT5G06775	0	1	2	1	0	0
AT5G01485	0	0	0	0	0	0
AT5G09035	0	0	0	0	0	0
AT5G04585	0	0	0	0	0	0
AT5G07435	0	0	0	0	0	0
AT5G04445	0	0	0	0	0	0
AT5G06145	0	0	0	0	0	0
AT5G03115	0	0	0	0	0	0
AT5G04705	0	0	0	0	0	0
AT5G06425	0	0	0	0	0	0
AT5G08205	1	0	0	0	0	0
AT5G04035	0	0	0	0	0	0
AT5G09335	1	1	0	0	0	0
AT5G02345	0	0	0	0	0	0
AT5G04515	0	0	0	0	0	0
AT5G08375	0	0	0	0	0	0
AT5G06965	0	1	0	0	0	0
AT5G07615	0	0	1	0	0	0
AT5G05815	0	0	0	0	0	0
AT5G06415	0	0	0	0	0	0
AT5G08910	0	0	0	0	0	0
AT5G04675	0	0	0	0	0	0
AT5G08685	0	0	0	0	0	0
AT5G05585	0	0	0	0	0	0
AT5G04755	0	1	0	0	0	0
AT5G09875	0	0	0	0	0	0
AT5G04215	0	2	0	0	0	0
AT5G07535	0	0	0	0	0	0
AT5G05205	0	0	0	0	0	0
AT5G07485	0	0	0	0	0	2
AT5G09050	0	0	0	0	0	0
AT5G07945	0	0	0	0	0	0
AT5G04765	0	0	0	0	0	0
AT5G09110	0	0	0	0	0	1
AT5G08435	0	0	0	0	0	0
AT5G09145	0	0	0	0	0	0
AT5G01725	0	0	0	0	0	0
AT5G00955	0	0	0	0	0	0
AT5G02365	0	0	0	0	0	0
AT5G06575	0	0	0	0	0	0
AT5G03135	0	0	0	0	0	0
AT5G03695	0	0	0	0	0	0
AT5G09090	0	0	0	0	0	0
AT5G03605	0	0	0	0	0	0
AT5G08940	0	0	0	0	0	0
AT5G05455	0	0	0	0	0	0
AT5G06985	0	0	0	0	0	0
AT5G00740	3	1	4	0	0	1
AT5G08225	0	0	0	0	0	0
AT5G02775	0	0	0	0	0	0
AT5G07745	12	6	9	7	6	1
AT5G04365	0	0	0	0	0	0
AT5G01345	0	0	0	0	0	0
AT5G03765	0	0	0	0	0	0
AT5G00745	0	0	0	0	0	0
AT5G09105	0	0	0	0	0	0
AT5G04925	0	0	0	0	0	0
AT5G07835	0	0	0	0	0	0
AT5G08930	0	0	0	0	0	0
AT5G07955	0	0	0	0	0	0
AT5G06005	0	0	0	0	0	0
AT5G06025	0	0	0	0	0	0
AT5G07005	0	0	0	0	0	0
AT5G09715	0	0	0	0	0	0
AT5G02275	0	0	0	0	0	0
AT5G01105	0	0	0	0	0	0
AT5G09545	0	0	0	0	0	0
AT5G05565	0	0	0	0	0	0
AT5G03105	0	0	0	0	0	0
AT5G03925	0	0	0	0	0	0
AT5G07145	1	0	0	0	0	0
AT5G07425	0	0	0	0	0	0
AT5G08900	0	0	0	0	0	0
AT5G03155	1	0	0	0	0	0
AT5G06435	0	0	0	0	0	0
AT5G08105	0	0	0	0	0	0
AT5G07855	0	0	0	1	0	0
AT5G04775	0	0	0	0	0	0
AT5G09645	0	0	0	0	0	1
AT5G09705	0	0	0	0	0	0
AT5G00910	0	0	0	0	0	0
AT5G03025	0	0	0	0	0	0
AT5G06915	0	0	0	0	0	0
AT5G02945	1	0	0	0	0	0
AT5G01965	0	0	0	0	0	0
AT5G08015	0	0	0	0	0	0
AT5G09555	0	0	0	0	0	0
AT5G02495	0	0	0	0	0	0
AT5G06255	0	0	0	0	0	0
AT5G01415	0	0	0	0	0	0
AT5G09295	5	3	5	2	6	3
AT5G07325	13	9	3	4	11	2
AT5G01925	0	0	0	0	0	0
AT5G05255	0	0	0	0	0	0
AT5G04075	0	0	0	0	0	0
AT5G09165	0	0	0	0	0	0
AT5G00805	0	0	0	0	0	0
AT5G02935	0	0	0	0	0	0
AT5G08725	0	0	0	0	0	0
AT5G02335	0	0	0	0	0	0
AT5G02215	0	0	0	0	0	0
AT5G02645	0	0	0	0	0	0
AT5G05485	0	0	0	0	0	0
AT5G02465	0	0	0	0	0	0
AT5G03735	0	0	0	0	0	0
AT5G05105	0	0	0	0	0	0
AT5G08635	0	0	0	0	0	0
AT5G08715	0	0	0	1	1	1
AT5G08215	0	0	0	0	0	0
AT5G01825	0	0	0	0	0	0
AT5G08745	0	0	0	0	0	0
AT5G09375	0	0	0	0	0	0
AT5G07665	0	0	0	0	0	0
AT5G05895	0	0	0	0	0	0
AT5G02715	4	0	1	1	3	1
AT5G06745	0	0	0	0	0	0
AT5G06975	0	0	0	0	0	0
AT5G05155	0	0	0	0	0	0
AT5G07815	0	0	0	0	0	0
AT5G03005	0	0	2	1	1	1
AT5G05465	0	2	0	0	0	1
AT5G05845	0	0	0	0	0	0
AT5G03205	0	0	0	0	0	0
AT5G08675	0	0	0	0	0	0
AT5G02405	0	0	0	0	0	0
AT5G06085	0	0	0	0	0	0
AT5G04345	0	0	0	0	0	0
AT5G03295	0	1	1	0	0	0
AT5G00825	0	1	1	0	1	0
AT5G04135	0	0	0	0	0	0
AT5G09325	0	0	0	0	0	0
AT5G05695	2	0	2	0	0	1
AT5G06465	1	0	2	2	0	1
AT5G09100	0	0	0	0	0	0
AT5G02145	0	0	0	0	0	0
AT5G00950	0	0	0	0	0	0
AT5G03045	0	0	0	0	0	0
AT5G09635	1	0	0	0	0	0
AT5G05745	0	0	0	0	0	0
AT5G00840	0	0	0	0	0	0
AT5G06525	0	0	0	0	0	0
AT5G05495	0	0	0	0	0	0
AT5G04405	0	0	0	0	0	0
AT5G01425	0	0	0	0	0	0
AT5G02635	0	0	0	0	0	0
AT5G09045	0	0	0	0	0	0
AT5G06205	0	1	0	0	0	0
AT5G07385	0	0	0	0	0	0
AT5G07355	0	0	0	0	0	0
AT5G07205	0	0	0	0	0	0
AT5G08890	0	0	0	0	0	0
AT5G05525	1	1	3	1	1	0
AT5G05885	0	0	0	0	0	0
AT5G08915	0	0	0	0	0	0
AT5G03535	0	0	0	0	0	0
AT5G05265	0	0	0	0	0	0
AT5G06515	1	0	0	0	0	0
AT5G02395	0	0	0	1	0	0
AT5G05955	0	0	0	0	0	0
AT5G04115	0	0	0	0	0	0
AT5G09265	0	0	0	0	0	0
AT5G02265	0	0	0	0	0	0
AT5G07785	2	0	1	1	0	0
AT5G09065	2	0	0	0	0	0
AT5G07125	1	0	1	0	0	0
AT5G06880	0	0	0	0	0	0
AT5G04665	0	0	0	0	0	1
AT5G05475	0	0	0	0	0	0
AT5G07575	0	0	0	0	0	0
AT5G08605	0	1	0	0	0	0
AT5G05175	0	0	0	0	0	0
AT5G04195	0	0	0	0	0	0
AT5G09735	16	4	19	3	6	11
AT5G05705	0	0	1	0	0	0
AT5G01805	0	0	0	0	0	0
AT5G04795	0	0	0	0	0	0
AT5G08395	0	0	0	0	0	0
AT5G09915	0	0	0	0	0	0
AT5G05055	0	0	0	1	0	0
AT5G09255	0	0	0	0	0	0
AT5G06075	0	0	0	0	0	0
AT5G06995	0	0	0	0	0	0
AT5G00930	0	0	0	0	0	0
AT5G06185	0	0	0	0	0	0
AT5G09125	9	4	1	3	9	6
AT5G01565	0	0	0	0	0	0
AT5G09085	0	0	0	0	0	0
AT5G02685	0	0	0	0	0	0
AT5G08595	0	0	0	0	0	0
AT5G06585	7	24	7	14	15	8
AT5G09200	0	1	0	0	0	0
AT5G09095	0	0	0	0	0	0
AT5G03125	0	0	0	0	0	0
AT5G00935	0	0	0	0	0	0
AT5G09040	0	0	0	0	0	0
AT5G05075	0	0	3	0	0	0
AT5G02175	0	0	0	0	0	0
AT5G00855	0	0	0	0	0	0
AT5G03385	0	0	0	0	0	0
AT5G02855	0	0	0	0	0	0
AT5G02085	0	0	0	0	0	0
AT5G05515	1	0	0	0	0	2
AT5G01055	0	1	0	1	0	0
AT5G05725	0	0	0	0	0	0
AT5G02955	0	0	0	0	0	0
AT5G09885	0	0	0	0	0	0
AT5G02785	0	0	0	0	0	0
AT5G00730	0	0	0	0	0	0
AT5G09245	0	0	0	0	0	0
AT5G07255	0	0	0	0	0	0
AT5G01975	0	0	0	0	0	0
AT5G06275	0	0	0	0	2	0
AT5G09475	0	0	0	0	4	0
AT5G06935	0	0	0	0	0	0
AT5G01325	0	0	0	0	0	0
AT5G09765	19	5	28	5	7	20
AT5G09435	0	0	0	0	1	0
AT5G06365	0	0	0	0	0	0
AT5G00850	0	0	0	0	0	0
AT5G09365	0	0	0	0	0	0
AT5G08965	0	0	0	0	0	0
AT5G06705	1	0	0	0	0	0
AT5G00980	0	0	0	0	0	0
AT5G08035	0	0	1	0	1	0
AT5G04845	0	0	0	0	0	0
AT5G03015	1	1	0	0	0	0
AT5G02055	0	1	1	1	0	0
AT5G09815	0	0	0	0	0	0
AT5G03575	0	0	0	2	0	1
AT5G00735	0	0	1	0	0	0
AT5G08095	0	0	0	0	0	0
AT5G09615	0	0	0	0	0	0
AT5G06655	1	0	0	0	1	1
AT5G04685	0	0	0	0	0	0
AT5G05765	0	1	0	2	0	0
AT5G01585	0	0	0	0	0	0
AT5G09305	0	0	0	0	0	0
AT5G01115	0	0	0	0	0	0
AT5G00770	0	0	0	0	0	0
AT5G04055	0	0	0	0	0	0
AT5G03065	0	0	0	0	0	0
AT5G00775	1	3	1	0	0	0
AT5G01865	0	0	0	0	0	0
AT5G04355	3	2	6	1	0	0
AT5G03085	0	0	0	0	0	0
AT5G01465	0	0	0	0	0	0
AT5G05665	0	0	0	0	0	0
AT5G07585	0	0	0	0	0	0
AT5G09060	0	0	0	0	0	0
AT5G09055	0	0	0	0	0	0
AT5G02745	0	0	0	0	0	0
AT5G01535	0	0	0	0	0	0
AT5G06615	0	0	0	0	0	0
AT5G08905	0	0	0	0	0	0
AT5G02735	0	0	0	0	0	0
AT5G04625	0	0	0	0	0	0
AT5G07595	0	0	0	0	0	0
AT5G05685	0	0	0	0	0	0
AT5G05645	0	0	0	0	0	0
AT5G04605	0	0	0	0	0	0
AT5G03755	0	0	0	0	0	0
AT5G08045	0	0	0	0	0	0
AT5G06445	0	0	0	0	0	0
AT5G06535	14	15	22	19	11	42
AT5G02375	0	0	0	0	0	0
AT5G01455	0	0	0	0	0	0
AT5G01235	0	0	0	0	0	0
AT5G07455	7	13	11	6	2	4
AT5G08985	0	0	0	0	0	0
AT5G05095	0	0	0	0	0	0
AT5G02985	0	0	0	0	0	0
AT5G09665	0	0	0	0	0	0
AT5G04065	0	1	0	0	0	1
AT5G01985	3	7	6	18	10	25
AT5G08995	0	0	0	0	0	0
AT5G00800	0	0	0	0	0	0
AT5G04505	0	0	0	0	0	0
AT5G09505	0	0	0	0	0	0
AT5G02355	0	0	0	0	0	0
AT5G01955	0	0	0	0	0	0
AT5G08785	0	0	0	0	0	0
AT5G08085	0	0	0	0	0	0
AT5G06845	43	44	23	30	45	13
AT5G09195	0	0	0	2	0	0
AT5G01695	0	0	0	0	0	0
AT5G01875	0	0	0	0	0	0
AT5G01635	0	0	0	0	0	0
AT5G07365	3	1	3	0	2	4
AT5G06675	0	0	0	0	0	0
AT5G07825	0	0	0	0	0	0
AT5G04525	0	0	0	0	0	0
AT5G06765	0	0	0	0	0	0
AT5G08475	0	0	0	0	0	0
AT5G04495	2	0	0	0	0	0
AT5G08845	0	0	0	0	0	0
AT5G09170	0	0	0	0	0	0
AT5G04745	0	0	0	0	0	0
AT5G08615	0	1	0	1	1	0
AT5G00925	0	0	0	0	0	0
AT5G01265	0	0	1	0	0	0
AT5G03965	0	0	0	0	0	0
AT5G08875	4	5	2	5	2	0
AT5G04175	1	4	1	0	0	0
AT5G05865	0	0	0	0	0	0
AT5G09865	0	0	0	0	0	0
AT5G02445	0	0	0	0	0	0
AT5G02535	0	0	0	0	0	0
AT5G02115	0	5	0	0	1	2
AT5G03315	0	0	0	0	0	0
AT5G06245	0	0	0	0	0	0
AT5G06395	5	11	12	4	3	10
AT5G03835	0	0	0	0	0	0
AT5G09185	0	0	0	0	0	0
AT5G48775	165	121	143	138	155	139
AT5G04005	0	0	0	0	0	0
AT5G65575	261	181	207	233	255	209
AT5G03975	0	0	0	0	0	0
AT5G00880	0	0	0	0	0	0
AT5G63195	1	5	4	1	1	1
AT5G09535	1	0	0	0	0	0
AT5G00820	0	0	0	0	0	0
AT5G64572	116	163	100	57	52	50
AT5G08820	0	0	0	0	0	0
AT5G09395	24	17	19	27	28	31
AT5G02455	0	0	0	0	0	0
AT5G00780	51	29	30	22	27	21
AT5G41612	67	59	53	75	85	59
AT5G01945	1	0	0	0	0	0
AT5G03668	1	2	1	2	0	1
AT5G49152	2	4	1	0	2	1
AT5G08175	4	1	2	1	1	2
AT5G03875	0	0	0	0	0	0
AT5G38212	177	178	152	192	193	160
AT5G01545	0	0	0	0	0	1
AT5G03255	31	30	41	55	55	35
AT5G09385	0	0	0	0	0	0
AT5G03825	0	0	0	0	0	0
AT5G02875	0	0	0	0	0	0
AT5G01675	1	0	0	0	0	2
AT5G05435	108	103	115	76	84	81
AT5G44562	5	2	7	2	3	4
AT5G07015	5	3	2	2	2	1
AT5G09030	0	0	0	0	0	0
AT5G08920	8	9	12	10	9	16
AT5G04375	0	0	0	0	0	0
AT5G01005	1	4	1	1	1	1
AT5G00905	8	6	6	14	18	18
AT5G00865	0	1	0	1	0	0
AT5G03175	0	0	0	0	0	0
AT5G09155	5	5	1	3	1	2
AT5G00990	1	1	0	0	0	1
AT5G09565	0	0	0	0	1	3
AT5G00815	0	2	0	0	0	2
AT5G01295	6	5	7	4	7	10
AT5G36002	332	347	343	274	206	234
AT5G00920	0	0	0	0	0	0
AT5G04015	0	1	0	0	0	0
AT5G09285	0	2	3	0	3	2
AT5G08235	0	0	0	1	2	1
AT5G07265	0	0	0	0	0	0
AT5G09855	1	10	1	2	5	0
AT5G01645	0	0	0	1	0	1
AT5G09405	0	0	0	0	0	0
AT5G01595	11	15	10	22	19	15
AT5G09845	0	0	0	0	0	0
AT5G09120	10	7	11	10	9	6
AT5G02905	0	0	0	0	0	0
AT5G08885	1	0	0	0	0	0
AT5G02195	2	2	1	1	0	3
AT5G08275	8	9	17	6	7	3
AT5G15022	1	0	0	0	0	0
AT5G03195	0	0	0	0	0	0
AT5G19221	51	55	51	59	68	55
AT5G06865	39	26	5	9	11	10
AT5G09785	0	0	0	0	0	0
AT5G01815	17	9	13	15	18	14
AT5G08825	9	7	5	6	7	9
AT5G07025	0	0	0	0	0	0
AT5G03165	1	0	0	0	0	0
AT5G03585	70	90	121	82	105	67
AT5G08880	0	0	0	0	1	5
AT5G06695	0	0	0	0	0	0
AT5G02705	0	0	0	0	0	0
AT5G08960	2	0	0	0	0	0
AT5G09925	1	0	0	0	0	0
AT5G08835	246	146	155	155	182	179
AT5G07525	0	0	0	1	0	0
AT5G00870	1	1	1	1	0	0
AT5G01175	69	40	36	74	112	50
AT5G07885	33	11	17	19	22	21
AT5G09685	0	0	0	0	0	0
AT5G01215	133	137	145	116	131	107
AT5G01095	1	2	0	1	0	1
AT5G09160	0	0	0	0	0	0
AT5G01255	0	17	1	1	5	0
AT5G07515	1	3	3	3	4	3
AT5G08830	0	0	0	0	0	0
AT5G01375	0	0	0	0	1	0
AT5G08870	0	1	0	0	0	1
AT5G45472	262	273	249	259	324	270
AT5G06295	0	0	0	0	0	0
AT5G02225	1	0	0	0	0	0
AT5G04185	0	0	0	0	0	0
AT5G67488	25	22	28	15	18	10
AT5G02525	0	0	0	0	0	0
AT5G40348	30	22	26	13	3	13
AT5G66558	102	90	83	68	70	60
AT5G07975	0	1	0	0	0	0
AT5G07985	484	526	729	407	224	395
AT5G01732	26	41	24	15	13	27
AT5G01555	0	0	0	0	1	1
AT5G02125	0	1	0	2	2	2
AT5G06665	0	0	0	0	0	0
AT5G01542	13	15	20	13	8	14
AT5G59732	35	44	57	40	79	39
AT5G09275	0	0	0	0	0	1
AT5G02515	0	0	0	1	0	0
AT5G09135	0	0	0	0	0	0
AT5G07152	30	19	32	49	40	37
AT5G06505	0	0	0	0	0	0
AT5G08840	4	1	1	5	5	8
AT5G09175	66	68	82	93	90	77
AT5G02095	6	3	3	6	5	5
AT5G00785	0	0	0	0	0	0
AT5G08135	0	0	0	0	0	0
AT5G00900	0	0	0	0	0	0
AT5G01435	1	2	0	0	0	0
AT5G09443	79	46	32	56	90	49
AT5G02695	0	0	0	0	0	0
AT5G18245	184	175	178	214	206	192
AT5G02605	0	0	0	0	0	0
AT5G03635	0	1	1	2	1	0
AT5G18255	321	231	255	262	294	272
AT5G42092	10	13	7	7	13	7
AT5G01315	0	0	2	0	0	2
AT5G07895	0	0	0	0	0	0
AT5G01205	0	0	0	0	2	0
AT5G08980	0	1	0	0	0	1
AT5G03235	0	0	0	0	0	0
AT5G03245	0	0	0	0	0	0
AT5G01125	0	0	0	0	0	0
AT5G03805	9	18	5	18	11	9
AT5G54569	111	74	88	95	120	110
AT5G53048	5	5	0	2	1	5
AT5G03985	0	1	0	0	0	0
AT5G01935	53	40	29	38	35	39
AT5G02755	0	1	0	0	0	0
AT5G04905	0	1	1	0	0	0
AT5G06155	2	6	5	2	9	8
AT5G15845	40	61	49	52	57	41
AT5G06385	8	10	10	4	15	10
AT5G00895	0	2	0	0	1	4
AT5G02595	0	0	0	0	0	0
AT5G05995	0	0	0	1	5	4
AT5G08990	0	3	0	0	0	0
AT5G07285	1	1	0	0	3	0
AT5G06235	27	28	31	28	27	37
AT5G03185	0	0	0	0	1	1
AT5G08285	6	3	3	2	2	2
AT5G16235	3	3	1	0	7	0
AT5G01615	0	0	0	0	0	0
AT5G02415	0	0	0	0	0	0
AT5G09150	0	0	0	0	0	0
AT5G26146	0	0	1	1	2	0
AT5G49138	0	2	3	0	0	0
AT5G00875	5	8	6	4	2	3
AT5G07275	3	1	0	3	2	2
AT5G00860	0	0	1	0	0	0
AT5G60022	19	21	18	29	25	31
AT5G00965	0	1	0	0	0	0
AT5G03375	0	0	0	0	0	0
AT5G01835	0	1	2	0	1	3
AT5G02105	0	1	0	0	0	0
AT5G08950	0	0	0	0	0	0
AT5G02155	0	1	0	0	0	0
AT5G59662	3	3	2	2	3	2
AT5G04335	0	0	0	0	0	0
AT5G08425	5	7	1	2	2	2
AT5G01765	0	0	0	0	0	0
AT5G02895	43	34	28	61	39	41
AT5G20225	1	1	2	0	0	0
AT5G09595	99	71	59	87	92	90
AT5G05975	0	0	0	0	0	0
AT5G02555	1	1	0	1	3	1
AT5G04935	0	0	0	0	0	0
AT5G41905	0	0	0	0	0	0
AT5G04995	0	0	0	0	0	0
AT5G41663	0	0	1	0	0	1
AT5G04975	0	0	0	0	0	0
AT5G59505	0	2	0	0	0	0
AT5G24825	0	0	0	1	2	0
AT5G04275	1	0	0	0	0	0
AT5G06105	0	0	0	0	0	0
AT5G04955	0	0	0	0	0	0
AT5G02035	0	0	0	0	0	0
AT5G03305	0	0	0	0	0	0
AT5G06175	0	0	0	0	0	0
AT5G10945	0	0	2	0	1	0
AT5G07055	0	0	0	0	0	0
AT5G01915	0	0	0	0	0	0
AT5G01735	0	0	0	0	0	0
AT5G04915	0	0	0	2	0	0
AT5G14565	0	1	1	1	0	2
AT5G14545	25	34	35	4	6	7
AT5G04965	0	0	0	0	0	0
AT5G07655	1	0	0	0	0	0
AT5G55835	0	0	0	0	0	0
AT5G26147	0	0	0	0	0	0
AT5G07965	0	0	0	0	0	0
AT5G39635	1	0	0	0	0	1
AT5G40384	0	0	0	0	0	0
AT5G11977	0	0	3	0	0	0
AT5G03145	0	0	0	0	0	0
AT5G07075	0	0	0	0	0	0
AT5G39693	1	1	0	0	0	0
AT5G26038	0	0	0	0	0	0
AT5G08255	0	0	0	0	0	0
AT5G62848	0	0	0	0	0	0
AT5G52797	0	0	0	0	0	0
AT5G05505	0	0	0	0	0	0
AT5G08210	0	2	0	3	3	1
AT5G66045	2	0	0	1	0	3
AT5G62162	0	0	0	0	0	0
AT5G08800	0	0	0	0	0	0
AT5G46845	1	2	0	1	1	1
AT5G04415	0	0	0	0	0	0
AT5G01747	4	6	0	0	2	0
AT5G45307	0	1	0	0	0	0
AT5G23065	0	0	0	0	0	0
AT5G15833	0	0	0	0	0	0
AT5G05005	0	0	0	0	0	0
AT5G05185	0	0	0	0	0	0
AT5G03425	0	0	0	0	0	0
AT5G50717	0	0	0	0	0	0
AT5G03475	4	3	5	4	7	1
AT5G01755	0	0	0	0	0	0
AT5G03225	0	0	0	0	0	0
AT5G35407	0	0	0	0	0	0
AT5G08185	23	22	26	17	28	26
AT5G08925	0	0	0	0	0	0
AT5G03265	0	0	0	0	0	0
AT5G13887	3	0	1	4	1	0
AT5G58465	0	0	0	0	0	0
AT5G60408	0	0	0	0	0	0
AT5G06605	0	0	0	0	0	0
AT5G04255	0	0	0	0	0	0
AT5G27807	2	0	0	0	0	0
AT5G07065	0	0	0	0	0	0
AT5G05035	0	0	0	0	0	0
AT5G43603	0	0	0	0	0	0
AT5G05315	0	1	0	0	0	0
AT5G63715	0	0	0	0	0	0
AT5G08717	0	0	0	0	0	0
AT5G03552	45	33	22	74	70	52
AT5G08712	0	0	0	0	0	0
AT5G04145	0	0	0	0	0	0
AT5G05915	0	0	0	0	0	0
AT5G04985	0	0	0	0	0	0
AT5G07875	0	0	0	0	0	0
AT5G01745	0	0	0	0	0	0
AT5G01785	0	0	0	0	0	0
AT5G06565	0	0	0	0	0	0
AT5G08865	0	0	0	0	0	0
AT5G05375	0	0	0	0	0	0
AT5G01495	2	2	2	1	2	0
AT5G51174	1	1	0	3	3	2
AT5G09130	0	0	0	0	0	0
AT5G44286	0	0	0	1	0	0
AT5G02675	0	0	0	0	0	0
AT5G52471	2	1	0	1	1	0
AT5G02315	0	0	0	0	0	0
AT5G08805	0	0	0	0	0	0
AT5G58595	0	0	1	0	0	0
AT5G06305	0	0	0	0	0	0
AT5G06835	4	8	0	5	2	6
AT5G02325	0	0	0	0	0	0
AT5G08850	0	0	0	0	0	0
AT5G09020	0	1	1	0	0	0
AT5G08860	1	0	0	1	0	0
AT5G02295	0	0	0	0	0	0
AT5G09000	0	0	0	0	0	0
AT5G53902	10	6	4	6	9	9
AT5G09515	0	0	0	0	0	0
AT5G07725	2	9	3	1	6	1
AT5G66564	3	0	1	2	1	0
AT5G00755	2	0	0	0	0	0
AT5G08515	1	4	2	6	3	7
AT5G04945	0	0	0	0	0	0
AT5G07105	0	2	0	0	0	0
AT5G66567	1	0	0	0	1	2
AT5G09005	0	0	0	1	0	0
AT5G54075	2	0	0	2	3	3
AT5G13225	0	0	0	0	0	0
AT5G02305	0	0	0	0	0	0
AT5G07095	0	0	0	0	1	1
AT5G02665	1	0	0	0	0	0
AT5G10572	1	0	1	2	1	0
AT5G02915	1	0	0	1	0	0
AT5G01515	3	2	1	2	2	1
AT5G01195	0	0	0	0	0	0
AT5G05385	0	0	0	0	0	0
AT5G41471	12	2	6	11	14	6
AT5G00760	3	5	2	2	5	4
AT5G01505	0	0	5	3	0	2
AT5G00765	0	0	0	3	2	1
AT5G04425	7	3	1	2	4	5
AT5G02575	10	7	3	5	4	6
AT5G00750	0	0	0	0	0	0
AT5G09495	0	0	0	0	0	0
AT5G01165	0	0	0	0	0	0
AT5G01145	0	0	0	0	0	0
AT5G06825	3	1	0	0	2	3
AT5G04545	0	0	0	0	0	0
AT5G08525	3	4	0	1	1	2
AT5G07735	0	0	0	0	0	1
AT5G08495	4	2	2	2	0	2
AT5G02565	3	3	0	3	0	4
AT5G66562	1	0	1	0	0	0
AT5G06115	0	0	0	0	0	0
AT5G02655	0	0	0	0	0	0
AT5G01135	0	1	0	0	2	1
AT5G09945	0	0	0	0	0	0
AT5G08810	0	1	0	0	0	0
AT5G02255	0	0	0	1	0	0
AT5G04085	2	1	2	3	0	0
AT5G07345	0	0	0	0	0	0
AT5G09010	0	0	0	0	0	0
AT5G04465	2	0	0	0	1	0
AT5G02245	0	0	0	0	0	0
AT5G04105	15	4	7	12	11	9
AT5G04315	0	0	0	0	0	0
AT5G04455	1	3	0	2	3	4
AT5G09585	1	4	2	4	0	1
AT5G06815	0	0	0	0	0	0
AT5G46315	0	0	0	0	0	0
AT5G40395	3	0	1	1	3	1
AT5G09140	0	0	0	0	0	0
AT5G61455	1	2	3	0	0	0
AT5G08025	0	0	0	0	0	0
AT5G07775	0	0	0	0	0	0
AT5G07335	0	0	0	0	0	0
AT5G08115	0	0	0	0	0	0
AT5G07415	0	0	0	0	0	0
AT5G06055	0	0	0	0	0	0
AT5G04305	0	0	0	0	0	0
AT5G01845	0	0	0	0	0	0
AT5G09080	0	0	0	0	0	0
AT5G07405	0	0	0	0	0	0
AT5G40545	0	0	0	0	0	0
AT5G46105	0	0	0	0	0	0
AT5G02815	0	0	0	0	0	0
AT5G02025	0	0	0	0	0	0
AT5G55505	0	0	0	0	0	0
AT5G07315	0	0	0	0	0	0
AT5G51055	0	0	0	0	0	0
AT5G41265	0	0	0	0	0	0
AT5G65305	0	0	0	0	0	0
AT5G44375	0	0	0	0	0	0
AT5G65615	0	0	0	0	0	0
AT5G10525	0	0	0	0	0	0
AT5G05985	0	0	0	0	0	0
AT5G41675	0	0	0	0	0	0
AT5G61345	0	0	0	0	0	0
AT5G25625	0	0	0	0	0	0
AT5G54365	0	0	0	0	0	0
AT5G18005	0	0	0	0	0	0
AT5G65015	0	0	0	0	0	0
AT5G40945	0	0	0	0	0	0
AT5G11325	0	0	0	0	0	0
AT5G65445	0	0	0	0	0	0
AT5G15175	0	0	0	0	0	0
AT5G02435	0	0	0	0	0	0
AT5G55045	0	0	0	0	0	0
AT5G13845	0	0	0	0	0	0
AT5G48465	0	0	0	0	0	0
AT5G59385	3	4	1	4	4	3
AT5G67455	0	0	0	0	0	0
AT5G14035	0	0	0	0	0	0
AT5G18085	0	0	0	0	0	0
AT5G03775	0	0	0	0	0	0
AT5G38905	0	0	0	0	0	0
AT5G60285	14	5	8	3	11	12
AT5G20854	0	0	0	0	0	0
AT5G09975	0	0	0	0	0	0
AT5G10455	0	0	0	0	0	0
AT5G18015	0	0	0	0	0	0
AT5G11225	0	0	0	0	0	0
AT5G56975	0	0	0	0	0	0
AT5G07135	0	0	0	0	0	0
AT5G45745	0	0	0	0	0	0
AT5G46595	0	0	0	0	0	0
AT5G45715	0	0	0	0	0	0
AT5G02725	0	0	0	0	0	0
AT5G60966	0	0	0	0	0	0
AT5G52355	0	0	0	0	0	0
AT5G43455	0	0	0	0	0	0
AT5G59055	0	0	0	0	0	0
AT5G20858	0	0	0	0	0	0
AT5G02615	0	0	0	0	0	0
AT5G37795	0	0	0	0	0	0
AT5G01365	0	0	0	0	0	0
AT5G44705	0	0	0	0	0	0
AT5G38155	0	0	0	0	0	0
AT5G16375	0	0	0	0	0	0
AT5G52495	0	0	0	0	0	0
AT5G61445	0	0	0	0	0	0
AT5G06125	0	0	0	0	0	0
AT5G50995	0	0	0	0	0	0
AT5G61835	0	0	0	0	0	0
AT5G07675	0	0	0	0	0	0
AT5G19095	0	0	0	0	0	0
AT5G20852	0	0	0	0	0	0
AT5G25585	0	0	0	0	0	0
AT5G03745	0	0	0	0	0	0
AT5G66817	0	0	0	0	0	0
AT5G22315	0	0	0	0	0	0
AT5G54375	0	0	0	0	0	0
AT5G64735	0	0	0	0	0	0
AT5G05945	0	0	0	0	0	0
AT5G09655	0	0	0	0	0	0
AT5G15805	0	0	0	0	0	0
AT5G57885	0	0	0	0	0	0
AT5G10235	0	0	0	0	0	0
AT5G03705	0	0	0	0	0	0
AT5G64855	0	0	2	0	1	0
AT5G48835	0	0	0	0	0	0
AT5G06685	0	0	0	0	0	0
AT5G44283	0	0	0	0	0	0
AT5G18755	0	0	0	0	0	0
AT5G55055	0	0	0	0	0	0
AT5G64505	0	0	0	0	0	0
AT5G32017	0	0	0	0	0	0
AT5G54865	0	0	0	0	0	0
AT5G48675	0	0	0	0	0	0
AT5G21378	0	0	0	0	0	0
AT5G60963	0	0	0	0	0	0
AT5G03452	0	0	0	0	0	0
AT5G52815	0	0	0	0	0	0
AT5G39895	0	0	0	0	0	0
AT5G65535	0	0	0	0	0	0
AT5G08075	0	0	0	0	0	0
AT5G50805	0	0	0	0	0	0
AT5G09755	0	0	0	0	0	0
AT5G05795	0	0	0	0	0	0
AT5G20856	0	0	0	0	0	0
AT5G56365	0	0	0	0	0	0
AT5G46325	0	0	0	0	0	0
AT5G03445	0	0	0	0	0	0
AT5G59395	0	0	0	0	0	0
AT5G66755	0	0	0	0	0	0
AT5G39535	0	0	0	0	0	0
AT5G41605	0	0	0	0	0	0
AT5G66535	0	0	0	0	0	0
AT5G02385	0	0	0	0	1	0
AT5G53487	0	0	0	0	0	0
AT5G23665	0	0	0	0	0	0
AT5G11475	0	0	0	0	0	0
AT5G63145	0	0	0	0	0	0
AT5G15815	0	0	0	0	0	0
AT5G59945	0	0	0	0	0	0
AT5G56745	0	0	0	0	0	0
AT5G07625	0	0	0	0	0	0
AT5G66568	0	0	0	0	0	0
AT5G14495	0	0	0	0	0	0
AT5G35605	0	0	0	0	0	0
AT5G27715	0	0	0	0	0	0
AT5G43535	0	0	0	0	0	0
AT5G09345	0	0	0	0	0	0
AT5G49435	0	0	0	0	0	0
AT5G58495	0	0	0	0	0	0
AT5G02505	0	0	0	0	0	0
AT5G50190	0	0	0	0	0	0
AT5G57735	0	0	0	0	0	0
AT5G02825	0	0	0	0	0	0
AT5G07322	1530	1333	1829	533	607	873
AT5G06165	1	0	2	0	1	1
AT5G48412	396	335	316	343	398	250
AT5G44569	25	23	18	20	31	23
AT5G00885	0	0	0	0	0	0
AT5G45475	0	0	0	0	0	0
AT5G40316	2	0	0	1	1	2
AT5G33399	2	2	3	8	1	4
AT5G06955	0	0	0	0	0	0
AT5G08125	0	0	0	0	0	0
AT5G49615	0	1	2	0	0	0
AT5G08575	0	0	0	0	0	0
AT5G28824	1	0	0	0	0	0
AT5G37485	52	33	39	9	22	23
AT5G43403	142	111	120	112	136	120
AT5G38005	102	90	166	101	113	75
AT5G02135	0	0	0	0	0	0
AT5G34871	0	0	0	0	0	1
AT5G28262	12	8	6	7	11	8
AT5G43725	14	16	13	15	17	10
AT5G23410	70	46	47	51	83	31
AT5G05295	0	0	1	1	0	2
AT5G22788	8	4	9	5	9	3
AT5G33439	0	0	0	0	0	0
AT5G06095	0	0	0	0	0	0
AT5G05785	3	6	3	0	6	1
AT5G24205	4	9	4	6	9	5
AT5G03285	13	3	10	9	5	12
AT5G24206	3	4	4	8	2	3
AT5G23155	45	41	36	29	38	32
AT5G02975	0	0	0	0	0	0
AT5G40275	1	3	4	1	3	0
AT5G10278	31	31	29	46	32	29
AT5G24735	597	512	559	472	617	503
AT3G18710	847	858	1129	873	1126	1165
AT3G07950	1108	913	944	1008	1146	874
AT3G51870	135	220	145	154	146	118
AT3G18310	150	161	127	150	225	118
AT3G25717	175	134	109	86	142	68
AT3G48330	517	491	506	394	489	390
AT3G46440	2749	2390	2491	2014	2351	2009
AT3G53910	0	0	0	0	0	0
AT3G16830	1587	1961	1922	1896	2251	2102
AT3G03305	348	417	412	342	432	308
AT3G03272	8	12	3	8	1	8
AT3G28960	4	3	8	5	6	4
AT3G10210	366	323	313	285	389	362
AT3G09680	20	22	14	13	21	19
AT3G63470	390	318	321	361	463	413
AT3G46920	456	504	467	542	567	521
AT3G57080	314	264	251	305	469	322
AT3G13820	0	3	0	1	5	0
AT3G49770	1	0	0	1	0	0
AT3G56070	1609	971	913	1344	1424	1122
AT3G15251	1	1	2	1	7	4
AT3G02780	5557	3218	3630	3171	3569	3534
AT3G52460	49	51	66	42	51	50
AT3G55380	457	443	413	447	571	423
AT3G44560	0	0	0	0	1	0
AT3G56520	0	0	0	0	0	0
AT3G27970	6	8	0	1	2	1
AT3G17420	1548	1548	1797	1262	1323	1141
AT3G08780	792	734	718	704	723	710
AT3G55660	390	457	343	531	674	439
AT3G48480	13	20	6	16	26	9
AT3G02740	570	559	495	542	675	517
AT3G63400	1576	1257	1197	1552	1705	1489
AT3G06130	815	862	1073	1161	1513	1167
AT3G05660	2	3	5	0	2	0
AT3G17140	0	0	1	0	0	0
AT3G24110	114	131	103	144	189	137
AT3G20920	1342	1005	921	1058	1146	918
AT3G54830	20	14	5	24	29	18
AT3G09190	76	45	59	89	145	72
AT3G05545	1283	1165	1165	1213	1536	1203
AT3G26470	2359	2444	3309	1631	1263	1875
AT3G51100	567	491	467	460	532	522
AT3G29580	1	0	0	1	0	2
AT3G28370	272	211	250	180	212	201
AT3G26840	611	854	1098	362	391	517
AT3G29010	190	189	199	235	230	310
AT3G10450	88	45	47	44	86	45
AT3G14510	40	36	24	57	69	46
AT3G28930	176	171	131	221	197	231
AT3G52950	991	989	1165	497	602	523
AT3G57620	0	0	0	0	0	0
AT3G50670	2576	2203	2201	2399	2736	2414
AT3G44080	0	0	0	0	0	0
AT3G50370	4787	5422	5203	5614	6725	5703
AT3G09550	16	24	10	19	34	20
AT3G07568	582	433	384	494	483	394
AT3G48670	1170	1218	1020	1387	1531	1128
AT3G11270	482	350	404	367	463	369
AT3G08530	8994	9889	9409	9768	11461	10002
AT3G22380	3175	3370	3457	4452	5867	4363
AT3G05140	36	24	26	40	35	27
AT3G29750	0	0	0	0	0	0
AT3G54500	511	369	701	654	725	564
AT3G52760	266	224	216	268	271	234
AT3G27460	311	290	319	264	322	261
AT3G62780	88	106	118	75	76	90
AT3G28210	450	448	459	134	153	276
AT3G47675	103	109	90	129	129	111
AT3G25060	15	13	6	16	18	8
AT3G26240	192	130	167	148	193	147
AT3G04860	56	50	48	70	119	55
AT3G55990	790	956	913	813	1067	755
AT3G43940	0	0	0	0	0	0
AT3G09920	577	747	683	958	1238	1156
AT3G54900	404	482	506	469	645	444
AT3G16500	893	1127	934	1469	2650	1013
AT3G12910	5	9	6	0	6	9
AT3G18510	103	60	80	94	95	72
AT3G25730	1435	1925	2694	356	367	430
AT3G48680	1632	1506	1540	1515	1851	1477
AT3G63360	63	30	68	38	31	54
AT3G18010	0	0	0	0	0	0
AT3G01250	0	0	0	0	0	0
AT3G46070	8	16	9	29	20	18
AT3G19120	429	362	345	465	640	437
AT3G21305	23	38	35	16	11	38
AT3G01840	34	31	33	29	56	42
AT3G14290	2033	1618	1552	1569	1827	1530
AT3G23090	1393	1732	1735	1685	2410	1905
AT3G08690	539	556	575	478	494	415
AT3G48540	55	39	22	35	47	23
AT3G48343	7	16	14	1	6	4
AT3G54300	806	737	773	714	810	682
AT3G36659	0	0	0	0	0	0
AT3G58970	505	504	410	472	542	366
AT3G13010	1	2	0	0	2	0
AT3G01820	1756	1678	1981	1340	1199	1490
AT3G54630	127	127	122	194	265	162
AT3G45720	12	16	9	30	13	13
AT3G15548	0	0	0	0	0	0
AT3G54530	4	4	2	1	10	28
AT3G62900	1391	1535	1582	1606	1816	1631
AT3G54410	3	2	0	2	4	2
AT3G22320	1397	1160	1138	1151	1427	1145
AT3G57440	3	7	4	6	3	5
AT3G09700	182	113	138	152	139	106
AT3G50390	2	6	8	4	4	1
AT3G23070	344	320	322	378	524	355
AT3G14360	209	228	177	205	251	165
AT3G01550	9	34	9	7	6	0
AT3G58010	198	177	191	178	216	184
AT3G03740	851	935	869	797	852	767
AT3G53900	198	217	166	263	334	228
AT3G08970	72	51	49	48	56	48
AT3G62620	155	153	124	159	187	158
AT3G51780	459	441	422	404	480	328
AT3G14880	2	4	8	5	5	8
AT3G45600	1059	864	1054	998	1114	862
AT3G25573	6	5	3	1	2	2
AT3G59110	799	792	667	596	737	625
AT3G04570	1300	1327	1488	1308	1774	1743
AT3G10320	66	47	46	55	49	54
AT3G02640	1049	1241	907	1113	1283	830
AT3G03110	588	676	667	724	763	644
AT3G28917	4	0	1	1	0	1
AT3G19960	1430	1574	1531	1230	1529	1148
AT3G14820	1	1	0	0	0	0
AT3G45630	706	783	647	733	914	740
AT3G18905	1	0	0	0	4	0
AT3G20560	538	478	491	460	538	453
AT3G12050	1373	1140	1161	1289	1429	1200
AT3G03341	195	132	123	6	14	12
AT3G50120	65	40	41	43	57	43
AT3G15970	992	862	782	872	1089	849
AT3G01970	92	121	120	117	137	132
AT3G47670	562	511	528	571	637	590
AT3G26810	703	575	470	683	1048	628
AT3G27190	1447	1262	1396	1328	1546	1462
AT3G26512	1	0	1	3	0	0
AT3G10130	85	90	67	56	87	71
AT3G54826	329	312	286	278	343	268
AT3G08040	517	396	322	510	638	605
AT3G10680	111	179	120	153	173	164
AT3G52590	15797	10574	10085	12677	13825	12052
AT3G54920	2414	2620	2078	2360	2829	2210
AT3G22040	0	0	0	0	0	0
AT3G47836	620	458	417	466	532	466
AT3G44570	4	1	0	0	1	1
AT3G02590	5	32	31	21	26	27
AT3G18430	531	400	410	407	466	372
AT3G44735	508	635	500	304	303	358
AT3G57570	510	548	586	508	593	470
AT3G28300	0	0	0	0	0	0
AT3G23830	1684	951	998	1489	1568	1345
AT3G32980	10761	13598	11270	13163	16606	12248
AT3G25030	96	98	80	114	146	88
AT3G62200	222	287	246	276	286	244
AT3G54060	19	15	13	35	18	9
AT3G19830	1963	2315	2973	1064	748	1294
AT3G43810	5391	4092	4106	4150	4576	3936
AT3G03780	6994	8304	8630	7469	9242	5628
AT3G01030	0	0	1	1	3	0
AT3G54110	2762	2728	2445	2491	2508	2345
AT3G44230	0	1	0	0	0	0
AT3G24780	54	60	49	78	90	93
AT3G06150	312	375	307	358	590	283
AT3G52750	286	272	264	291	339	215
AT3G13600	1693	1573	1830	1059	1026	1656
AT3G15380	490	715	620	590	765	540
AT3G45390	22	7	19	41	45	49
AT3G13222	795	738	682	941	1188	981
AT3G56660	5	4	3	9	14	3
AT3G28680	0	0	0	0	0	0
AT3G51880	1685	1552	1677	1617	1892	1888
AT3G18035	1764	1508	1316	1760	2247	1747
AT3G14400	1382	1331	1309	1228	1391	1105
AT3G18840	11	14	16	16	15	15
AT3G16590	1	0	1	0	2	0
AT3G10845	0	0	0	0	0	0
AT3G12010	915	1026	1093	947	1162	864
AT3G56390	0	0	0	0	0	0
AT3G19660	150	195	210	173	175	191
AT3G04990	0	1	0	0	0	0
AT3G46840	0	1	0	0	0	0
AT3G58710	1180	990	1166	830	876	954
AT3G29100	116	80	85	108	136	111
AT3G58810	92	87	54	101	130	80
AT3G05640	367	378	338	311	461	325
AT3G28330	0	1	0	0	0	0
AT3G24440	674	601	540	629	720	565
AT3G27500	202	219	148	128	156	79
AT3G01185	0	0	0	0	2	0
AT3G61190	3286	3966	4634	3711	3571	4750
AT3G15010	751	679	750	741	891	697
AT3G50840	99	98	75	185	274	117
AT3G51171	4	5	5	5	4	3
AT3G60100	1	5	6	9	9	13
AT3G17440	1353	1398	1230	1288	1493	1328
AT3G10350	574	632	642	499	633	518
AT3G46086	0	0	0	0	0	0
AT3G17030	128	111	104	123	177	114
AT3G12145	1499	2492	1418	1455	1373	658
AT3G01080	5	11	19	30	22	28
AT3G60190	997	1363	1261	1249	1576	1249
AT3G49990	1026	1012	901	1116	1313	1062
AT3G55580	33	17	26	44	52	26
AT3G03180	127	101	107	111	130	103
AT3G42786	0	0	0	0	0	0
AT3G25655	285	262	402	79	67	137
AT3G44718	0	0	0	0	0	0
AT3G04010	384	367	441	196	192	230
AT3G02270	2	0	0	0	0	1
AT3G42770	0	0	0	0	0	0
AT3G08650	1211	1235	1097	1146	1490	1116
AT3G48231	0	0	0	0	0	0
AT3G61150	132	107	129	124	162	108
AT3G12970	73	46	42	134	160	90
AT3G61980	641	707	741	434	383	511
AT3G15115	232	162	142	134	158	156
AT3G33530	2239	2591	2603	2512	3033	2473
AT3G18210	376	336	349	397	416	321
AT3G01410	296	345	212	340	380	244
AT3G05720	2	2	2	1	1	5
AT3G05320	1424	1434	1631	690	528	971
AT3G47110	52	66	50	41	41	74
AT3G31350	0	0	0	0	0	0
AT3G11430	790	985	1186	396	517	622
AT3G56210	325	228	257	258	336	246
AT3G04290	0	0	0	1	0	0
AT3G11150	85	52	45	48	64	75
AT3G03540	0	0	2	0	0	0
AT3G09940	20638	17517	20586	8302	7401	14322
AT3G51860	1011	936	857	471	326	363
AT3G27700	497	501	519	631	774	569
AT3G60120	191	130	139	90	93	372
AT3G23260	100	110	91	88	90	94
AT3G43860	0	0	1	8	4	10
AT3G43880	0	0	0	0	0	0
AT3G09020	332	396	398	425	439	703
AT3G48195	350	378	359	479	577	445
AT3G51960	107	83	99	119	109	128
AT3G09520	22	37	64	13	30	11
AT3G25540	633	518	468	561	620	531
AT3G23590	938	1121	979	735	923	841
AT3G42180	52	30	64	77	77	76
AT3G27720	0	0	0	0	0	0
AT3G21510	502	310	352	204	210	232
AT3G13710	0	0	0	0	0	1
AT3G01880	1	0	0	3	0	0
AT3G50050	330	321	261	320	424	359
AT3G08960	792	876	812	952	1115	838
AT3G54700	6	10	16	9	1	4
AT3G24310	786	828	1054	48	115	114
AT3G20898	39	30	33	74	127	48
AT3G24516	0	0	0	0	0	1
AT3G26934	0	0	0	0	0	0
AT3G59980	228	190	174	210	284	226
AT3G22430	256	237	240	230	268	228
AT3G17060	0	0	0	0	0	0
AT3G15530	1759	1991	1683	1670	2004	1526
AT3G55750	6165	4524	3769	4860	5130	4265
AT3G60860	1785	1971	1878	2094	2519	1949
AT3G05020	1759	1163	1267	1356	1328	1109
AT3G02920	235	231	175	251	288	287
AT3G14550	89	68	89	103	102	85
AT3G33293	0	0	0	0	0	0
AT3G03080	0	0	0	0	0	0
AT3G51150	293	126	127	152	205	144
AT3G46620	5760	7491	8510	7300	9113	7965
AT3G49570	26	29	16	49	49	28
AT3G62770	654	631	613	622	786	606
AT3G05270	588	696	621	727	981	643
AT3G57760	209	301	239	179	179	243
AT3G10330	617	667	698	563	665	582
AT3G23810	3967	6462	5652	2955	3922	2176
AT3G49190	140	200	271	273	336	324
AT3G44300	1334	1345	1319	514	575	1038
AT3G26290	53	66	115	61	85	46
AT3G12080	378	313	290	400	487	383
AT3G19490	993	1186	1103	984	1114	900
AT3G04420	6	17	20	2	8	5
AT3G18170	319	261	381	334	335	305
AT3G02470	33134	33249	29701	29399	29609	27651
AT3G18050	236	154	175	233	237	218
AT3G26616	0	0	0	0	0	0
AT3G51370	2047	1918	1886	1894	2188	2003
AT3G63052	2	0	9	4	8	3
AT3G29633	0	0	0	0	0	0
AT3G11470	94	73	89	82	104	87
AT3G53990	11670	8747	8970	8276	9374	8202
AT3G13210	39	22	26	38	36	30
AT3G24890	145	149	124	134	111	87
AT3G61090	1	4	3	0	5	4
AT3G24070	312	233	197	267	402	323
AT3G13610	687	898	1379	759	850	1568
AT3G10120	186	301	181	67	95	59
AT3G20580	2	0	0	0	0	3
AT3G54680	520	299	349	402	486	373
AT3G50960	433	387	344	298	368	238
AT3G45190	2222	1901	2013	2100	2415	2154
AT3G44340	2402	2860	2602	2620	3002	2527
AT3G60570	0	0	0	0	0	0
AT3G60790	0	1	0	0	0	0
AT3G06540	694	707	738	702	865	756
AT3G43340	0	0	0	0	0	0
AT3G27210	3521	4301	4564	3645	3625	3650
AT3G16670	0	0	0	0	0	0
AT3G29050	0	0	0	0	0	0
AT3G19070	1	0	0	2	2	0
AT3G52350	0	0	0	0	0	0
AT3G53030	296	330	289	305	440	272
AT3G17380	162	269	246	225	282	249
AT3G23380	3	3	6	1	7	10
AT3G20810	795	1002	404	290	295	415
AT3G07440	251	198	167	275	292	232
AT3G27425	0	0	0	0	0	0
AT3G47580	13	21	9	18	30	22
AT3G23640	1834	2708	2566	1949	2563	1931
AT3G54730	0	0	0	1	0	0
AT3G08870	1	2	3	0	2	1
AT3G53120	499	434	412	399	390	417
AT3G52930	23231	18796	17375	19691	21632	17856
AT3G01085	0	0	0	0	0	0
AT3G19780	467	444	455	506	589	449
AT3G14330	87	81	82	91	137	74
AT3G43890	83	109	98	86	105	81
AT3G06740	317	306	241	389	471	273
AT3G17450	509	505	488	509	596	476
AT3G03050	10145	12869	13255	9662	7669	10481
AT3G12587	393	294	335	286	327	243
AT3G07170	868	826	849	750	773	726
AT3G04970	156	116	137	139	184	144
AT3G14470	192	272	191	259	292	310
AT3G12240	84	60	103	129	167	148
AT3G54260	3608	5239	4066	4894	6169	2551
AT3G27360	411	284	301	301	408	270
AT3G55810	1	0	0	0	0	0
AT3G27480	67	58	65	36	47	43
AT3G13130	2	0	0	0	0	0
AT3G19030	1631	1402	1724	1070	1130	1148
AT3G46650	92	155	135	147	219	93
AT3G04720	843	782	497	1530	1821	1293
AT3G18900	379	684	583	760	1047	552
AT3G23770	1	0	0	0	0	0
AT3G43540	239	218	263	303	367	282
AT3G43270	580	715	713	409	470	445
AT3G11170	5067	7831	8537	2270	1517	2235
AT3G15578	0	0	0	0	0	0
AT3G23190	224	241	198	336	451	437
AT3G23130	0	0	0	0	0	0
AT3G10340	2047	2405	2289	1398	1911	1766
AT3G01690	1724	1437	1401	2953	3436	2850
AT3G01460	1051	1232	1128	1108	1220	1072
AT3G44280	354	291	320	276	307	264
AT3G58430	13	7	19	18	26	21
AT3G60220	48	28	36	71	91	53
AT3G62220	638	595	529	509	534	518
AT3G48410	642	567	589	543	662	673
AT3G28850	447	726	807	515	486	659
AT3G17150	2	0	0	0	1	2
AT3G58290	0	0	0	0	0	1
AT3G62180	0	0	0	1	0	0
AT3G14480	0	0	0	0	0	0
AT3G18620	97	75	73	81	137	75
AT3G03560	713	662	613	681	819	625
AT3G15358	26	10	20	35	62	39
AT3G09310	18	24	32	11	28	11
AT3G10110	105	69	61	84	85	87
AT3G26500	128	132	131	131	110	172
AT3G13760	787	959	686	361	348	324
AT3G62690	167	251	269	166	196	114
AT3G50620	154	173	151	171	194	147
AT3G46860	0	0	0	0	0	0
AT3G04200	0	0	0	0	1	0
AT3G11680	0	0	0	0	0	0
AT3G29230	48	60	50	63	93	39
AT3G52610	311	377	319	398	398	216
AT3G48720	0	1	0	1	1	1
AT3G18660	306	331	274	208	270	217
AT3G62499	0	0	1	0	0	0
AT3G58100	135	114	83	130	163	81
AT3G22060	142	130	172	89	64	163
AT3G10915	372	354	326	335	370	299
AT3G62360	3958	3554	3403	4115	4980	3800
AT3G29570	0	0	1	0	0	0
AT3G62980	2137	1691	1305	2381	2805	2264
AT3G49100	570	417	385	424	512	379
AT3G28770	0	0	0	0	0	0
AT3G17320	5	0	1	6	6	6
AT3G61280	45	35	61	4	3	18
AT3G01750	285	342	365	266	302	276
AT3G44115	0	0	0	0	0	0
AT3G10460	0	0	1	1	2	0
AT3G26710	50	47	40	98	132	52
AT3G29360	12541	16134	15091	8447	7899	8518
AT3G18070	62	34	52	82	70	53
AT3G45577	0	0	0	0	0	0
AT3G24800	532	570	546	577	771	464
AT3G22810	196	267	234	363	567	201
AT3G59330	232	278	232	259	352	179
AT3G18960	85	135	74	120	193	102
AT3G29636	0	0	0	0	0	0
AT3G12810	997	1119	1133	1174	1520	1265
AT3G27080	892	699	626	759	877	664
AT3G02100	28	57	90	62	57	26
AT3G25585	1633	1833	2058	1486	1675	1563
AT3G57260	49	38	36	5	21	10
AT3G28920	27	18	16	26	34	17
AT3G22590	392	351	335	350	441	307
AT3G14930	406	294	317	401	465	365
AT3G26250	0	0	0	0	0	0
AT3G45690	0	0	0	0	0	0
AT3G42473	0	0	0	0	0	0
AT3G06778	114	152	90	215	236	120
AT3G50480	295	228	284	223	178	351
AT3G29791	0	0	0	0	1	0
AT3G51240	222	95	100	23	146	51
AT3G51330	578	537	471	1305	1442	1482
AT3G53830	175	150	260	260	222	106
AT3G09630	14885	10305	9724	13611	14491	12690
AT3G50830	1291	1447	1267	937	930	953
AT3G15770	723	886	793	767	601	872
AT3G25220	2436	1638	1655	1504	1708	1384
AT3G17655	30	23	30	24	16	14
AT3G21490	0	0	0	0	0	0
AT3G57370	1	1	0	0	0	1
AT3G25493	0	0	0	1	1	0
AT3G30845	0	0	0	0	0	0
AT3G23690	1221	1264	1065	1151	1484	1172
AT3G16260	387	350	338	549	557	429
AT3G03800	5	1	0	3	5	2
AT3G55610	2969	3310	3383	3180	4569	3373
AT3G20190	9	23	11	16	15	5
AT3G58460	849	731	868	818	903	781
AT3G03170	337	207	260	234	233	219
AT3G47750	5	7	9	4	12	8
AT3G13435	329	202	236	343	362	513
AT3G12850	0	0	0	0	0	0
AT3G32260	0	0	0	0	0	0
AT3G12977	37	42	24	113	177	112
AT3G23470	1281	811	877	852	931	954
AT3G10390	455	472	467	509	561	505
AT3G26820	4	7	6	3	6	4
AT3G19550	12	9	12	12	7	17
AT3G50460	7	10	6	41	39	48
AT3G44590	1155	659	679	873	920	811
AT3G07220	549	506	456	573	703	583
AT3G21840	0	0	0	0	0	0
AT3G27840	0	0	0	0	0	0
AT3G30385	0	0	0	0	0	0
AT3G17230	0	0	0	0	0	0
AT3G14860	639	662	612	538	647	535
AT3G43572	0	0	0	0	0	0
AT3G59950	838	942	928	843	961	876
AT3G13120	270	262	244	357	459	347
AT3G55005	715	789	685	740	895	724
AT3G47250	42	42	56	56	63	36
AT3G59750	660	591	553	460	368	497
AT3G04870	563	649	649	489	579	470
AT3G53430	8277	5758	5102	6752	7750	6207
AT3G01720	2136	2004	2138	1736	2045	2044
AT3G42723	0	0	0	0	0	0
AT3G07850	0	0	0	0	0	0
AT3G11420	3932	4101	4058	2388	2329	2715
AT3G13030	381	439	463	506	522	450
AT3G14410	456	507	471	414	485	408
AT3G21880	2	1	0	0	1	0
AT3G04470	1766	1769	1507	1804	2329	1791
AT3G60810	365	357	329	309	404	294
AT3G63420	362	335	312	266	363	339
AT3G16800	557	596	759	377	480	346
AT3G63160	45	39	26	19	17	13
AT3G17410	2040	2251	2230	1459	1378	1880
AT3G58930	162	166	160	225	244	201
AT3G21350	426	383	348	438	495	400
AT3G11825	0	0	0	0	0	0
AT3G17690	2701	2755	3778	1655	1143	2303
AT3G49780	370	348	427	237	204	361
AT3G14950	15	27	10	16	23	1
AT3G23250	11972	19168	21654	12093	11030	15860
AT3G56730	79	79	77	102	110	79
AT3G06690	47	58	51	35	48	47
AT3G03060	483	331	260	455	507	471
AT3G16525	0	0	0	0	0	0
AT3G31900	0	0	0	0	0	0
AT3G21920	0	0	0	0	0	0
AT3G10950	4	3	1	3	3	6
AT3G27590	0	0	1	0	0	0
AT3G14810	263	668	438	420	786	273
AT3G22190	593	679	556	665	873	527
AT3G48760	1623	1569	1607	1411	1560	1464
AT3G30180	108	63	45	123	127	89
AT3G49170	90	66	51	88	128	70
AT3G10720	2688	2464	2885	2304	2708	3870
AT3G29430	617	424	460	944	929	1117
AT3G27416	6	2	12	3	4	8
AT3G15930	57	58	54	67	69	79
AT3G26930	0	0	0	0	0	0
AT3G21210	31	69	42	51	43	47
AT3G16100	321	264	310	302	321	266
AT3G10370	876	1005	923	819	968	684
AT3G50660	480	389	477	317	548	287
AT3G28070	1	1	0	0	0	0
AT3G23780	688	888	816	865	1058	876
AT3G53611	0	0	0	0	0	0
AT3G43148	0	0	0	0	0	0
AT3G60310	156	119	109	156	212	126
AT3G02400	140	133	118	136	201	143
AT3G53610	1425	1324	1305	1247	1424	1290
AT3G50940	3	2	3	2	6	10
AT3G61172	0	0	0	0	0	0
AT3G60160	118	115	158	126	192	130
AT3G54100	1353	1400	1520	1281	1262	1624
AT3G09270	990	980	1308	869	939	897
AT3G01980	340	305	326	283	364	247
AT3G45780	469	541	453	776	971	443
AT3G16840	1170	1102	1060	1330	1418	1147
AT3G23560	311	261	269	213	236	232
AT3G27680	0	0	0	0	0	0
AT3G19710	665	851	969	2537	3407	2848
AT3G53920	143	153	147	175	200	169
AT3G50860	191	190	184	158	227	175
AT3G03490	475	397	389	415	426	346
AT3G30320	0	0	0	0	0	0
AT3G06610	971	689	708	766	851	730
AT3G04110	89	93	139	97	87	84
AT3G57800	185	180	142	156	187	161
AT3G20480	74	66	51	72	77	92
AT3G52190	496	527	509	473	573	546
AT3G47090	36	39	34	28	39	29
AT3G26395	93	69	78	90	100	67
AT3G62230	0	0	0	1	0	0
AT3G49910	17545	11421	10698	14709	16057	13452
AT3G25011	0	0	0	0	0	0
AT3G45760	5	3	1	10	4	10
AT3G17227	0	2	2	2	0	4
AT3G62000	149	136	163	119	107	87
AT3G05630	201	301	312	50	72	93
AT3G27060	1040	896	805	1224	1490	973
AT3G12570	1661	1618	1626	1573	1598	1649
AT3G06240	341	306	268	265	319	300
AT3G02820	164	166	136	198	254	151
AT3G06930	636	562	509	719	819	632
AT3G62540	0	2	1	5	2	0
AT3G22460	190	138	123	159	189	166
AT3G13229	0	0	0	0	0	0
AT3G57640	46	63	124	35	47	56
AT3G06190	1036	1055	1048	972	1221	942
AT3G14430	450	351	405	356	398	357
AT3G22050	0	0	0	0	0	0
AT3G45200	0	0	0	0	0	0
AT3G49240	415	334	264	419	388	327
AT3G49680	1105	876	932	1218	1277	1123
AT3G27310	746	707	713	674	765	625
AT3G44763	0	5	3	6	9	7
AT3G51850	1729	1987	1890	1783	2072	1573
AT3G13780	120	123	103	119	161	131
AT3G50510	0	8	5	4	4	5
AT3G19160	0	0	0	0	0	0
AT3G18291	0	0	0	0	0	0
AT3G56060	42	70	95	61	74	87
AT3G23510	219	154	106	390	384	462
AT3G30222	0	0	0	0	0	0
AT3G27030	226	208	160	241	321	199
AT3G09470	746	836	877	927	1087	989
AT3G47590	698	632	628	621	643	494
AT3G46355	0	0	0	0	0	1
AT3G04240	3001	3320	3108	2687	3013	2744
AT3G21890	13	8	12	7	5	2
AT3G49070	38	122	111	87	107	161
AT3G62420	5434	6120	4080	4085	3692	4792
AT3G13000	228	183	185	237	318	261
AT3G48208	0	0	0	0	0	0
AT3G15950	15976	14341	13784	13066	13535	12581
AT3G02160	63	53	63	57	71	51
AT3G24500	142	126	120	120	118	108
AT3G32960	0	0	0	0	0	0
AT3G05710	648	570	601	587	724	535
AT3G59010	13	31	51	17	28	11
AT3G57460	11	12	22	9	17	31
AT3G29060	1	0	0	0	0	0
AT3G54310	26	24	9	37	52	9
AT3G14310	9583	14415	11220	15447	20336	10439
AT3G25420	0	0	0	0	0	0
AT3G12480	725	632	584	641	715	662
AT3G58720	195	272	245	201	231	198
AT3G01070	102	109	75	180	176	144
AT3G57450	9604	11002	12723	7319	5866	8510
AT3G03700	14	8	7	11	10	9
AT3G57110	6	10	8	8	10	6
AT3G18570	6	1	2	5	4	3
AT3G63460	4937	5242	5113	5391	6098	4760
AT3G21330	22	12	18	29	14	12
AT3G27331	0	0	0	0	0	0
AT3G58020	218	169	183	205	292	213
AT3G29173	12	15	4	6	14	8
AT3G04735	0	0	0	0	0	0
AT3G58540	46	47	36	24	31	15
AT3G14595	1435	1325	1516	820	777	739
AT3G33528	1	0	0	3	2	0
AT3G08810	5	1	4	4	4	1
AT3G23460	0	0	4	0	0	0
AT3G51140	417	408	352	370	444	349
AT3G24090	400	281	336	320	320	257
AT3G44670	663	815	826	784	746	682
AT3G60800	633	663	597	508	611	461
AT3G52330	0	0	0	0	0	0
AT3G12220	166	125	108	171	246	277
AT3G04750	174	123	129	134	208	129
AT3G13682	61	59	70	56	93	54
AT3G56230	123	145	95	161	168	164
AT3G52850	4245	4067	4002	3742	4478	3910
AT3G25230	3928	3432	3445	3753	4008	3149
AT3G09820	11973	12370	12197	9518	10808	7876
AT3G56170	450	434	499	298	397	347
AT3G10730	574	533	542	544	669	521
AT3G20940	1411	1011	1455	756	808	890
AT3G17310	966	1022	1009	890	940	948
AT3G04160	188	138	116	203	205	162
AT3G18235	1	1	0	0	0	0
AT3G15210	3273	4233	4752	3814	4138	4020
AT3G28610	0	0	1	0	0	0
AT3G11860	5	2	4	3	5	3
AT3G10200	45	67	43	40	40	29
AT3G54640	2462	2845	2315	2707	2990	3047
AT3G52630	122	138	109	145	172	117
AT3G03550	227	211	181	208	308	189
AT3G16510	1085	1520	1844	1552	1737	1349
AT3G23910	414	403	404	407	446	444
AT3G16710	98	95	112	78	88	65
AT3G63140	9	7	6	12	28	7
AT3G18910	198	161	125	202	223	177
AT3G18915	22	12	3	10	12	15
AT3G16970	0	0	0	0	0	0
AT3G58875	29	16	23	19	15	17
AT3G53620	2135	2591	2116	1414	1558	1244
AT3G53380	336	373	327	464	657	290
AT3G06483	336	340	295	320	410	330
AT3G61370	217	171	197	163	218	169
AT3G56110	702	612	624	646	712	572
AT3G13630	1	1	0	2	0	2
AT3G44265	0	0	0	0	0	0
AT3G06390	865	1125	986	475	652	900
AT3G19390	4600	4124	4297	3391	3533	5423
AT3G42880	0	0	0	0	0	0
AT3G15460	274	225	232	205	274	192
AT3G63200	678	502	485	1020	1667	769
AT3G11110	27	17	16	0	0	1
AT3G59090	463	417	394	481	542	456
AT3G15355	364	362	320	386	521	365
AT3G53190	1282	1939	1403	2430	3166	1399
AT3G11397	543	497	487	462	512	453
AT3G02530	2406	2168	1910	2553	2758	2197
AT3G51030	279	256	201	267	262	224
AT3G25790	32	7	4	120	223	66
AT3G26445	21	17	14	6	12	7
AT3G45900	218	193	166	215	256	190
AT3G47890	1099	1146	1273	1232	1402	1076
AT3G14030	2	1	2	0	1	0
AT3G47060	404	438	399	417	476	410
AT3G56590	701	783	687	832	1146	700
AT3G43170	0	0	0	0	0	0
AT3G01450	227	197	187	205	235	180
AT3G58910	0	0	0	0	0	0
AT3G48460	81	101	87	69	44	55
AT3G17880	780	712	696	668	772	704
AT3G26610	64	24	19	225	352	198
AT3G20790	972	895	802	902	1043	781
AT3G07273	114	100	98	99	99	105
AT3G63500	4398	4522	5580	3782	3821	4780
AT3G49750	550	530	661	531	675	484
AT3G47510	871	934	719	497	556	619
AT3G03826	0	0	0	0	0	0
AT3G15020	2144	1805	1773	1162	1389	1151
AT3G61530	221	196	172	212	261	215
AT3G10116	0	1	0	1	0	0
AT3G21240	2199	2902	3598	2149	2692	2436
AT3G31925	0	0	0	0	0	0
AT3G48425	171	179	161	224	244	155
AT3G27355	42	50	32	54	68	54
AT3G20270	39	39	43	40	53	37
AT3G55900	13	14	18	10	8	17
AT3G21310	21	41	25	31	25	20
AT3G49480	0	0	1	0	0	0
AT3G55980	29703	39929	42429	27667	25067	35169
AT3G63030	720	729	681	654	795	535
AT3G59295	0	0	0	0	0	0
AT3G30220	0	0	0	0	0	0
AT3G54990	105	86	95	86	91	92
AT3G20820	243	240	184	223	307	92
AT3G19500	275	395	378	317	262	172
AT3G16020	12	15	9	8	12	9
AT3G22890	9451	14105	12185	7382	7125	7327
AT3G46970	1443	1470	1451	908	1308	983
AT3G01950	439	407	393	465	466	451
AT3G51550	16659	21264	19862	15082	14384	16521
AT3G59340	95	115	135	148	144	101
AT3G11040	212	212	222	273	294	225
AT3G20310	1067	1150	1230	1154	1208	1000
AT3G22640	23	15	7	1	4	0
AT3G45450	3	2	0	1	0	0
AT3G44260	15807	20936	22540	12361	12794	14878
AT3G01370	397	328	376	446	534	426
AT3G15150	112	81	78	125	141	112
AT3G49380	120	52	76	75	64	78
AT3G14190	297	298	267	289	375	261
AT3G28820	0	0	0	0	0	0
AT3G15060	625	728	649	419	383	454
AT3G47130	0	0	0	0	0	0
AT3G02430	2	6	3	11	18	11
AT3G05470	63	27	34	53	58	26
AT3G27170	1179	1293	1954	498	585	449
AT3G20280	130	127	96	169	223	143
AT3G60870	11	11	6	34	34	20
AT3G57010	3203	1944	2051	977	1163	918
AT3G22090	0	1	1	2	2	0
AT3G50310	21	9	24	1	3	3
AT3G28007	64	17	25	0	0	0
AT3G07400	1161	1178	1116	774	933	898
AT3G15860	0	0	0	0	0	0
AT3G26980	3007	4100	3777	2315	1515	2429
AT3G20900	0	2	2	3	1	0
AT3G58380	9	11	5	5	7	11
AT3G20590	58	42	51	114	131	89
AT3G61826	0	1	0	0	0	1
AT3G56740	430	504	462	400	441	325
AT3G09120	10	1	0	0	3	3
AT3G17400	0	0	0	1	0	1
AT3G18282	0	0	0	0	2	0
AT3G55060	363	308	328	418	507	368
AT3G52830	0	0	0	0	0	0
AT3G56790	266	244	238	378	357	681
AT3G51920	1806	1518	1890	1102	1161	1898
AT3G43990	0	1	0	0	0	0
AT3G04400	17261	11600	10926	13780	14943	12547
AT3G19320	48	27	24	42	57	37
AT3G11660	337	285	294	343	446	333
AT3G18030	285	225	262	319	381	328
AT3G58250	0	0	0	0	0	0
AT3G53450	129	161	220	79	54	67
AT3G15720	106	59	62	139	210	110
AT3G09750	1	0	1	0	0	2
AT3G57930	2484	2175	2105	1678	1454	1712
AT3G44090	0	0	0	0	0	0
AT3G53510	367	511	509	341	469	328
AT3G06590	216	200	156	313	484	212
AT3G11080	98	93	85	72	87	138
AT3G29450	0	0	0	0	0	0
AT3G43580	24	20	10	38	51	23
AT3G17650	1491	2127	1748	1103	1297	1205
AT3G60620	129	157	150	173	192	168
AT3G16660	0	0	0	0	0	0
AT3G45245	0	0	0	0	0	0
AT3G02480	4420	1529	1650	163	236	191
AT3G24170	2306	2000	2246	1854	2133	1579
AT3G05210	444	377	388	410	442	386
AT3G12680	665	570	602	715	828	706
AT3G01160	878	770	685	930	1123	833
AT3G13880	53	66	41	63	63	67
AT3G05110	2	1	1	2	3	1
AT3G48520	6081	8008	7262	4252	3045	6773
AT3G07420	563	1225	1173	944	1121	1133
AT3G13460	8619	7082	6959	9518	11074	9347
AT3G10150	0	0	0	0	0	0
AT3G62050	45	47	28	42	48	47
AT3G15290	627	464	457	501	534	447
AT3G28480	575	525	444	475	547	436
AT3G05910	1913	1952	1904	1788	2175	1456
AT3G52230	839	653	641	741	904	707
AT3G07710	0	0	0	0	0	1
AT3G66656	0	0	0	0	1	0
AT3G51690	7	3	0	2	2	0
AT3G52000	0	0	0	0	0	0
AT3G02540	1344	1322	1289	1345	1508	1612
AT3G25840	1571	1776	1830	1558	1859	1655
AT3G52910	275	133	124	233	253	233
AT3G27999	0	0	0	0	0	0
AT3G05690	365	450	1162	51	103	54
AT3G05170	145	140	111	115	155	137
AT3G12660	1	0	1	0	0	1
AT3G32380	0	0	0	0	0	0
AT3G57780	402	606	552	614	889	432
AT3G22680	145	128	86	161	212	161
AT3G02280	407	390	347	398	477	402
AT3G19230	20	9	6	8	8	17
AT3G15590	782	603	585	726	831	661
AT3G45410	49	71	66	135	154	136
AT3G11380	3	0	0	1	0	1
AT3G47140	0	0	0	0	0	0
AT3G05000	629	588	590	593	722	587
AT3G24150	213	224	215	249	294	183
AT3G20530	1	0	0	0	0	0
AT3G59250	0	0	0	0	0	0
AT3G25610	2032	2874	3289	1871	1864	2432
AT3G63170	452	397	350	393	408	326
AT3G60600	4444	3867	3831	4264	4618	4222
AT3G50750	13	7	14	18	22	13
AT3G12720	123	163	211	69	72	96
AT3G53170	36	23	21	29	33	26
AT3G06145	30	47	37	61	129	29
AT3G26090	478	541	546	531	540	475
AT3G49860	275	261	263	359	399	393
AT3G27880	340	387	457	308	304	338
AT3G08750	10	2	1	1	3	16
AT3G63010	760	766	794	701	738	846
AT3G07110	6769	4607	4201	6053	6635	5288
AT3G20170	260	229	222	212	237	234
AT3G05700	191	205	198	147	225	167
AT3G42660	510	608	498	632	771	567
AT3G47300	159	150	134	189	231	190
AT3G04945	0	0	0	0	0	0
AT3G45020	95	66	69	57	84	75
AT3G18740	4454	3288	2979	3640	4305	3285
AT3G19880	0	0	0	0	0	0
AT3G13857	2	1	1	1	2	0
AT3G61060	1440	1272	1022	584	473	801
AT3G53280	6	3	14	26	33	45
AT3G21530	87	158	125	173	259	118
AT3G28785	0	0	0	0	0	0
AT3G42790	1516	1350	1334	1427	1712	1495
AT3G53340	459	428	351	421	503	409
AT3G43583	0	0	0	0	0	2
AT3G21760	5	1	2	1	0	1
AT3G48570	401	342	342	317	372	340
AT3G21690	235	434	526	310	381	343
AT3G29370	48	50	53	45	42	37
AT3G62430	8	10	4	10	12	1
AT3G30540	0	0	0	0	0	0
AT3G17626	51	49	44	62	56	60
AT3G44440	3	1	1	1	2	4
AT3G23550	165	215	109	127	115	162
AT3G50690	679	548	485	777	996	651
AT3G11520	318	445	366	436	568	345
AT3G25250	2448	3168	4230	2829	2390	4106
AT3G53970	1129	958	1072	935	1091	918
AT3G09560	1146	1072	1271	752	810	862
AT3G01140	1	2	0	0	0	1
AT3G01430	269	267	313	191	212	219
AT3G01475	19	29	52	10	14	15
AT3G63070	1510	1603	1665	1539	1607	1561
AT3G18630	64	56	59	91	98	80
AT3G61120	19	16	14	3	12	12
AT3G10530	593	431	422	474	599	435
AT3G26450	2167	2280	3149	997	1036	1055
AT3G24508	0	0	0	1	4	0
AT3G56460	1565	1649	1421	1577	1759	1437
AT3G48630	0	0	2	0	1	0
AT3G55370	594	650	842	584	646	822
AT3G09160	0	0	0	1	3	1
AT3G03460	59	26	35	52	80	49
AT3G22530	334	250	257	268	355	293
AT3G13490	562	570	475	585	680	507
AT3G05130	306	243	263	315	380	286
AT3G51680	358	388	485	403	342	580
AT3G14770	29	50	30	59	75	73
AT3G31550	0	0	0	0	0	0
AT3G21520	79	85	71	14	14	41
AT3G14450	2	3	2	3	1	2
AT3G43550	0	0	0	0	0	0
AT3G05230	717	567	538	549	552	482
AT3G49650	92	76	89	110	141	107
AT3G02560	6462	4468	4252	5763	6734	5774
AT3G53065	0	0	0	0	0	0
AT3G22450	33	31	34	37	49	34
AT3G28200	2065	2251	2102	1541	1501	1178
AT3G52270	3	5	4	0	6	1
AT3G15990	1226	2057	2377	766	741	779
AT3G27220	617	790	387	404	335	129
AT3G19570	256	331	262	319	356	258
AT3G27930	380	289	299	306	346	298
AT3G27440	12	11	4	16	6	9
AT3G14067	4451	4591	5090	2840	3447	3193
AT3G12955	27	23	20	21	41	24
AT3G61730	0	1	1	0	1	1
AT3G24465	0	0	0	0	0	0
AT3G60960	148	138	126	151	188	149
AT3G23140	0	0	0	0	0	0
AT3G57970	0	0	0	1	0	0
AT3G01860	428	587	686	503	657	471
AT3G49400	120	140	143	182	207	164
AT3G24580	1	1	1	1	1	2
AT3G15550	639	784	655	753	982	670
AT3G56630	49	51	48	34	73	39
AT3G29140	10	8	2	0	6	5
AT3G24605	1	2	0	0	0	0
AT3G46300	0	0	0	0	0	0
AT3G47840	36	21	23	31	54	28
AT3G52250	996	926	992	1136	1609	1202
AT3G46390	0	0	0	0	0	0
AT3G01170	259	186	180	153	187	158
AT3G46770	0	0	0	0	0	0
AT3G57060	520	656	658	685	936	635
AT3G49620	92	276	11	939	1502	620
AT3G24280	1	0	1	0	0	0
AT3G27010	190	190	206	154	188	186
AT3G55646	7	12	6	5	5	8
AT3G17930	225	197	182	183	222	144
AT3G07130	635	515	523	413	568	464
AT3G51510	14	8	12	5	18	7
AT3G48180	132	117	104	103	112	115
AT3G10470	27	18	19	12	15	14
AT3G23840	13	13	16	14	34	12
AT3G45580	0	0	0	0	0	0
AT3G61410	89	90	89	54	44	69
AT3G59020	2712	2671	2635	2554	2674	2778
AT3G24810	67	42	51	106	159	72
AT3G53250	0	0	0	0	0	0
AT3G23000	2001	1577	1849	3797	7010	3775
AT3G27670	617	696	691	777	803	803
AT3G01328	1	0	0	0	0	0
AT3G27630	16	13	12	11	14	8
AT3G08500	29	42	48	26	55	29
AT3G48190	932	991	1017	887	1134	884
AT3G21160	863	728	738	812	944	770
AT3G04830	1396	1125	1212	1128	1355	1116
AT3G18690	849	1018	1174	1058	1017	1359
AT3G21130	0	0	0	0	0	0
AT3G48560	4177	3767	3377	4169	4937	4470
AT3G24120	518	428	398	609	733	652
AT3G10880	45	66	60	102	109	52
AT3G21405	0	0	0	0	0	0
AT3G54970	183	119	121	179	196	188
AT3G57310	0	0	0	0	0	0
AT3G54890	449	352	133	304	1091	90
AT3G15395	261	261	184	221	247	204
AT3G54430	417	448	441	289	394	370
AT3G07430	634	456	462	615	635	521
AT3G22250	389	429	578	110	89	235
AT3G13445	473	424	360	419	567	385
AT3G53050	0	0	0	0	0	0
AT3G10840	14	19	28	20	21	15
AT3G28580	208	308	554	490	451	762
AT3G02380	6	9	10	2	6	3
AT3G12370	517	427	378	416	484	417
AT3G13175	325	369	263	392	507	196
AT3G57587	4	0	0	2	6	3
AT3G08590	2945	2631	3109	1504	1509	1047
AT3G20997	0	0	0	0	0	0
AT3G26680	191	237	191	254	285	279
AT3G22820	4	5	2	2	1	0
AT3G16470	13000	20809	19456	16153	19910	14423
AT3G01220	931	673	797	902	976	1133
AT3G13540	1	0	0	0	0	0
AT3G62695	0	0	0	1	0	0
AT3G43720	214	170	157	112	120	89
AT3G09100	1271	1494	1439	1376	1607	1401
AT3G04500	548	539	494	551	585	467
AT3G56260	9	7	9	2	1	3
AT3G48320	0	1	0	0	0	0
AT3G59650	468	295	299	401	415	319
AT3G59140	422	287	344	255	286	337
AT3G15500	399	441	312	336	278	491
AT3G03940	1658	1789	1764	2033	2337	2018
AT3G29310	766	759	717	786	910	860
AT3G22970	309	206	169	678	1547	329
AT3G05120	703	964	761	917	1331	604
AT3G23175	334	333	323	318	393	380
AT3G30290	0	0	0	0	0	0
AT3G05550	46	33	31	31	23	33
AT3G47950	582	760	800	268	357	446
AT3G44770	226	384	252	280	322	146
AT3G52120	1614	1630	1605	1350	1496	1424
AT3G13420	43	37	42	42	51	38
AT3G15190	663	652	601	640	650	561
AT3G50090	1	0	0	0	0	0
AT3G32050	0	0	0	0	0	0
AT3G47760	25	20	27	38	51	46
AT3G01050	546	451	453	464	460	421
AT3G05530	5093	4699	4491	5014	6097	5240
AT3G55600	365	306	302	335	293	326
AT3G45490	3	3	5	0	3	2
AT3G59530	108	83	112	93	135	102
AT3G43291	0	0	0	0	0	0
AT3G18810	0	0	0	1	1	0
AT3G05280	767	812	821	720	819	696
AT3G03650	166	175	255	131	110	156
AT3G18530	20	21	19	16	19	14
AT3G62710	2	0	0	0	0	0
AT3G59960	0	0	0	1	0	0
AT3G26870	0	0	0	0	0	0
AT3G58240	0	0	0	0	0	0
AT3G24480	1847	3146	2782	2093	2653	1835
AT3G50710	0	4	2	3	2	5
AT3G51570	7	5	11	7	13	22
AT3G59780	196	184	162	229	289	174
AT3G28410	0	0	0	0	0	0
AT3G62570	444	524	329	365	369	351
AT3G49040	0	0	0	0	0	0
AT3G26700	185	230	138	275	438	151
AT3G06035	1738	1999	1867	1604	2100	1025
AT3G01380	462	504	475	570	609	460
AT3G03410	0	0	1	0	0	0
AT3G22183	0	1	0	0	0	0
AT3G16290	658	695	661	742	847	641
AT3G20390	4106	4357	3973	4227	4964	3428
AT3G63410	937	814	769	885	1097	699
AT3G52730	2116	1576	1616	1604	1887	1414
AT3G22240	630	498	772	404	371	447
AT3G62615	0	0	0	0	0	0
AT3G25890	127	157	193	165	257	150
AT3G58200	66	65	46	55	84	38
AT3G01520	1843	1822	1877	1488	1517	1392
AT3G24542	0	0	0	0	0	0
AT3G53240	296	335	328	320	311	314
AT3G62740	964	2179	1051	468	706	179
AT3G32150	0	0	0	0	0	0
AT3G42830	0	0	0	1	0	1
AT3G54363	35	13	12	38	32	19
AT3G19800	4	4	1	2	1	2
AT3G02660	196	207	152	225	266	196
AT3G24315	477	391	378	407	407	368
AT3G16110	529	463	497	466	590	449
AT3G28280	0	0	0	0	0	0
AT3G59670	585	482	490	654	759	574
AT3G02120	1107	1298	831	1376	1619	1043
AT3G54400	3633	3459	2734	2485	2620	2419
AT3G10040	604	805	391	353	264	82
AT3G22030	0	0	0	0	0	0
AT3G57340	951	888	908	784	957	825
AT3G26742	0	0	0	0	0	0
AT3G50760	246	284	479	458	529	312
AT3G58620	382	574	398	611	1041	287
AT3G51710	115	124	109	230	344	188
AT3G25650	5	3	4	1	1	1
AT3G58210	2	0	0	1	0	0
AT3G06470	97	117	109	115	188	77
AT3G61830	1252	1300	1647	1221	1199	1336
AT3G25400	897	1055	1182	952	688	924
AT3G16550	0	0	0	0	0	0
AT3G24982	24	15	83	13	9	19
AT3G62810	748	449	514	639	608	460
AT3G06560	2	4	0	0	0	1
AT3G05760	753	596	595	635	711	579
AT3G56570	148	126	128	200	249	158
AT3G04220	1250	2030	1855	1219	888	1740
AT3G22790	1723	1646	1370	2131	2651	1641
AT3G10270	496	518	477	556	669	511
AT3G25720	0	0	0	0	0	0
AT3G27025	1	0	0	0	1	0
AT3G27473	78	43	41	79	89	78
AT3G61640	3149	3734	3688	2293	1783	2183
AT3G08010	86	71	89	100	141	107
AT3G15740	0	1	2	0	3	0
AT3G62250	12765	9558	8775	12621	13809	11060
AT3G47650	68	59	61	66	81	101
AT3G01760	46	54	49	64	67	78
AT3G28970	235	206	223	245	289	207
AT3G54800	6	7	4	14	19	14
AT3G45280	22	34	31	29	33	40
AT3G08770	122	54	65	78	59	61
AT3G32280	0	0	0	0	0	0
AT3G16175	0	0	0	0	0	0
AT3G29380	0	0	0	0	0	0
AT3G28880	185	153	189	171	174	178
AT3G13225	976	879	940	823	1054	795
AT3G52800	16189	20300	22155	11415	9570	12943
AT3G55490	67	50	47	59	55	53
AT3G43210	393	459	392	527	555	460
AT3G28430	614	715	744	564	656	605
AT3G61340	6	4	2	3	4	6
AT3G09220	1591	1679	2343	863	943	1228
AT3G57920	138	118	123	149	208	133
AT3G42148	0	0	0	0	0	0
AT3G28715	1627	1496	1506	1312	1592	1466
AT3G05345	44	55	46	29	45	43
AT3G26539	10	11	7	5	21	9
AT3G03500	166	235	239	332	435	457
AT3G11490	602	720	576	673	924	651
AT3G06500	9019	9369	8536	8188	5858	7817
AT3G02620	67	44	27	86	60	136
AT3G56500	13	12	4	8	4	7
AT3G51290	145	112	109	171	160	181
AT3G31910	0	0	0	0	0	0
AT3G48050	1795	1999	1950	1810	1967	1818
AT3G48835	12	8	10	7	18	7
AT3G13480	184	136	163	178	230	144
AT3G10815	231	208	211	90	74	104
AT3G16200	586	454	396	593	612	467
AT3G20555	0	0	0	0	0	0
AT3G51250	726	772	789	683	829	691
AT3G06550	1666	2318	2071	1640	1714	1218
AT3G18940	500	408	321	424	538	408
AT3G03140	390	441	364	432	490	376
AT3G59920	6353	6215	6196	5875	6584	5351
AT3G42160	0	0	0	0	0	0
AT3G60390	75	37	31	57	105	56
AT3G57550	2620	2328	2166	2005	2178	2188
AT3G03600	638	570	474	617	750	543
AT3G52105	100	107	87	100	147	100
AT3G19220	142	125	125	124	163	120
AT3G18490	1258	2206	2106	1696	2623	1315
AT3G44235	0	0	0	0	0	0
AT3G15650	639	658	530	950	1131	912
AT3G44050	586	551	555	719	802	527
AT3G57740	84	99	98	53	50	99
AT3G57220	315	298	221	247	344	237
AT3G48187	123	120	126	168	231	108
AT3G21500	3	4	2	0	1	0
AT3G08600	282	267	199	179	242	185
AT3G30200	2	0	1	0	0	0
AT3G61970	50	63	88	54	89	93
AT3G07760	1170	1245	1365	966	972	978
AT3G17020	6131	5682	5679	5440	6220	5592
AT3G59890	523	374	359	468	533	408
AT3G51520	832	720	733	677	808	737
AT3G07005	0	0	0	0	0	0
AT3G46000	1894	1907	1864	1493	1958	1562
AT3G52430	1538	1384	2558	2081	1862	2973
AT3G11670	337	310	334	354	399	322
AT3G58000	13	13	5	16	14	19
AT3G57330	1549	2303	2124	1911	1903	2108
AT3G63540	6	14	9	8	27	3
AT3G19720	832	870	807	968	1043	792
AT3G05410	75	59	67	94	94	88
AT3G17190	1	0	0	0	0	0
AT3G26085	103	115	128	95	126	98
AT3G60820	2966	2534	2322	2352	2874	2369
AT3G51540	42	51	46	43	70	67
AT3G32200	0	0	0	0	0	0
AT3G53075	0	0	0	0	0	0
AT3G55480	604	706	679	776	961	777
AT3G58585	0	0	0	0	0	0
AT3G07340	408	766	606	653	820	484
AT3G18700	0	0	0	0	0	0
AT3G46140	0	0	0	0	0	0
AT3G30430	0	0	0	0	0	0
AT3G02250	947	1123	949	926	1255	650
AT3G12030	434	330	350	356	409	368
AT3G11990	0	0	0	0	0	0
AT3G62720	10535	13989	13811	8723	7514	9579
AT3G46900	0	0	0	9	8	4
AT3G50580	0	2	0	0	0	0
AT3G01810	862	1179	949	879	950	671
AT3G53740	9120	5421	5318	7453	7840	6496
AT3G04280	0	0	0	0	0	0
AT3G57600	0	1	0	0	0	0
AT3G25940	184	120	125	124	138	121
AT3G20993	0	0	0	0	0	0
AT3G50220	385	422	431	204	229	248
AT3G27050	174	137	117	162	208	171
AT3G29200	508	581	503	429	635	434
AT3G10740	2926	4217	3123	3133	4344	3993
AT3G20230	238	183	183	265	345	237
AT3G60250	1666	1343	1191	1445	1602	1374
AT3G09000	531	519	557	521	609	550
AT3G06480	815	844	820	854	1076	920
AT3G61940	0	0	0	0	1	0
AT3G55800	13	14	1	4	31	0
AT3G33494	0	0	0	0	0	0
AT3G24710	0	0	0	0	0	0
AT3G16460	41109	42460	42189	35928	37139	42553
AT3G07550	143	194	98	132	193	83
AT3G24690	0	0	0	0	0	0
AT3G48660	65	25	47	38	40	25
AT3G26100	2489	2229	2325	1927	2225	2215
AT3G49870	1671	1611	1651	1333	1792	1456
AT3G50880	290	239	212	320	328	269
AT3G57900	0	0	0	0	1	0
AT3G02240	16	12	10	45	62	52
AT3G63350	12	9	12	42	32	43
AT3G63180	701	692	731	565	767	627
AT3G07580	268	257	266	245	254	243
AT3G59120	24	17	23	28	35	27
AT3G47410	0	0	0	0	0	0
AT3G50920	132	95	97	111	132	89
AT3G02750	1275	1393	1311	1389	1521	1328
AT3G61350	153	122	96	115	111	123
AT3G59940	110	144	53	124	183	88
AT3G15490	1	0	1	1	1	1
AT3G13160	632	469	457	629	718	499
AT3G51480	440	598	503	606	804	430
AT3G61760	115	106	147	138	123	131
AT3G49115	0	0	0	0	0	0
AT3G52500	1445	1832	1522	1407	1867	1022
AT3G48870	3872	3507	3339	4324	4735	4316
AT3G60420	1	3	0	0	1	0
AT3G18090	210	327	283	302	319	257
AT3G09330	34	31	34	24	24	49
AT3G53840	74	38	25	42	35	37
AT3G09950	148	136	170	31	39	46
AT3G04940	1140	1392	1222	1266	1545	1064
AT3G43800	534	545	623	669	717	675
AT3G25830	0	0	0	0	0	0
AT3G27960	1570	2060	1218	1124	1417	933
AT3G53110	2612	2425	2383	2397	2815	2309
AT3G45500	0	0	0	1	0	0
AT3G59830	33	29	20	23	26	26
AT3G58180	389	286	312	302	342	266
AT3G11030	568	512	447	475	625	448
AT3G27870	438	441	424	359	457	310
AT3G46670	0	0	2	0	2	0
AT3G12410	12	1	6	0	0	5
AT3G24450	85	58	64	103	151	121
AT3G26235	0	0	0	0	0	0
AT3G11230	373	324	319	259	356	302
AT3G05937	145	109	147	75	107	104
AT3G61570	398	408	398	381	499	440
AT3G27490	84	90	59	39	57	57
AT3G10610	1755	1234	1148	1650	1754	1379
AT3G08680	2069	2234	2054	2117	2388	2017
AT3G44210	0	0	0	0	0	0
AT3G55950	1377	1386	1790	819	850	1219
AT3G54980	196	184	178	219	278	181
AT3G18730	206	197	194	271	302	227
AT3G56670	0	0	0	0	0	0
AT3G03520	2629	3583	3007	2445	2762	2423
AT3G04650	176	168	191	130	181	196
AT3G14730	39	24	33	34	39	28
AT3G58990	261	231	193	516	669	498
AT3G23980	1254	1330	1341	1272	1498	1213
AT3G03230	2	3	2	0	0	0
AT3G58470	428	343	324	408	541	412
AT3G47540	201	219	242	260	271	317
AT3G55450	877	886	967	792	1056	976
AT3G09670	296	210	184	275	350	298
AT3G49900	21	12	5	10	25	14
AT3G61962	0	0	0	0	0	0
AT3G29785	0	0	0	0	0	0
AT3G13672	35	51	33	14	43	9
AT3G42990	0	0	0	0	0	0
AT3G62460	159	149	120	125	143	93
AT3G23240	98	155	178	92	72	91
AT3G26620	0	2	0	2	1	3
AT3G18400	163	199	225	172	201	136
AT3G45460	0	0	0	0	0	0
AT3G15351	201	163	150	170	175	167
AT3G58640	1955	1746	1842	1624	1815	1891
AT3G12640	827	874	827	812	961	887
AT3G03710	406	461	430	530	572	506
AT3G16820	0	0	0	0	0	0
AT3G17830	125	95	94	146	122	113
AT3G28345	223	446	346	463	787	146
AT3G14840	5382	7148	6093	5537	5330	5714
AT3G55740	170	266	260	174	195	190
AT3G46830	1130	1116	1046	1107	1187	1055
AT3G23390	4656	2995	2869	3524	4104	3116
AT3G09380	0	0	0	0	0	0
AT3G08860	537	798	624	144	250	335
AT3G05900	6519	8491	7279	5474	6035	6254
AT3G54880	749	538	381	748	847	648
AT3G16620	507	572	502	591	740	577
AT3G45930	731	463	495	566	641	474
AT3G27350	494	386	356	524	828	583
AT3G63130	1151	943	813	1246	1492	1038
AT3G49730	101	105	106	119	168	94
AT3G23715	0	0	0	0	0	0
AT3G17820	8968	6694	8085	3978	4089	4513
AT3G61300	72	111	80	77	84	107
AT3G59740	88	116	206	38	47	83
AT3G14790	1151	1027	951	1097	1169	982
AT3G16230	795	732	680	667	801	648
AT3G22410	149	198	262	72	118	128
AT3G52550	8	12	7	12	14	2
AT3G30350	205	103	142	181	236	258
AT3G18850	86	92	75	66	73	47
AT3G03820	0	0	0	0	0	0
AT3G12190	2	0	0	0	0	0
AT3G51470	87	67	79	63	81	59
AT3G47720	5	4	0	5	1	1
AT3G23145	0	0	0	0	0	0
AT3G51280	764	581	464	892	1083	711
AT3G29110	19	15	21	68	81	102
AT3G13890	0	0	0	1	0	0
AT3G47680	791	749	766	730	712	722
AT3G25980	964	872	844	942	1112	808
AT3G63220	201	169	153	189	214	156
AT3G49550	167	137	148	154	159	138
AT3G22160	201	299	330	200	258	288
AT3G49430	1580	1322	1207	1509	1633	1356
AT3G14380	0	0	0	0	0	0
AT3G25910	1571	1214	1193	1370	1766	1410
AT3G50560	2	11	10	12	8	13
AT3G50630	248	262	303	334	489	335
AT3G46470	0	2	0	0	0	0
AT3G09260	54710	72962	64237	62949	64376	39793
AT3G04740	845	823	785	1053	1404	1118
AT3G45851	2	0	0	0	0	0
AT3G51320	132	137	89	158	165	109
AT3G14750	104	87	89	89	127	89
AT3G58480	0	0	0	0	0	1
AT3G52150	137	152	104	193	270	148
AT3G22337	0	0	0	0	0	0
AT3G07940	413	542	533	415	545	421
AT3G48040	222	233	235	281	378	234
AT3G42800	24	13	8	25	31	25
AT3G61510	0	1	0	0	0	0
AT3G06660	135	112	114	162	219	166
AT3G24290	0	0	3	0	0	2
AT3G62830	5915	5176	6002	4321	4514	4541
AT3G07880	3597	3428	3656	2915	3140	3016
AT3G21120	0	0	0	0	0	0
AT3G14570	815	1020	1218	1245	1525	1444
AT3G26310	3	11	12	4	6	5
AT3G20040	95	102	93	123	138	96
AT3G05890	421	286	217	264	208	272
AT3G51460	2254	2371	2328	1919	2011	2185
AT3G27390	1184	1214	1102	910	1139	884
AT3G07510	199	186	177	230	303	196
AT3G11590	977	1008	946	1088	1370	861
AT3G14900	62	53	46	71	99	49
AT3G23600	4292	3702	4299	2924	3280	3017
AT3G10780	1	1	3	8	1	2
AT3G46060	3258	2839	2895	2826	3077	2701
AT3G45970	12708	15174	11777	6160	4212	7313
AT3G14940	2762	2089	2440	2944	4038	3392
AT3G26200	1	2	4	2	3	39
AT3G11773	7	7	5	4	12	16
AT3G56100	269	177	182	222	272	213
AT3G47120	331	267	255	251	284	250
AT3G17090	1828	1384	1401	1421	1674	1459
AT3G56250	33	36	34	46	61	38
AT3G01329	0	0	0	0	0	0
AT3G10030	791	796	772	796	927	881
AT3G04854	0	1	1	1	1	3
AT3G14520	2	1	1	2	1	4
AT3G03570	431	515	479	521	596	460
AT3G03640	1637	1304	1354	927	1131	941
AT3G42170	1550	1550	1418	1633	1891	1577
AT3G28620	19	29	54	67	51	35
AT3G15120	600	699	605	798	976	826
AT3G15880	2499	3101	3107	2804	3364	3067
AT3G08950	205	195	164	209	235	180
AT3G07190	378	399	476	245	290	340
AT3G62170	0	0	0	0	0	0
AT3G54580	2791	4144	3553	2550	3855	4857
AT3G62950	9	9	2	44	121	11
AT3G58270	246	263	243	155	208	145
AT3G26570	65	77	76	186	214	55
AT3G51642	0	0	0	0	0	0
AT3G54020	5002	5979	5438	3944	2862	4658
AT3G54840	800	850	767	702	892	772
AT3G07090	1305	1349	1324	913	1054	1068
AT3G62680	384	341	242	305	306	393
AT3G12800	1249	1046	1089	811	1085	814
AT3G25870	45	36	38	32	68	28
AT3G17980	3	6	3	12	7	7
AT3G44766	0	3	1	4	6	2
AT3G45050	44	68	48	45	42	46
AT3G50020	0	0	0	0	1	0
AT3G12620	717	851	766	564	591	545
AT3G05850	354	357	323	409	425	314
AT3G14560	123	125	76	180	298	118
AT3G09860	735	550	540	596	747	560
AT3G59280	927	753	840	601	621	625
AT3G28150	25	29	47	30	38	39
AT3G10540	643	663	709	616	661	653
AT3G28050	781	973	1003	859	1053	613
AT3G15240	1398	864	904	1202	1251	1338
AT3G11400	3783	2917	2772	3273	3719	3267
AT3G53460	1452	1187	931	1529	1821	1411
AT3G48980	170	136	150	166	205	127
AT3G01324	0	0	0	0	0	0
AT3G43505	0	0	0	0	0	0
AT3G59680	303	298	347	291	414	336
AT3G43083	0	0	0	0	0	0
AT3G53210	162	114	96	86	136	133
AT3G19610	0	0	0	0	0	0
AT3G10290	20	33	19	21	34	14
AT3G28810	0	0	0	0	0	0
AT3G03960	4098	3388	3044	4310	4478	3776
AT3G47940	345	338	308	300	309	338
AT3G50430	201	217	215	196	259	191
AT3G05770	1	0	0	2	4	1
AT3G17180	50	21	0	187	364	129
AT3G02210	49	53	40	59	71	47
AT3G48250	141	139	120	158	220	116
AT3G57700	4	4	5	5	6	9
AT3G46580	197	228	223	220	229	188
AT3G01910	2540	2232	2249	2535	2684	2222
AT3G15760	184	174	187	265	318	368
AT3G61898	16	10	11	21	18	10
AT3G25480	41	23	30	26	32	32
AT3G59970	7703	7905	7553	7609	8850	6504
AT3G50500	3121	3097	3012	2489	3059	2677
AT3G58400	0	0	0	0	0	0
AT3G44290	172	67	137	25	17	38
AT3G17712	67	74	90	80	66	78
AT3G52640	936	970	919	826	950	759
AT3G25850	0	0	0	0	0	0
AT3G21990	0	0	0	0	0	0
AT3G04080	1256	1281	1241	1182	1281	1135
AT3G18370	970	1188	1126	1188	1389	1270
AT3G46230	32	13	8	8	6	4
AT3G09180	297	321	319	290	335	346
AT3G50700	80	68	45	289	706	106
AT3G47340	4060	4839	4984	2946	3182	6794
AT3G23685	0	0	0	0	0	0
AT3G15170	14	18	19	8	15	7
AT3G08580	36381	30024	27059	30601	34679	28063
AT3G44620	277	264	305	200	235	202
AT3G51310	1575	1558	1582	1657	1906	1599
AT3G18720	1	1	3	3	7	3
AT3G13790	3670	3198	3868	2761	2708	3355
AT3G53420	14127	10881	9450	17246	23284	17246
AT3G50060	1678	1689	1640	2823	3850	2491
AT3G04060	140	144	123	98	121	117
AT3G01311	5	1	1	3	5	3
AT3G23430	5185	5633	5129	9559	12854	10411
AT3G48230	0	1	0	1	0	0
AT3G59540	6534	3902	3804	4690	5034	4648
AT3G13650	2028	2599	2280	1608	1456	1382
AT3G54850	327	353	302	393	547	413
AT3G45170	0	0	0	0	2	0
AT3G04550	48	45	34	57	104	54
AT3G50440	149	376	158	143	171	8
AT3G61290	0	0	0	0	0	1
AT3G48360	777	505	89	2241	4604	1646
AT3G48310	0	0	0	1	0	0
AT3G32410	0	0	0	0	0	0
AT3G16750	68	66	51	57	88	54
AT3G02180	1285	1236	1103	1345	1608	1160
AT3G63093	0	2	2	0	1	0
AT3G14395	48	20	26	20	24	8
AT3G63530	480	497	445	440	510	467
AT3G11310	0	0	0	0	0	0
AT3G19615	2	2	2	2	4	5
AT3G53140	0	0	0	0	0	0
AT3G46590	1027	974	1034	985	1144	891
AT3G05730	0	0	0	0	1	0
AT3G62870	15245	10670	9779	12957	14390	12393
AT3G48100	166	174	123	454	855	200
AT3G07350	200	130	119	179	229	174
AT3G11510	7704	5169	4567	6288	7237	5433
AT3G27040	0	0	0	1	0	0
AT3G18715	0	0	5	5	8	1
AT3G05180	12	7	5	10	11	14
AT3G15040	356	292	265	267	311	262
AT3G51830	1141	1043	1047	972	1053	997
AT3G22770	1	0	0	0	0	0
AT3G06320	440	277	273	370	397	266
AT3G57850	0	0	0	0	0	0
AT3G20015	285	371	469	455	762	517
AT3G24160	3387	3346	3107	2974	3460	2799
AT3G61710	410	401	379	460	608	492
AT3G52510	0	0	0	0	0	0
AT3G13380	927	1363	1364	1242	1393	1242
AT3G61140	1195	1119	1080	1078	1129	959
AT3G09830	4995	6421	7449	5702	4231	7223
AT3G13040	579	530	641	705	918	647
AT3G09430	36	32	40	55	35	33
AT3G14650	226	271	300	375	597	234
AT3G03847	0	0	0	0	0	0
AT3G14270	2512	3090	3006	2413	2725	2468
AT3G06250	306	276	317	401	487	373
AT3G29033	0	0	0	0	0	0
AT3G23800	1036	931	1068	1082	1416	1487
AT3G44006	0	0	0	0	0	0
AT3G15410	1223	1389	1170	1221	1560	1221
AT3G56480	1059	1315	1222	1377	1819	1428
AT3G10195	0	0	0	0	0	0
AT3G09720	541	371	356	480	552	464
AT3G49530	5515	6735	7983	6915	6801	7947
AT3G21060	228	236	196	299	382	247
AT3G57140	27	22	20	29	42	26
AT3G10380	2269	2912	2499	2304	2481	2312
AT3G15130	80	74	66	72	124	78
AT3G24670	793	639	527	844	860	1009
AT3G13845	297	181	210	196	252	182
AT3G59320	619	680	648	704	783	690
AT3G61740	217	235	269	293	326	289
AT3G57830	81	57	60	99	169	75
AT3G29160	902	884	741	880	1122	881
AT3G42950	706	641	578	633	810	536
AT3G11940	11848	9105	7901	11441	12899	10685
AT3G49440	0	0	0	0	0	0
AT3G44700	37	32	46	23	19	21
AT3G54240	0	1	2	0	0	0
AT3G28570	2	2	5	1	1	1
AT3G15220	814	760	750	940	1002	829
AT3G47170	0	0	0	0	0	0
AT3G50530	919	1073	1087	1393	1779	1146
AT3G47930	690	561	526	727	773	588
AT3G50340	443	447	453	443	567	383
AT3G49540	2	4	3	10	2	10
AT3G54010	1774	1892	2049	1610	1886	1545
AT3G04000	26	63	26	15	17	20
AT3G02810	2	2	3	0	0	2
AT3G02730	54	58	63	57	96	38
AT3G27230	1117	1176	1004	1099	1078	801
AT3G43590	734	582	544	688	909	653
AT3G23320	0	0	0	0	0	0
AT3G12580	1294	1301	1069	237	229	293
AT3G57670	22	47	45	74	145	42
AT3G16240	4332	3479	1948	3542	4501	2722
AT3G55720	36	82	28	58	54	22
AT3G49820	7	5	4	12	8	9
AT3G18240	620	476	418	633	646	487
AT3G04630	602	884	742	1260	1590	877
AT3G12470	0	0	0	0	0	0
AT3G26120	27	33	17	94	109	92
AT3G14890	845	1037	935	1058	1209	828
AT3G09770	1010	1084	1156	989	1412	891
AT3G07720	768	666	819	751	884	1124
AT3G29645	0	0	0	1	0	0
AT3G17910	343	295	262	395	420	337
AT3G52260	237	242	229	206	322	255
AT3G06400	3007	3332	3289	3348	4009	3410
AT3G45275	0	0	0	0	0	0
AT3G46700	4870	5011	6394	1480	1376	1754
AT3G18250	17	18	10	11	14	56
AT3G01500	66	34	65	28	15	40
AT3G16930	0	0	0	0	0	0
AT3G27320	351	278	264	376	456	303
AT3G52900	484	533	553	506	693	442
AT3G54740	232	236	203	341	521	352
AT3G17225	0	0	0	0	0	0
AT3G29670	82	134	123	149	326	72
AT3G28170	0	0	2	0	1	0
AT3G49140	401	407	397	371	472	376
AT3G26110	0	1	0	2	1	3
AT3G20000	2137	1513	1474	1892	1978	1739
AT3G50950	2444	3196	3644	2459	2105	3191
AT3G10560	4	3	6	2	1	3
AT3G19180	360	427	380	465	557	457
AT3G15356	388	353	102	905	1238	557
AT3G27180	158	138	107	166	177	125
AT3G23605	121	122	110	100	115	94
AT3G50770	40	35	50	43	50	52
AT3G49330	50	93	66	78	126	54
AT3G01390	2446	1697	1740	1603	1801	1587
AT3G60350	538	578	541	533	686	516
AT3G23900	1053	1104	1100	1269	1621	1332
AT3G15750	70	64	68	69	81	91
AT3G23970	0	0	0	0	0	0
AT3G50590	3168	3721	3500	3851	4327	3798
AT3G44580	0	0	0	0	0	0
AT3G01020	0	0	0	0	0	0
AT3G15420	38	34	29	22	25	24
AT3G57590	126	78	83	101	143	76
AT3G03773	302	246	255	288	360	266
AT3G49130	12	5	8	15	19	14
AT3G48120	300	215	267	217	237	259
AT3G16350	1212	1183	811	602	524	680
AT3G20110	62	53	43	64	92	95
AT3G55280	4200	2762	2294	3105	3448	2909
AT3G66652	178	122	150	213	255	160
AT3G17890	89	69	65	116	105	103
AT3G14680	709	584	670	913	997	1092
AT3G26060	65	52	27	57	89	22
AT3G06760	1085	1086	1129	840	739	924
AT3G53540	984	1075	1064	921	1436	683
AT3G49950	0	0	0	1	0	0
AT3G21260	136	80	116	163	187	193
AT3G55590	0	0	0	0	0	0
AT3G19430	313	421	345	719	821	840
AT3G09200	24015	16275	15050	21107	23523	19062
AT3G04360	8	2	4	3	11	7
AT3G12920	648	523	446	609	796	542
AT3G57950	44	55	49	105	154	20
AT3G58420	0	0	0	0	0	0
AT3G49360	262	286	245	245	348	235
AT3G15840	2	1	0	0	1	2
AT3G25670	17	7	9	42	53	9
AT3G50000	2644	2484	2314	2120	2370	2066
AT3G01660	5	4	9	1	6	2
AT3G59150	78	83	73	66	93	83
AT3G20910	198	197	277	127	174	119
AT3G07980	490	549	608	530	639	575
AT3G30842	15	24	22	20	28	22
AT3G55140	569	538	498	560	684	487
AT3G18130	2684	1943	1674	2395	2741	2154
AT3G21680	82	53	82	76	84	65
AT3G06730	162	138	119	125	150	139
AT3G47620	369	440	414	605	1131	499
AT3G57980	156	183	157	244	345	227
AT3G58390	0	0	0	0	0	0
AT3G20970	402	407	359	434	489	425
AT3G58440	0	0	0	1	0	0
AT3G25190	1341	891	403	2963	3772	4189
AT3G29830	0	0	0	0	0	0
AT3G54910	113	127	111	139	162	120
AT3G48580	15	19	18	3	8	9
AT3G32180	0	0	0	0	0	0
AT3G18770	91	91	86	144	211	99
AT3G21400	361	321	354	292	288	303
AT3G24880	148	172	157	187	227	192
AT3G51644	0	2	0	0	0	0
AT3G21465	352	311	317	322	372	339
AT3G52520	83	103	102	91	113	64
AT3G06530	1208	1102	979	1449	1616	1327
AT3G49250	192	210	197	299	330	230
AT3G07770	2010	1641	1386	2152	2111	1665
AT3G23110	9	9	10	6	9	6
AT3G56410	2330	2538	3341	1930	1599	2830
AT3G60410	551	501	459	524	694	489
AT3G12430	0	0	0	0	0	0
AT3G61630	154	215	211	345	411	255
AT3G20930	89	80	85	128	161	103
AT3G12340	318	245	278	343	397	366
AT3G19840	615	621	629	564	723	626
AT3G49055	42	43	40	32	22	58
AT3G28700	315	263	249	329	328	231
AT3G02990	630	417	408	317	362	426
AT3G26550	127	182	113	206	335	163
AT3G52050	191	141	143	189	206	175
AT3G51450	4082	5712	6390	3148	2028	3588
AT3G49180	354	272	229	349	427	280
AT3G55550	4	3	5	17	27	19
AT3G47610	578	400	426	630	744	684
AT3G23100	321	294	276	271	396	302
AT3G19050	1289	1724	1511	2051	2416	1428
AT3G07060	245	230	192	282	309	247
AT3G09320	377	347	327	386	532	399
AT3G24520	1950	2444	2373	2488	2720	2454
AT3G51350	108	135	132	351	395	514
AT3G29080	0	0	0	0	0	0
AT3G57390	128	165	100	188	194	142
AT3G17390	37853	46580	41266	25276	24806	24614
AT3G63255	1	1	4	2	1	1
AT3G27160	374	319	305	331	351	290
AT3G14120	647	650	652	767	969	734
AT3G23920	4664	4804	4998	4444	4028	5252
AT3G01480	99	93	53	127	193	101
AT3G11130	10192	12461	11749	11288	12967	10897
AT3G19100	1492	1295	1212	1246	1428	1207
AT3G45030	4078	2744	2548	3836	4020	3429
AT3G61160	155	265	240	247	375	159
AT3G43980	962	666	603	782	794	696
AT3G43410	0	0	0	0	0	0
AT3G25120	340	254	212	307	354	244
AT3G45610	122	94	123	97	97	122
AT3G13290	722	769	822	875	961	832
AT3G44490	1	0	1	0	0	0
AT3G10140	204	195	173	224	257	189
AT3G51660	182	163	143	171	160	174
AT3G61440	6157	7391	8098	6188	8041	5693
AT3G58030	1111	1104	1007	1111	1369	1056
AT3G43220	1188	1214	1172	1051	1302	1030
AT3G50240	769	789	852	802	848	819
AT3G09960	172	207	184	125	111	148
AT3G57300	1800	2096	2023	2433	2791	2356
AT3G46210	366	276	278	336	397	335
AT3G55515	13	12	3	37	75	12
AT3G62330	919	780	825	809	922	834
AT3G26640	221	198	169	168	221	191
AT3G26147	0	0	0	0	0	0
AT3G22370	835	1118	1506	692	656	1109
AT3G18750	175	175	168	231	199	141
AT3G62990	73	76	50	19	14	11
AT3G53890	3421	2263	2071	2619	2963	2296
AT3G05680	1514	1679	1587	1808	1940	1728
AT3G52880	3833	4296	4452	2679	3492	2597
AT3G01260	1472	909	781	1904	3131	2205
AT3G59550	134	130	95	160	178	121
AT3G26370	1167	1022	979	1112	1329	1021
AT3G44960	82	82	73	98	144	58
AT3G45740	275	237	250	336	372	365
AT3G48280	20	8	11	7	9	9
AT3G05350	486	412	387	360	370	421
AT3G18550	0	0	0	0	1	0
AT3G11650	892	827	815	792	873	734
AT3G22942	206	141	165	224	274	163
AT3G03950	661	606	583	650	762	668
AT3G23290	384	622	380	894	1441	216
AT3G44680	353	341	319	373	421	346
AT3G03890	279	256	240	247	300	226
AT3G29410	4156	2541	3276	4480	4466	5387
AT3G58050	957	921	861	1037	1304	1037
AT3G25590	30	42	36	75	137	33
AT3G13740	142	125	102	158	246	126
AT3G19410	0	1	0	0	0	0
AT3G58170	767	743	760	567	674	485
AT3G12060	40	44	45	46	51	36
AT3G28600	343	212	258	228	285	623
AT3G50850	44	27	34	26	39	32
AT3G44540	611	1079	1360	567	797	732
AT3G43833	0	0	0	0	0	0
AT3G45300	977	765	547	943	1081	1119
AT3G61550	8	9	12	7	8	7
AT3G11220	276	228	243	275	291	248
AT3G50180	4	6	6	11	9	14
AT3G07480	2597	2099	2027	2290	2555	2052
AT3G47660	16	16	12	14	13	47
AT3G14130	312	232	288	231	321	266
AT3G12260	1404	1264	1156	1170	1259	1068
AT3G16785	1108	1349	1236	1041	1149	1051
AT3G21940	0	0	0	0	0	0
AT3G17700	335	427	513	294	278	432
AT3G48780	1660	1787	1783	1377	1412	1405
AT3G57630	964	1011	1359	565	626	672
AT3G30387	0	0	0	0	0	0
AT3G50808	0	0	0	0	1	1
AT3G09870	51	75	48	67	24	40
AT3G06170	659	603	696	618	765	630
AT3G07540	385	717	406	684	1259	300
AT3G61600	1092	1132	978	1368	1629	1190
AT3G25597	28	26	17	15	29	20
AT3G54340	5	2	2	2	3	4
AT3G04520	490	544	455	392	566	271
AT3G59220	354	398	457	339	414	306
AT3G14170	85	192	185	142	168	136
AT3G15080	280	239	223	275	337	251
AT3G16730	262	298	259	302	408	314
AT3G54650	944	673	730	1190	1374	1085
AT3G42960	0	0	0	0	0	0
AT3G27000	359	321	307	324	411	317
AT3G06860	2100	2455	2565	1799	2214	1899
AT3G24870	136	176	153	196	212	172
AT3G55180	3	10	7	10	10	12
AT3G19970	1318	1744	1860	660	481	918
AT3G18518	0	0	0	0	0	0
AT3G11700	3769	4665	4415	3058	2457	2958
AT3G62300	697	792	679	1040	1312	862
AT3G03480	8	3	6	3	8	13
AT3G48131	0	0	0	0	0	0
AT3G47600	99	108	113	92	130	158
AT3G14060	56	61	77	79	102	75
AT3G61680	486	447	445	466	536	482
AT3G10590	2	15	11	7	19	15
AT3G58130	137	123	120	153	185	168
AT3G20240	204	165	161	203	234	159
AT3G02890	890	871	832	837	741	725
AT3G10572	171	147	113	188	187	174
AT3G13228	0	0	0	0	0	0
AT3G44990	1182	1351	1869	1537	2447	932
AT3G13800	274	250	210	303	344	267
AT3G19340	939	1136	1160	884	1026	895
AT3G52060	754	659	614	1514	2379	976
AT3G53700	147	106	123	152	183	118
AT3G43645	0	0	0	0	0	0
AT3G15920	797	793	764	791	865	791
AT3G22345	0	0	0	0	0	0
AT3G19890	0	0	0	0	0	0
AT3G16080	4999	2914	2901	3664	4050	3255
AT3G13310	2206	2902	2872	2313	2524	2463
AT3G49000	292	254	267	293	360	260
AT3G48940	152	47	38	67	87	100
AT3G41762	0	0	0	0	0	0
AT3G56720	1012	913	923	917	1126	925
AT3G20120	447	481	461	519	697	378
AT3G19370	2439	3422	3292	3141	4373	2564
AT3G53750	916	943	800	1075	1213	782
AT3G10050	856	802	617	1043	1148	834
AT3G13640	34	29	21	48	39	25
AT3G12500	3644	3925	2419	3026	2645	2866
AT3G21910	0	0	0	2	0	0
AT3G61540	535	550	550	530	612	559
AT3G52920	3224	3641	3513	2455	2876	2593
AT3G30770	0	1	1	10	34	0
AT3G20520	187	217	145	152	198	449
AT3G63110	326	470	303	1626	1992	1020
AT3G12120	19256	18130	18842	17678	20918	15997
AT3G10860	4458	2964	3212	3213	3497	2819
AT3G30725	18	14	4	11	5	0
AT3G23530	141	103	131	113	120	193
AT3G17730	102	106	92	137	172	123
AT3G23122	0	0	0	0	0	0
AT3G16432	0	0	0	0	0	0
AT3G42565	0	0	0	0	0	0
AT3G12550	400	386	425	382	448	361
AT3G08660	10	11	14	10	28	15
AT3G17350	151	225	121	193	218	135
AT3G54210	490	437	319	534	740	537
AT3G55050	1500	1483	1507	1349	1460	1493
AT3G10430	0	0	0	0	0	0
AT3G06430	210	211	194	272	336	199
AT3G12530	157	120	112	176	196	155
AT3G11920	0	0	0	0	2	0
AT3G59900	45	60	31	16	13	14
AT3G24010	374	326	331	313	392	316
AT3G14280	439	324	436	363	353	424
AT3G11890	280	251	269	283	361	253
AT3G04130	88	65	79	95	114	76
AT3G11580	254	205	352	91	102	152
AT3G19200	341	318	250	342	379	273
AT3G21290	501	533	561	583	673	610
AT3G28155	11	13	11	23	13	9
AT3G27415	5	3	6	1	2	2
AT3G12230	14	5	1	10	29	25
AT3G56050	1900	1993	1928	1696	1674	1661
AT3G21420	183	196	247	148	217	192
AT3G14390	942	756	742	1015	1081	911
AT3G24929	206	188	216	210	233	206
AT3G12250	235	215	233	243	304	235
AT3G29740	0	0	0	0	0	0
AT3G23680	0	1	0	0	0	0
AT3G45470	0	0	0	0	0	0
AT3G21825	0	0	0	0	0	0
AT3G04540	0	0	0	0	0	0
AT3G62510	14	15	10	22	21	17
AT3G23633	0	0	0	0	0	0
AT3G62640	3	2	2	2	0	0
AT3G23150	231	253	106	211	294	129
AT3G59380	827	758	762	824	1004	791
AT3G06880	108	243	69	117	103	5
AT3G55700	57	88	152	52	58	86
AT3G02010	107	67	73	75	105	55
AT3G47350	2018	1869	1782	2084	2614	1905
AT3G53310	6	1	7	7	11	8
AT3G26080	238	267	230	241	155	281
AT3G17261	0	0	0	0	0	0
AT3G26350	48	30	31	45	58	66
AT3G56120	352	310	268	332	392	323
AT3G22720	0	0	0	0	0	0
AT3G60150	93	59	76	70	71	66
AT3G57240	0	0	0	0	0	0
AT3G19035	0	0	0	0	0	0
AT3G03130	585	402	362	703	812	534
AT3G49740	54	74	45	55	77	42
AT3G14230	5091	6643	6261	3731	4411	3856
AT3G60970	5	3	4	0	0	0
AT3G12690	131	121	101	122	149	101
AT3G47220	1111	905	1099	1007	1099	1209
AT3G26010	0	0	0	0	1	0
AT3G19530	13	14	14	0	3	5
AT3G12890	0	1	0	3	1	0
AT3G45870	52	84	78	45	77	49
AT3G52380	347	298	279	293	386	263
AT3G16150	508	463	1125	77	73	148
AT3G52480	64	45	42	171	143	138
AT3G25740	238	234	293	133	116	132
AT3G22180	274	224	243	307	360	219
AT3G25265	0	0	0	0	0	0
AT3G05390	187	241	214	164	154	243
AT3G54720	601	578	589	993	1621	940
AT3G15000	3575	3187	2839	3643	4493	3104
AT3G05860	6	0	4	1	1	2
AT3G16250	2	2	2	3	10	1
AT3G20130	511	376	418	460	535	510
AT3G20490	257	214	210	250	268	247
AT3G01640	1018	1027	837	868	962	764
AT3G13390	1	0	0	0	0	0
AT3G01327	0	0	0	0	0	0
AT3G13850	0	1	0	0	1	1
AT3G03030	589	563	523	568	462	603
AT3G62060	210	210	173	221	258	187
AT3G22845	2173	1686	1868	1592	1746	1558
AT3G24513	0	0	0	0	0	0
AT3G02340	342	364	357	387	547	426
AT3G57130	9	9	5	13	30	6
AT3G59580	5	19	38	0	0	1
AT3G24750	118	66	74	113	128	109
AT3G45180	18	19	16	12	21	12
AT3G45880	38	40	37	40	61	47
AT3G05310	1	2	0	1	1	0
AT3G43110	139	137	145	61	86	76
AT3G43430	271	302	192	240	359	230
AT3G06280	0	0	0	0	0	0
AT3G01330	154	107	122	157	213	156
AT3G47295	5	1	2	5	0	2
AT3G48600	33	29	45	48	59	22
AT3G26920	185	206	199	181	205	179
AT3G57690	0	0	0	0	0	0
AT3G15780	194	154	123	205	190	185
AT3G63080	1034	842	891	775	863	830
AT3G22310	1407	1107	1025	1382	1559	1263
AT3G28690	1096	1040	1263	1222	1437	1253
AT3G60500	654	577	479	692	745	584
AT3G19553	642	690	731	621	718	721
AT3G15390	182	188	215	217	227	202
AT3G58160	137	143	166	98	157	90
AT3G60260	727	835	658	637	618	604
AT3G45750	185	163	140	250	273	165
AT3G24000	87	80	100	157	180	114
AT3G01400	346	270	296	309	337	294
AT3G46260	0	0	2	5	6	3
AT3G29250	3680	3162	3912	1617	1539	2071
AT3G52470	2783	2863	3443	1777	1967	1941
AT3G62260	5993	7939	10588	7261	6156	8700
AT3G47850	351	302	263	315	388	312
AT3G56770	35	47	36	46	67	21
AT3G09570	919	875	939	960	1075	831
AT3G30280	0	0	0	0	0	0
AT3G25780	12847	15167	18305	9927	8352	12358
AT3G53130	33	28	25	24	33	28
AT3G24715	265	253	227	244	323	274
AT3G53010	90	59	73	96	97	55
AT3G21000	8	5	7	18	11	10
AT3G42995	0	0	0	0	0	0
AT3G25810	0	0	1	0	0	1
AT3G61890	1830	2754	2690	2219	1808	1237
AT3G16890	98	91	78	83	118	55
AT3G26220	22	29	17	18	17	33
AT3G60020	1	0	2	0	0	0
AT3G13020	89	79	56	68	83	63
AT3G49080	1049	809	746	991	1027	866
AT3G48070	465	469	534	436	509	437
AT3G15690	548	461	455	376	480	423
AT3G55790	3	3	2	3	1	1
AT3G21300	146	89	75	138	131	121
AT3G59100	1419	1588	1725	1750	2262	2223
AT3G04380	130	115	123	132	117	106
AT3G62110	604	670	638	715	847	580
AT3G06340	362	347	342	421	562	392
AT3G26600	282	312	278	270	359	311
AT3G59450	15	12	8	9	7	19
AT3G17860	2654	3113	3797	1580	1346	1951
AT3G19508	138	113	118	98	115	94
AT3G19270	1	2	4	1	2	0
AT3G61720	0	0	0	0	0	0
AT3G07140	514	550	526	595	762	546
AT3G60490	121	162	90	136	203	63
AT3G56750	538	517	471	529	704	508
AT3G25110	1257	1093	1196	994	1126	987
AT3G24210	298	198	186	334	322	297
AT3G14300	0	0	0	1	0	2
AT3G04430	0	0	0	0	0	1
AT3G07560	2103	2076	2057	1816	2038	2107
AT3G27280	1173	828	773	1209	1252	954
AT3G46370	0	2	3	2	1	3
AT3G48390	60	51	25	80	120	75
AT3G19010	1299	991	1135	817	888	1313
AT3G59840	242	168	142	223	246	171
AT3G53680	178	167	207	190	158	163
AT3G02520	2460	2290	2130	2362	2496	2107
AT3G55360	1463	1239	1247	1296	1387	1169
AT3G61080	9	8	10	8	13	9
AT3G45850	1208	1480	1415	1475	1642	1395
AT3G23740	132	103	84	152	205	102
AT3G49725	303	253	254	286	357	219
AT3G25820	1	0	0	0	0	0
AT3G48170	2868	2529	2228	2582	2883	2607
AT3G16690	747	824	933	613	507	668
AT3G61620	495	373	393	385	456	396
AT3G44703	2	0	1	2	1	0
AT3G14910	249	218	204	219	273	185
AT3G11390	48	56	59	40	50	58
AT3G14460	13	18	12	13	23	30
AT3G18773	125	159	86	132	197	78
AT3G04020	163	121	150	141	152	131
AT3G07640	330	286	208	307	381	272
AT3G18280	3734	2270	1966	3388	4181	2649
AT3G56950	880	887	911	933	1042	866
AT3G06545	1	0	1	1	1	0
AT3G58900	211	131	147	171	216	191
AT3G14075	479	494	419	447	496	475
AT3G48475	0	0	0	0	0	0
AT3G07120	14	12	19	10	18	17
AT3G55040	553	563	656	454	318	514
AT3G62590	192	186	218	132	171	129
AT3G19820	16518	15303	16513	15715	18346	16544
AT3G22230	6361	3976	3860	5013	5695	4612
AT3G24080	1423	1332	1204	1518	1662	1376
AT3G57040	148	122	86	295	565	156
AT3G18380	431	385	323	436	535	421
AT3G05810	435	355	321	352	413	346
AT3G22350	0	0	0	0	0	0
AT3G05620	53	95	88	77	77	67
AT3G03150	2747	2746	2588	1721	2013	1677
AT3G21280	433	350	336	391	444	364
AT3G27185	0	0	0	1	0	0
AT3G15800	87	145	132	136	157	147
AT3G02090	9139	8129	8151	8174	9412	7980
AT3G26115	87	79	71	77	106	68
AT3G26890	861	764	700	1033	1367	1005
AT3G42140	0	0	0	0	0	0
AT3G62350	0	0	0	0	0	0
AT3G20800	693	718	637	606	752	680
AT3G18440	666	628	587	440	657	395
AT3G60650	6	6	5	8	6	10
AT3G50980	80	63	76	7	6	26
AT3G48344	0	0	0	0	0	0
AT3G20557	0	0	0	0	1	1
AT3G13170	22	23	16	17	29	19
AT3G55080	177	142	130	226	260	223
AT3G48640	6	3	2	3	5	8
AT3G28840	6	18	5	1	16	1
AT3G22990	512	591	576	536	692	587
AT3G45310	1846	1616	1798	1419	1660	1557
AT3G23480	2	4	1	10	12	24
AT3G28830	0	5	5	1	2	0
AT3G01960	3	3	6	1	0	1
AT3G09370	197	191	202	209	245	177
AT3G18990	1661	1627	1635	1374	1360	1485
AT3G23420	3	0	0	6	3	4
AT3G56880	3708	3902	4866	4550	5668	4670
AT3G59660	764	824	752	848	1032	826
AT3G59820	1280	1164	1034	980	1172	804
AT3G03720	611	577	638	448	579	555
AT3G49880	291	290	241	318	407	241
AT3G27980	0	0	0	0	0	0
AT3G12520	419	429	303	488	598	390
AT3G48210	393	359	296	373	467	342
AT3G61850	1578	1751	2058	1736	2118	1766
AT3G15580	468	390	443	401	436	391
AT3G19580	5846	8103	10984	6644	5064	7110
AT3G04260	285	313	267	335	414	308
AT3G01650	883	842	847	722	953	853
AT3G22260	560	548	590	341	331	429
AT3G25970	45	34	45	59	73	49
AT3G08610	3225	2052	2095	2277	2379	2056
AT3G26460	3357	4423	5861	2692	1992	1712
AT3G07180	1445	1347	1381	1238	1533	1179
AT3G24590	133	129	128	138	191	133
AT3G43180	0	0	0	0	0	0
AT3G46616	0	2	3	2	4	0
AT3G14350	3423	3763	3569	3010	3813	2498
AT3G16010	92	59	39	62	77	58
AT3G55650	5	5	13	10	9	8
AT3G13784	150	423	34	97	295	0
AT3G56370	1078	1145	1001	1680	2032	1271
AT3G27520	135	89	98	106	147	101
AT3G10240	0	0	0	0	0	0
AT3G47460	407	621	523	644	758	545
AT3G28130	238	269	241	276	343	221
AT3G59690	1721	1917	2064	1480	1714	1719
AT3G15670	2427	662	798	128	174	142
AT3G02060	250	332	275	339	469	362
AT3G04690	4	1	0	0	0	0
AT3G03930	0	1	4	0	1	0
AT3G01600	61	76	42	80	100	46
AT3G18650	0	0	0	0	0	0
AT3G47550	780	941	926	726	772	800
AT3G03320	430	408	346	407	405	309
AT3G07670	99	138	96	130	130	87
AT3G46510	1778	1728	1828	1885	2129	2092
AT3G11530	379	351	334	281	403	326
AT3G21351	11	6	5	34	16	22
AT3G13150	291	207	218	291	319	228
AT3G58060	0	0	1	0	0	5
AT3G19560	5	6	2	10	7	5
AT3G55000	578	438	472	492	618	515
AT3G28875	17	23	30	23	22	17
AT3G10020	2985	1935	1350	2440	3240	2428
AT3G55840	1460	2380	2148	1349	818	1467
AT3G07610	785	835	883	838	841	878
AT3G55780	2	1	1	0	0	1
AT3G11370	155	198	153	60	83	118
AT3G42550	28	27	28	6	13	2
AT3G14710	9	10	15	7	4	4
AT3G29240	204	165	135	269	485	271
AT3G01890	177	160	167	204	209	198
AT3G45130	173	321	443	217	194	108
AT3G26650	96	42	13	65	227	19
AT3G55880	993	1016	912	771	649	893
AT3G54150	359	492	456	338	261	707
AT3G30775	9105	11870	7902	4879	3963	4730
AT3G13062	391	357	436	374	460	428
AT3G25530	2224	2012	1946	2047	2265	1788
AT3G25014	0	0	0	0	0	0
AT3G47450	171	140	126	148	210	146
AT3G21640	578	544	602	568	677	616
AT3G01900	87	90	110	22	26	42
AT3G15520	71	84	82	50	58	71
AT3G10900	0	0	0	0	0	1
AT3G13070	802	804	742	912	1042	895
AT3G07930	78	73	68	90	135	86
AT3G11800	1602	1382	1395	1310	1479	1214
AT3G19540	993	945	1001	1163	1378	1088
AT3G16720	1558	2132	2560	1827	2262	2147
AT3G15300	110	76	98	123	162	102
AT3G19650	519	407	399	436	519	439
AT3G20080	751	790	852	1038	1051	913
AT3G29400	421	513	542	351	377	456
AT3G62880	144	126	118	115	146	142
AT3G56610	0	0	0	0	0	0
AT3G24575	0	0	0	0	1	0
AT3G47960	16084	27910	26691	9472	6520	11916
AT3G60370	76	50	45	84	93	102
AT3G01830	2288	2543	3684	1637	1370	3057
AT3G22490	0	0	0	0	0	0
AT3G04545	0	0	0	0	0	0
AT3G29630	142	106	169	114	124	107
AT3G07000	261	286	237	135	157	167
AT3G47500	82	71	90	217	491	110
AT3G02840	3541	5042	6838	3907	3255	5877
AT3G29637	0	0	1	0	0	0
AT3G02030	166	153	130	201	235	146
AT3G01513	450	413	618	164	181	320
AT3G08520	3202	1772	1759	2010	2136	2047
AT3G25550	2	2	0	0	1	5
AT3G21600	640	940	982	574	706	617
AT3G52710	1123	1279	1672	1227	1227	1378
AT3G47200	618	759	663	627	686	701
AT3G20395	0	0	0	1	2	1
AT3G15518	396	324	504	177	239	450
AT3G45240	740	715	659	701	741	688
AT3G49760	28	12	28	12	29	3
AT3G02510	677	981	682	826	1161	496
AT3G15870	0	0	0	0	0	0
AT3G24600	0	1	0	0	0	0
AT3G62600	1972	1569	1703	2021	2067	1720
AT3G17280	62	56	45	55	66	44
AT3G07750	325	299	264	353	440	301
AT3G05970	1844	1944	1963	1744	1984	1834
AT3G53550	0	0	0	0	0	0
AT3G04460	154	175	181	178	223	178
AT3G55566	0	0	0	0	0	0
AT3G16040	2	3	3	4	1	11
AT3G13050	585	650	641	468	487	554
AT3G16910	1140	1252	1301	1344	1460	1537
AT3G28040	305	488	247	571	828	148
AT3G26800	0	0	0	0	0	0
AT3G16360	35	53	83	17	11	35
AT3G03760	9	17	10	4	8	5
AT3G28470	3	3	5	4	2	3
AT3G61182	0	0	0	0	0	0
AT3G60440	486	403	372	446	506	409
AT3G02360	7629	8637	8809	6623	6848	6787
AT3G45680	547	576	652	460	699	420
AT3G43870	0	0	0	0	0	0
AT3G43700	261	265	236	265	292	227
AT3G52280	424	380	355	434	471	376
AT3G04310	41	43	53	51	54	46
AT3G06870	0	0	1	0	0	1
AT3G50685	68	69	59	67	143	67
AT3G57180	47	46	43	57	66	46
AT3G62970	327	269	330	316	356	282
AT3G12590	705	763	627	808	935	866
AT3G63240	419	297	284	435	524	437
AT3G05520	620	548	553	546	631	442
AT3G63340	962	931	1073	971	1261	992
AT3G52210	214	222	210	207	295	246
AT3G56490	1557	1170	1249	1355	1533	1408
AT3G28230	2	0	0	0	1	0
AT3G15352	170	130	135	116	129	112
AT3G25930	234	163	194	269	304	330
AT3G16120	1	1	0	2	1	2
AT3G54780	76	87	115	203	417	129
AT3G48730	237	254	217	253	353	247
AT3G43790	169	231	254	215	291	318
AT3G62190	280	240	251	206	235	201
AT3G11290	357	310	265	359	452	300
AT3G48060	522	618	546	586	633	600
AT3G54620	2080	2075	1818	2220	2456	2369
AT3G51730	1147	1197	1180	1117	1211	1273
AT3G51620	746	821	814	839	882	817
AT3G23080	341	297	221	444	580	392
AT3G09930	1	0	2	1	0	0
AT3G54490	1	2	0	2	1	1
AT3G28455	71	67	69	69	124	78
AT3G23540	763	847	824	715	827	790
AT3G48080	134	134	173	176	219	264
AT3G55920	486	438	448	432	470	398
AT3G52080	0	0	0	0	0	2
AT3G13770	37	58	37	31	31	40
AT3G53720	12	19	8	15	12	16
AT3G48990	4479	2803	2483	4955	7235	4730
AT3G19290	667	470	437	475	602	486
AT3G57500	66	88	84	101	116	65
AT3G17080	0	0	0	0	0	0
AT3G61829	0	2	1	2	1	2
AT3G48790	30	15	15	17	5	23
AT3G20650	502	479	440	436	594	469
AT3G25290	1712	2384	2411	1710	2115	1387
AT3G22150	24	23	18	26	52	40
AT3G24020	1205	719	790	831	889	1068
AT3G19690	0	0	0	0	0	0
AT3G08790	5	13	8	17	22	13
AT3G07860	206	116	140	179	234	146
AT3G44690	112	104	89	138	187	118
AT3G21700	57	54	40	58	54	59
AT3G17155	0	0	0	0	0	0
AT3G50420	34	23	44	37	45	15
AT3G01015	34	50	30	36	48	26
AT3G28120	0	0	0	0	0	0
AT3G30260	320	303	474	315	406	503
AT3G26720	4010	3598	3008	4046	4907	4334
AT3G01100	627	631	613	489	636	500
AT3G10585	0	0	0	0	0	0
AT3G12740	2328	2205	2344	2264	2267	2578
AT3G11260	19	11	9	23	21	28
AT3G09540	458	592	628	462	578	366
AT3G20350	406	385	290	353	455	293
AT3G04210	7	46	37	38	43	103
AT3G49720	4722	4606	4838	3387	3307	3944
AT3G25710	781	1087	1094	581	823	502
AT3G59910	1231	1229	1272	1093	1295	936
AT3G47520	2282	2073	2004	1908	2306	1814
AT3G13075	0	0	0	0	0	0
AT3G13320	1560	1659	1676	1156	1265	1263
AT3G23700	63	48	32	50	120	79
AT3G47770	12	21	22	41	44	47
AT3G14540	150	80	94	136	142	150
AT3G16565	307	293	328	258	319	270
AT3G29255	0	0	0	0	0	0
AT3G13950	43	42	57	21	21	18
AT3G42060	0	0	0	0	0	0
AT3G16880	0	0	0	0	0	0
AT3G09035	484	606	522	536	704	548
AT3G15070	434	384	388	464	578	463
AT3G07010	854	588	620	675	856	801
AT3G45710	710	617	821	924	1243	1151
AT3G61660	21	13	12	22	36	19
AT3G17580	14	8	8	7	7	5
AT3G14090	920	1033	1134	853	901	1159
AT3G49940	668	637	738	547	1074	334
AT3G27890	1694	1487	1670	1353	1506	1452
AT3G19510	480	424	436	495	561	475
AT3G11710	3769	3430	3159	3894	4239	3437
AT3G24220	0	0	0	0	0	0
AT3G20740	463	455	419	493	498	416
AT3G54660	1339	1285	1214	1473	1772	1323
AT3G15400	78	76	97	91	115	76
AT3G06010	747	768	804	916	1179	921
AT3G22020	0	0	0	0	0	0
AT3G63430	329	212	217	504	405	390
AT3G14140	0	1	2	0	3	0
AT3G55960	1476	1571	1702	1192	1294	1427
AT3G21295	239	284	254	286	345	273
AT3G57610	1601	1492	1364	1693	1960	1511
AT3G19085	5	1	2	2	0	0
AT3G03790	757	792	714	951	1178	829
AT3G10000	0	0	1	0	0	2
AT3G13590	35	48	53	31	49	32
AT3G23870	101	73	50	44	49	53
AT3G28660	115	92	84	74	64	70
AT3G25900	454	364	332	362	349	387
AT3G50845	123	140	156	162	166	127
AT3G44405	4	8	3	7	2	3
AT3G50300	120	83	80	152	307	128
AT3G29260	1	0	2	0	0	0
AT3G20960	335	348	389	366	484	383
AT3G45830	1175	1240	1256	1231	1334	1270
AT3G23120	6	1	6	6	9	14
AT3G60050	197	124	120	163	188	124
AT3G18160	334	325	371	274	358	297
AT3G16160	17	19	15	7	15	7
AT3G06260	0	0	0	0	0	0
AT3G27710	1	2	1	0	0	0
AT3G08920	26	34	24	34	40	26
AT3G47050	27	31	54	73	78	103
AT3G55400	620	530	575	561	724	642
AT3G61028	1	1	1	1	1	0
AT3G11770	651	638	580	569	669	648
AT3G20420	19	39	14	36	55	35
AT3G46980	173	201	203	229	320	224
AT3G28650	35	27	21	52	56	48
AT3G22830	1113	1708	941	529	462	641
AT3G09710	492	575	490	471	513	356
AT3G44730	930	1451	1360	1517	1798	1109
AT3G17205	1355	1561	1485	1327	1452	1260
AT3G50780	255	247	191	336	451	271
AT3G23360	4	1	3	5	2	0
AT3G10527	1	2	0	0	2	0
AT3G25140	3616	4098	4147	3042	3284	2755
AT3G14440	257	314	610	264	278	276
AT3G04443	30	18	20	30	38	11
AT3G44261	0	0	0	0	0	0
AT3G13230	689	437	403	551	619	537
AT3G60180	133	107	133	106	104	109
AT3G12545	0	0	0	0	0	0
AT3G51040	339	320	311	323	352	396
AT3G62550	0	0	0	1	0	0
AT3G27690	600	738	252	349	253	637
AT3G58530	467	445	403	409	444	476
AT3G58780	23	13	16	12	12	8
AT3G24060	0	0	0	2	0	0
AT3G47190	0	0	0	0	0	0
AT3G19565	0	0	0	0	0	0
AT3G02630	1721	1519	1506	1670	1966	1431
AT3G52290	339	229	196	319	337	351
AT3G04930	1340	1601	1659	1454	1598	1438
AT3G15095	1014	717	817	959	1109	1058
AT3G22333	0	0	0	0	0	0
AT3G28180	11050	15346	14587	7871	5642	9971
AT3G06120	0	0	0	0	0	0
AT3G57910	148	148	134	120	152	135
AT3G47020	3	4	3	8	4	3
AT3G61111	0	0	2	0	0	0
AT3G55850	706	584	623	645	736	735
AT3G25577	2	2	0	1	4	1
AT3G54380	364	318	337	356	447	362
AT3G61860	1452	1232	1237	1362	1420	1387
AT3G52320	0	0	0	0	0	0
AT3G23860	0	0	0	0	0	0
AT3G53950	184	272	228	208	342	141
AT3G16780	4410	2611	2416	3346	3497	2920
AT3G27290	48	50	38	34	41	32
AT3G55260	788	737	761	799	840	732
AT3G15510	101	146	112	130	182	127
AT3G19670	1211	1125	1109	1072	1211	1151
AT3G01290	2389	2773	2105	2543	2256	4019
AT3G02140	2868	2868	2912	992	802	1161
AT3G49510	25	30	18	27	21	16
AT3G50130	128	119	147	84	95	114
AT3G11980	7	4	8	3	4	8
AT3G11500	822	736	694	681	918	630
AT3G13990	1328	1583	1441	1345	1425	1324
AT3G05290	637	713	675	613	750	661
AT3G01323	0	0	0	0	0	0
AT3G57650	1471	1398	1418	1317	1558	1211
AT3G28925	1	1	1	0	2	0
AT3G19090	0	6	7	4	4	5
AT3G44800	7	4	2	6	13	3
AT3G47830	41	33	34	40	55	32
AT3G14100	1973	1869	1942	1860	2125	1738
AT3G04900	2	1	0	2	0	2
AT3G55410	5433	6305	5680	5341	5849	5078
AT3G56780	4	19	25	19	46	5
AT3G60660	87	120	98	126	104	99
AT3G43300	4061	4832	4836	4806	5556	4952
AT3G01620	4	7	0	3	1	1
AT3G57210	10	5	8	8	2	4
AT3G09210	137	114	107	180	192	125
AT3G56830	64	61	60	79	74	78
AT3G48860	1048	999	1025	1016	1167	957
AT3G13700	0	0	0	0	0	0
AT3G46270	26	26	22	46	68	35
AT3G09980	1415	1627	1679	1352	1696	1302
AT3G01510	204	193	202	135	154	218
AT3G18460	0	1	0	0	1	2
AT3G22540	26	9	12	20	40	20
AT3G15604	0	0	0	0	0	0
AT3G12760	2350	2264	2110	2066	2276	1951
AT3G18120	0	0	0	0	1	0
AT3G10940	450	407	396	377	433	363
AT3G55940	319	406	529	151	157	165
AT3G53600	543	431	552	213	226	526
AT3G05741	0	0	0	0	0	0
AT3G13224	704	642	604	548	723	578
AT3G19900	234	257	227	192	225	225
AT3G22070	116	158	119	181	222	148
AT3G63020	0	0	0	1	0	0
AT3G61177	0	0	0	0	0	0
AT3G19595	0	0	0	0	0	0
AT3G46130	476	368	316	464	706	328
AT3G09490	119	112	103	118	122	112
AT3G49460	0	0	0	0	0	0
AT3G12870	305	221	217	307	348	246
AT3G53810	390	548	482	435	455	508
AT3G23167	0	0	0	0	0	0
AT3G52010	0	0	0	0	0	0
AT3G02255	0	2	0	0	0	2
AT3G05980	114	86	83	146	172	133
AT3G20020	274	279	226	321	387	334
AT3G60690	177	135	103	260	449	241
AT3G52530	0	2	0	1	0	2
AT3G08850	2026	2514	2392	2427	2905	2508
AT3G49845	232	188	233	282	318	330
AT3G23340	293	520	481	523	798	345
AT3G28740	428	305	396	226	191	259
AT3G51130	966	924	960	824	938	890
AT3G06650	3799	3285	3690	3055	3173	2839
AT3G26900	278	259	254	285	271	270
AT3G06780	314	373	297	358	444	312
AT3G59000	119	109	109	144	166	130
AT3G05260	9	15	7	19	21	11
AT3G43950	0	0	0	0	0	0
AT3G12400	1376	1403	1353	1109	1034	1085
AT3G09250	120	107	85	77	143	64
AT3G30823	0	0	0	0	0	0
AT3G54520	8	3	4	3	6	7
AT3G45443	168	164	151	136	187	120
AT3G29590	13	0	0	1	61	0
AT3G01700	0	1	1	1	1	0
AT3G10300	6463	8328	8852	5753	3647	5765
AT3G59850	80	59	54	96	116	92
AT3G51640	441	424	391	476	525	449
AT3G26430	18	23	25	26	23	22
AT3G03240	8	7	7	1	2	4
AT3G28940	5138	5797	5983	5083	5892	5917
AT3G16450	6421	8260	7930	8296	8328	5511
AT3G27110	192	215	225	167	212	199
AT3G19380	239	238	224	308	301	256
AT3G45980	2460	1915	1928	2369	2825	2324
AT3G63490	562	441	311	553	682	536
AT3G61950	5	3	0	9	12	0
AT3G44870	3405	2116	2813	938	831	1580
AT3G43500	0	0	0	0	0	0
AT3G52941	0	0	0	0	0	0
AT3G22760	102	123	94	159	181	153
AT3G53630	1060	787	792	975	1113	783
AT3G18420	348	226	225	274	321	220
AT3G06850	769	737	448	1042	1015	896
AT3G46660	3	3	1	1	0	1
AT3G62700	4596	5193	6048	3489	4813	3756
AT3G47570	1413	2019	1770	1207	1108	1055
AT3G57720	15	17	11	10	9	8
AT3G26420	0	3	5	8	10	6
AT3G54480	822	627	678	730	835	680
AT3G58510	1599	1558	1453	1583	1759	1467
AT3G28140	51	62	43	51	70	56
AT3G01420	3051	2615	2046	864	520	845
AT3G44480	801	932	883	813	846	721
AT3G08760	1601	1585	1694	1545	1676	2314
AT3G07195	981	1210	1586	711	566	1410
AT3G14220	472	489	425	439	602	319
AT3G20410	1157	1258	1129	1142	1400	1366
AT3G62340	0	0	0	0	0	2
AT3G20730	19	17	11	20	22	18
AT3G49305	0	0	0	0	0	0
AT3G04300	31	20	41	30	42	39
AT3G47820	513	524	805	337	366	401
AT3G06110	270	240	281	295	343	266
AT3G48800	107	102	122	111	155	106
AT3G19130	5727	6057	5091	4109	3563	3815
AT3G48400	59	50	46	64	78	77
AT3G25460	0	0	0	0	0	0
AT3G11070	863	772	634	805	882	669
AT3G23230	67	70	45	172	180	131
AT3G05920	413	280	273	273	286	311
AT3G29560	0	0	0	0	0	0
AT3G03010	348	316	278	314	371	325
AT3G57890	1644	1788	1738	1578	1800	1536
AT3G55680	0	0	0	0	0	0
AT3G27730	74	69	58	66	75	57
AT3G54280	1166	1261	1212	1361	1660	1348
AT3G29763	0	0	0	0	0	0
AT3G14660	873	786	1039	731	606	579
AT3G06620	702	651	696	770	915	708
AT3G06840	50	50	30	74	100	45
AT3G03510	2	0	0	2	1	1
AT3G14370	87	39	25	63	77	56
AT3G50520	485	453	377	439	479	409
AT3G25580	446	347	345	311	383	300
AT3G51380	4	9	11	4	9	0
AT3G05570	299	215	204	278	248	251
AT3G59640	201	192	176	149	239	164
AT3G27660	0	2	0	2	7	3
AT3G27835	0	0	0	0	0	0
AT3G26730	1722	1963	1960	1877	2075	1756
AT3G24225	0	0	0	2	0	0
AT3G12200	649	1006	883	985	1460	839
AT3G62280	178	116	121	216	284	240
AT3G45510	0	0	0	0	0	0
AT3G58980	51	49	50	83	124	153
AT3G23955	10	5	3	4	2	4
AT3G56300	66	41	39	61	78	46
AT3G05740	132	87	106	122	163	110
AT3G29350	663	607	572	506	586	479
AT3G09760	326	287	326	331	454	373
AT3G45430	194	178	173	138	169	167
AT3G50720	0	0	0	1	0	0
AT3G09030	247	205	195	177	267	220
AT3G62310	1486	1467	1393	1700	1856	1582
AT3G60590	193	183	139	152	217	151
AT3G53070	0	0	0	0	0	0
AT3G22110	3159	2505	2379	2646	2907	2320
AT3G08800	160	150	169	180	242	177
AT3G14420	10	1	2	7	17	3
AT3G62840	2216	1820	1839	1768	2108	1653
AT3G13970	57	49	49	34	52	53
AT3G50790	304	291	293	306	299	365
AT3G09510	0	0	0	0	0	0
AT3G58740	0	0	0	1	0	0
AT3G51500	321	258	302	255	310	304
AT3G15359	0	0	0	0	0	0
AT3G10670	555	482	414	436	577	442
AT3G62760	514	305	286	429	494	431
AT3G46870	152	100	83	130	109	84
AT3G55250	87	114	90	127	157	113
AT3G14960	337	321	282	325	385	303
AT3G24740	742	641	662	572	742	690
AT3G46690	246	190	137	257	255	351
AT3G49340	0	0	0	0	1	0
AT3G21410	0	1	0	1	4	0
AT3G61590	885	923	982	1114	1063	988
AT3G62790	1260	945	859	893	998	791
AT3G04140	31	47	61	67	139	36
AT3G23172	1	1	0	0	0	0
AT3G10986	22	41	34	18	22	36
AT3G55910	91	91	101	68	60	66
AT3G03100	3266	2549	2606	2507	2771	2345
AT3G52420	235	241	212	208	250	209
AT3G20360	13	13	16	70	106	173
AT3G10113	0	0	0	0	0	0
AT3G49160	854	1013	1096	632	513	848
AT3G21650	379	500	481	312	419	412
AT3G18980	401	482	419	489	644	461
AT3G46640	1014	1288	747	653	900	666
AT3G21430	794	863	881	777	957	893
AT3G57840	0	0	0	0	0	0
AT3G17668	98	86	87	81	119	88
AT3G16340	6049	8790	7597	6372	8051	6868
AT3G62290	15635	13065	14489	12219	13290	12649
AT3G03330	639	561	494	535	631	549
AT3G51080	62	55	51	49	70	61
AT3G54420	208	203	235	176	229	236
AT3G63215	0	1	0	1	0	3
AT3G04950	123	67	63	124	127	124
AT3G25240	10	18	14	17	10	12
AT3G17480	0	0	0	0	0	0
AT3G56150	6750	6344	5885	6918	7545	6376
AT3G53260	7997	15695	16433	8183	7000	9063
AT3G13450	379	281	238	399	451	419
AT3G13570	1445	1196	1162	1470	1528	1392
AT3G43840	14	10	6	12	34	8
AT3G54610	315	388	342	380	454	367
AT3G09080	59	47	47	53	87	53
AT3G59260	0	0	0	0	0	0
AT3G03590	200	181	184	191	253	215
AT3G26380	521	626	581	536	675	488
AT3G30300	1934	2081	1687	1433	1380	1285
AT3G11020	210	230	290	259	326	330
AT3G26960	101	96	30	66	55	53
AT3G04660	1	3	2	4	3	2
AT3G06790	453	360	351	476	526	413
AT3G20780	323	259	268	335	364	320
AT3G11820	6417	8254	8683	6100	5077	7443
AT3G60966	3	6	3	3	0	6
AT3G05580	1684	2085	1846	1253	1043	1231
AT3G56560	0	0	0	0	0	0
AT3G02440	0	0	0	0	0	0
AT3G50010	568	708	633	414	439	513
AT3G58877	0	0	0	0	0	0
AT3G05440	4	0	3	1	1	3
AT3G59710	107	70	91	25	22	28
AT3G19590	437	592	429	579	666	513
AT3G12350	539	460	370	456	599	446
AT3G20630	1683	1695	1592	1580	1854	1543
AT3G17250	309	332	307	280	289	220
AT3G12820	56	51	81	59	113	42
AT3G53200	0	1	0	0	2	3
AT3G56980	43	72	119	25	22	58
AT3G59455	0	0	0	0	0	0
AT3G27820	1256	1126	1235	874	1048	840
AT3G53390	514	567	510	541	621	559
AT3G08880	194	162	178	142	181	157
AT3G25620	60	100	105	16	20	21
AT3G59440	157	173	131	139	121	93
AT3G24420	101	63	109	59	48	89
AT3G47290	21	18	24	19	16	17
AT3G03420	454	327	335	399	479	374
AT3G11930	767	394	355	560	621	531
AT3G54470	2170	1768	1631	2238	2396	1844
AT3G55935	0	1	2	2	1	3
AT3G56930	547	522	577	606	657	508
AT3G26050	101	91	81	126	163	87
AT3G61610	314	307	309	395	443	271
AT3G51770	1317	1325	1279	1158	1358	1293
AT3G16050	678	619	519	596	583	545
AT3G44120	13	6	5	12	9	15
AT3G47380	239	151	211	178	243	246
AT3G05975	0	0	0	0	0	0
AT3G54860	882	1015	994	853	1004	876
AT3G16770	1033	1673	1435	1680	2291	496
AT3G46540	451	686	562	565	639	356
AT3G61270	603	483	596	372	451	466
AT3G05800	91	77	81	85	110	87
AT3G25560	920	1398	1230	1622	3095	1016
AT3G44880	152	173	115	116	140	72
AT3G24900	1	1	0	0	0	0
AT3G17210	1142	876	807	1112	1243	993
AT3G15260	927	754	806	792	937	872
AT3G18295	214	240	244	213	231	198
AT3G60080	400	415	422	492	642	375
AT3G55320	470	508	531	516	671	499
AT3G55310	13	7	18	10	12	20
AT3G52440	1	0	1	2	2	2
AT3G58690	199	180	172	197	225	164
AT3G07200	190	185	183	171	233	214
AT3G02190	670	451	435	499	510	453
AT3G27910	1	0	0	0	0	0
AT3G62020	459	729	590	410	528	461
AT3G51720	1778	2259	1747	2500	3292	1891
AT3G44020	5	2	5	2	5	2
AT3G21660	15	27	35	2	1	4
AT3G56440	70	56	46	81	102	71
AT3G48209	0	0	0	0	0	0
AT3G57465	0	2	1	2	3	2
AT3G32930	290	277	242	277	431	317
AT3G59350	11134	14402	14283	7710	5482	10609
AT3G21140	533	571	516	632	703	623
AT3G05510	198	158	185	215	281	228
AT3G30165	0	0	0	0	0	0
AT3G44860	2279	1712	2018	1131	964	1822
AT3G56580	740	704	668	725	887	713
AT3G57785	469	330	350	402	498	400
AT3G01150	579	561	450	486	618	494
AT3G47390	357	352	307	347	472	361
AT3G56240	4127	5019	3083	3792	4471	3576
AT3G60740	627	704	725	826	964	727
AT3G13720	595	569	652	377	407	470
AT3G45840	208	236	264	82	70	73
AT3G17220	0	0	0	0	0	0
AT3G10630	270	245	224	280	317	331
AT3G27550	160	123	114	200	224	127
AT3G48200	4	1	0	5	5	4
AT3G08840	725	565	675	523	633	493
AT3G52780	26	32	30	4	7	5
AT3G22080	0	0	0	0	0	0
AT3G07370	615	535	529	460	447	513
AT3G28460	92	85	91	93	110	95
AT3G46310	0	0	0	0	0	0
AT3G56430	368	295	307	308	373	271
AT3G48970	84	70	74	141	146	83
AT3G56700	23	24	43	23	12	21
AT3G53350	401	473	460	478	659	420
AT3G21730	0	0	0	0	0	0
AT3G08947	204	136	162	254	275	192
AT3G44769	14	19	23	17	21	4
AT3G55630	36	15	8	16	15	21
AT3G24517	0	0	0	0	0	1
AT3G19910	1494	1360	1319	1398	1655	1456
AT3G12770	49	51	41	48	57	23
AT3G52600	0	0	0	0	0	0
AT3G45093	0	0	0	0	0	0
AT3G49830	20	9	22	15	24	14
AT3G22710	0	0	0	0	0	0
AT3G15480	1555	2004	2123	1106	1254	1240
AT3G04960	6	13	5	6	7	2
AT3G13980	195	252	233	334	597	174
AT3G19020	22	27	23	32	32	43
AT3G55200	59	71	71	100	106	64
AT3G12420	0	0	0	0	0	0
AT3G52160	3	1	1	2	1	2
AT3G59070	0	0	0	0	1	0
AT3G49370	100	101	98	106	138	154
AT3G10800	1496	1631	1550	1372	1418	1511
AT3G06460	55	129	131	193	173	177
AT3G44070	0	0	0	0	0	0
AT3G10420	306	284	328	337	389	315
AT3G57280	1017	1119	1015	794	778	994
AT3G06510	774	892	821	953	1208	765
AT3G46710	14	25	22	26	37	22
AT3G50250	0	0	0	0	0	0
AT3G02245	37	11	13	18	16	18
AT3G44370	320	276	278	269	310	272
AT3G55670	0	0	0	0	0	0
AT3G26780	1388	1171	1112	1252	1532	1177
AT3G24065	0	3	1	1	5	1
AT3G10790	0	0	0	0	0	1
AT3G57730	84	90	94	69	75	81
AT3G12160	1	1	2	0	2	2
AT3G08640	1652	1601	1366	1404	1467	1229
AT3G63250	1428	1113	1151	1261	1445	1250
AT3G07520	92	106	108	114	145	130
AT3G56130	2069	1768	1811	1952	2167	1641
AT3G44940	115	128	99	198	331	68
AT3G31560	0	0	0	0	0	0
AT3G17970	629	501	499	635	735	604
AT3G43920	283	356	344	357	482	402
AT3G16440	209	554	562	652	883	921
AT3G18100	180	156	171	185	304	199
AT3G12540	85	86	105	55	52	83
AT3G58300	0	0	0	0	0	0
AT3G44010	4055	2505	2587	3092	3283	2745
AT3G16990	224	182	233	172	176	169
AT3G10750	4	10	7	1	4	10
AT3G05725	0	0	0	0	0	0
AT3G50540	0	0	0	0	0	1
AT3G47040	226	235	237	291	348	336
AT3G03910	51	174	525	436	688	236
AT3G12630	5381	5750	5678	3191	3418	3276
AT3G25920	425	309	286	424	610	361
AT3G52075	0	0	0	0	0	0
AT3G13240	44	35	51	29	41	27
AT3G50100	91	146	128	151	178	126
AT3G21590	3	5	5	1	7	8
AT3G04450	64	37	36	50	63	45
AT3G12560	1126	837	965	880	1084	898
AT3G02870	561	593	423	532	671	411
AT3G01780	2020	1908	1854	1810	2141	1717
AT3G61030	0	1	0	0	0	0
AT3G12950	737	709	698	715	1093	821
AT3G60280	30	45	36	20	23	28
AT3G30247	0	0	0	0	0	0
AT3G51560	6	7	12	12	10	36
AT3G25150	2376	2128	2097	2550	3038	2305
AT3G57090	1083	889	985	773	914	825
AT3G51060	42	15	22	35	48	52
AT3G48850	13	28	13	3	3	15
AT3G01920	73	82	95	112	124	98
AT3G58500	4849	4272	4234	4633	5152	4544
AT3G23440	25	17	10	23	24	17
AT3G24630	11	20	15	15	28	26
AT3G01200	573	609	540	559	722	529
AT3G59790	1	0	0	0	0	0
AT3G18360	0	0	0	0	0	0
AT3G07590	462	267	328	344	363	295
AT3G57870	2316	2154	2152	2304	2695	2351
AT3G25760	121	148	101	33	29	47
AT3G46550	398	495	443	465	640	333
AT3G09880	613	616	618	646	748	676
AT3G11910	3453	3745	3591	3463	4075	3472
AT3G25020	32	59	46	86	143	44
AT3G21570	0	0	0	0	0	0
AT3G16900	39	32	31	20	21	21
AT3G52560	2073	2003	1958	1893	2355	1922
AT3G21790	20	27	36	2	7	19
AT3G44435	4	4	5	5	7	6
AT3G62080	250	276	271	298	367	262
AT3G27495	0	0	0	0	0	2
AT3G13662	30	37	28	12	5	3
AT3G03870	647	681	745	614	834	918
AT3G59050	269	232	193	296	419	236
AT3G17270	0	0	0	0	0	0
AT3G44330	2199	1667	1536	2242	2464	2061
AT3G25080	0	0	0	0	0	0
AT3G56530	0	0	0	0	0	0
AT3G48150	213	165	175	238	282	202
AT3G08490	61	85	61	76	90	43
AT3G21950	0	0	0	0	0	0
AT3G52390	328	234	219	266	303	241
AT3G13520	3471	2845	2573	1608	1471	1678
AT3G62650	1679	1292	1391	1414	1709	1694
AT3G44310	1177	1295	1258	1115	1492	571
AT3G56810	401	473	562	442	488	496
AT3G20860	277	360	289	321	454	335
AT3G22057	0	0	0	0	0	0
AT3G48110	839	769	789	856	1018	785
AT3G27470	427	344	362	447	451	389
AT3G60140	127	50	36	55	66	180
AT3G29320	1980	2258	1902	1754	2203	1427
AT3G04810	486	516	449	804	1000	587
AT3G57420	750	776	825	630	892	651
AT3G54550	0	0	0	0	0	0
AT3G44635	0	1	0	0	3	0
AT3G55150	256	261	226	173	203	202
AT3G47430	0	0	0	0	2	0
AT3G16090	306	342	323	366	420	346
AT3G52525	0	0	0	2	6	0
AT3G06990	192	150	118	125	81	144
AT3G13430	619	593	509	485	571	613
AT3G06350	1906	2055	1983	2064	2414	2006
AT3G48950	0	0	0	0	0	0
AT3G09600	86	60	119	52	64	54
AT3G18500	65	39	48	43	56	37
AT3G12860	484	312	275	441	465	436
AT3G04030	63	87	127	147	170	123
AT3G17500	0	0	0	0	0	0
AT3G49410	146	93	86	134	142	107
AT3G24330	0	0	0	0	0	0
AT3G50550	660	514	600	583	611	518
AT3G31950	0	0	0	0	0	0
AT3G45140	9	5	11	11	1	4
AT3G49551	0	0	0	0	0	0
AT3G29796	0	0	0	0	0	0
AT3G18020	57	68	70	50	78	45
AT3G27920	0	0	0	0	0	0
AT3G45640	8939	9233	10694	9953	8500	13381
AT3G20150	992	1307	1027	1427	1733	1067
AT3G52020	0	0	0	0	0	0
AT3G49060	492	540	543	571	636	507
AT3G23330	99	72	61	71	94	81
AT3G48340	6558	6744	8956	1762	1674	3589
AT3G07690	538	504	534	556	601	577
AT3G05590	13195	9158	8329	11107	12632	9797
AT3G21150	17	20	24	24	25	21
AT3G17170	231	151	126	225	240	187
AT3G10970	235	227	204	274	270	248
AT3G57230	1328	1056	1380	1216	1211	1233
AT3G50400	397	429	422	152	186	202
AT3G10180	237	277	281	306	371	285
AT3G56310	3015	2614	2633	1952	2187	2270
AT3G15830	26	21	30	15	20	18
AT3G04820	583	445	403	634	640	593
AT3G15280	11	3	0	0	0	4
AT3G24770	698	976	862	1098	1329	741
AT3G56710	179	236	281	383	569	347
AT3G18870	2	6	5	3	7	4
AT3G03270	2082	2483	2137	1446	1384	1226
AT3G21540	722	567	586	850	952	711
AT3G54590	945	1442	1193	868	1237	1614
AT3G48298	0	0	0	0	0	0
AT3G27100	438	338	325	404	469	361
AT3G29070	0	0	0	0	0	0
AT3G44704	1	2	0	0	1	2
AT3G57710	268	248	181	226	318	215
AT3G04610	1575	1358	1353	1435	1618	1340
AT3G57070	950	845	911	759	841	946
AT3G01610	641	573	490	650	759	608
AT3G22690	43	64	59	71	88	64
AT3G21370	3	3	4	6	0	4
AT3G57190	11	14	13	6	21	9
AT3G15250	18	12	10	44	110	31
AT3G24700	0	0	0	0	0	0
AT3G05540	0	0	0	0	0	0
AT3G32130	0	0	0	0	0	0
AT3G28750	31	26	27	38	39	41
AT3G44110	7809	7608	7151	7242	8379	7148
AT3G12880	0	2	0	0	2	0
AT3G46790	189	191	172	177	292	174
AT3G03350	91	113	122	102	170	117
AT3G50870	34	25	24	59	74	62
AT3G08510	2780	3258	3231	2709	3397	2900
AT3G49150	0	0	0	2	0	0
AT3G59590	0	0	0	0	0	0
AT3G13437	22	8	17	23	12	22
AT3G43970	3	1	0	9	2	3
AT3G61050	1740	1710	1671	1568	1923	1536
AT3G28780	0	0	0	0	0	0
AT3G58590	22	41	25	49	67	25
AT3G48020	168	129	182	63	62	72
AT3G51910	800	705	411	678	890	816
AT3G06890	671	737	813	661	566	635
AT3G26020	552	560	512	516	641	567
AT3G09990	0	0	0	0	0	0
AT3G28950	1502	1072	1229	1151	1191	1086
AT3G05960	0	0	0	0	0	0
AT3G27090	3119	3748	3547	3796	3895	3942
AT3G57510	0	0	0	0	0	0
AT3G59570	179	149	197	203	262	176
AT3G02230	9132	8035	7828	8383	9253	7870
AT3G61170	49	38	33	55	73	29
AT3G20760	3	2	1	1	2	0
AT3G61870	59	81	50	51	116	24
AT3G06040	1465	1040	1059	1213	1376	1076
AT3G62450	369	305	322	313	366	252
AT3G07970	156	280	261	297	415	191
AT3G08700	7	10	8	7	8	4
AT3G59870	96	92	89	107	138	93
AT3G16430	2099	2452	2456	2961	3007	2256
AT3G20950	0	2	0	0	1	0
AT3G54870	135	109	107	96	87	121
AT3G32330	0	0	0	0	0	0
AT3G23310	885	966	934	917	1083	865
AT3G28320	4	1	4	1	4	1
AT3G03850	0	0	0	0	0	0
AT3G09150	111	115	102	128	179	96
AT3G15360	206	147	121	198	265	226
AT3G14990	12168	15538	14616	13671	14422	17985
AT3G51400	0	0	0	0	0	0
AT3G19920	20	2	13	0	2	0
AT3G53860	29	40	27	53	65	38
AT3G15910	0	0	0	0	0	0
AT3G51010	970	681	658	817	983	730
AT3G04184	4	2	2	5	14	4
AT3G55100	0	0	1	0	0	0
AT3G42725	133	253	162	239	344	168
AT3G10010	164	239	241	261	311	296
AT3G62890	38	46	43	38	65	26
AT3G28670	494	452	471	453	516	462
AT3G03000	356	370	425	302	246	364
AT3G47210	1331	1627	1717	1185	1386	1797
AT3G17670	46	75	49	70	86	76
AT3G05450	0	0	0	0	0	0
AT3G55420	654	918	899	655	819	582
AT3G05010	239	231	241	234	304	213
AT3G46220	649	731	669	605	773	549
AT3G50810	68	40	38	38	62	49
AT3G23940	2444	1884	1633	2538	2777	2158
AT3G28420	4	8	1	19	25	8
AT3G45920	0	0	0	0	0	0
AT3G02910	1445	1423	1863	305	309	475
AT3G22420	62	83	95	47	50	23
AT3G05880	5344	6195	5363	2499	3343	2617
AT3G61920	82	110	63	220	293	70
AT3G44970	4	0	0	2	11	0
AT3G02242	2	0	1	1	1	3
AT3G23270	0	1	0	0	0	1
AT3G07680	1617	1452	1319	1362	1620	1202
AT3G57400	439	484	593	433	560	381
AT3G09660	99	105	105	91	127	80
AT3G20670	849	672	646	676	783	652
AT3G23630	116	122	150	197	264	187
AT3G22100	1	2	4	1	1	1
AT3G52090	1158	909	892	1016	1110	874
AT3G25700	188	169	121	145	179	76
AT3G21055	60	49	6	34	187	4
AT3G22235	1	3	5	3	1	0
AT3G28922	0	0	0	0	0	0
AT3G23060	7	1	14	4	0	6
AT3G21620	56	28	38	15	28	18
AT3G03280	567	483	638	542	510	670
AT3G29638	0	0	0	0	0	0
AT3G61780	344	320	302	435	510	348
AT3G29760	313	317	419	305	373	325
AT3G01680	2717	4426	3701	4228	5369	4300
AT3G62140	399	321	294	305	363	314
AT3G49470	699	582	462	795	884	636
AT3G60990	0	0	0	0	0	0
AT3G29720	0	0	0	0	0	0
AT3G08030	5470	6166	4578	5986	6991	3917
AT3G48810	82	116	68	79	102	76
AT3G59845	0	0	0	0	0	0
AT3G44430	197	171	137	260	367	140
AT3G03860	596	553	491	551	687	586
AT3G45252	0	0	0	0	0	0
AT3G13065	166	101	101	112	113	129
AT3G02050	483	658	626	505	633	428
AT3G56470	71	69	66	61	74	74
AT3G24340	31	41	52	37	65	31
AT3G20030	0	0	0	0	0	0
AT3G48220	0	0	0	0	0	0
AT3G18200	156	104	115	187	228	198
AT3G62630	355	258	192	349	294	295
AT3G52980	0	0	0	0	0	0
AT3G58840	809	765	776	669	779	665
AT3G10985	6559	6238	6251	6055	5783	7797
AT3G18780	20553	18818	17761	19607	21117	23137
AT3G59030	0	0	0	0	0	0
AT3G48550	32	21	12	27	35	17
AT3G54030	1384	1815	1606	1310	1448	1227
AT3G22425	402	354	403	339	401	343
AT3G47480	5	17	15	14	19	17
AT3G44220	198	238	169	137	186	115
AT3G07030	517	413	407	530	598	487
AT3G28910	114	132	173	166	193	152
AT3G42860	139	105	125	121	136	146
AT3G26782	168	149	93	156	172	133
AT3G24270	0	0	0	0	0	0
AT3G13227	0	0	0	0	2	1
AT3G09405	112	116	87	88	91	130
AT3G05050	1313	1424	1504	1512	1710	1432
AT3G62010	13227	20486	19228	9301	5580	9270
AT3G22900	49	31	42	40	53	43
AT3G46150	5	6	6	6	9	4
AT3G10760	345	328	331	375	517	362
AT3G27540	1353	1449	1766	1485	1120	1694
AT3G23580	480	417	414	363	468	339
AT3G55677	0	0	0	0	0	1
AT3G14970	0	0	0	0	0	1
AT3G52960	1452	1058	1056	1050	1189	868
AT3G52070	19	18	13	40	74	27
AT3G16650	138	242	181	194	248	136
AT3G03120	271	225	242	214	254	261
AT3G13870	4527	4730	4432	4309	5143	4289
AT3G60030	2686	3471	3154	3024	3218	3251
AT3G14010	2062	1986	1986	1734	2068	1979
AT3G16117	0	0	0	0	0	0
AT3G29810	86	97	96	59	80	92
AT3G46613	3	1	2	3	3	3
AT3G29690	2	1	2	0	1	0
AT3G25545	316	267	244	269	296	204
AT3G23255	111	85	86	94	105	100
AT3G06370	288	435	422	338	463	313
AT3G30805	0	0	0	0	0	0
AT3G26932	7	8	0	5	14	11
AT3G54460	346	407	335	488	594	402
AT3G24510	0	0	0	0	0	0
AT3G59990	2454	2380	2312	2461	2853	2376
AT3G47400	134	138	139	120	156	139
AT3G61500	0	0	0	0	0	0
AT3G19330	93	82	99	102	114	88
AT3G24240	1502	1147	1148	1434	1562	1436
AT3G06290	1004	951	1047	1171	1449	1169
AT3G19600	0	0	0	0	0	0
AT3G50740	114	177	301	295	257	254
AT3G58310	0	0	0	0	0	0
AT3G13410	2948	2467	2290	2269	2792	2183
AT3G42570	0	0	0	0	0	0
AT3G32030	970	930	1429	569	568	754
AT3G52360	352	317	435	374	481	311
AT3G48900	105	99	95	145	175	110
AT3G17040	26	47	5	27	107	6
AT3G17010	30	27	24	31	67	45
AT3G59160	1	1	1	1	0	1
AT3G57560	355	326	276	416	480	343
AT3G51190	1	0	0	0	0	0
AT3G19400	693	752	759	765	952	629
AT3G53770	0	1	6	5	14	11
AT3G01331	0	0	0	0	0	0
AT3G11720	209	210	207	299	439	283
AT3G26130	17	21	20	29	49	29
AT3G02885	171	230	113	504	604	233
AT3G45940	0	0	0	0	0	0
AT3G16530	59	84	32	71	261	102
AT3G22565	2	6	1	1	2	0
AT3G21980	0	0	0	0	0	0
AT3G13340	2055	1817	1564	2246	2685	2177
AT3G20620	232	227	196	207	246	175
AT3G07570	874	850	941	656	767	818
AT3G15370	115	83	69	148	182	203
AT3G55605	334	236	234	350	375	293
AT3G08636	0	0	0	0	1	0
AT3G54140	1147	1227	1648	803	1049	1195
AT3G02720	1045	841	921	921	975	894
AT3G43153	0	0	0	0	0	0
AT3G23010	5	9	10	9	17	35
AT3G62390	276	261	254	357	441	310
AT3G45560	0	0	0	0	0	0
AT3G53640	0	0	1	1	2	0
AT3G46720	267	313	350	263	342	289
AT3G27640	103	86	56	114	145	78
AT3G01240	0	0	0	0	0	0
AT3G26180	6	6	3	3	13	3
AT3G07565	235	247	251	298	317	258
AT3G10360	545	565	564	759	987	627
AT3G21610	394	435	366	395	471	367
AT3G56320	210	280	237	254	316	287
AT3G12610	1545	1478	1066	2057	3087	1262
AT3G22800	943	2597	1688	1749	1674	1449
AT3G18680	150	148	110	173	231	166
AT3G13830	0	0	0	0	0	0
AT3G57540	604	778	1098	609	553	490
AT3G27770	967	817	629	909	947	704
AT3G17640	97	111	80	116	182	122
AT3G53960	547	1369	1076	651	658	374
AT3G61770	110	120	80	97	131	88
AT3G02460	928	1053	888	653	706	673
AT3G55240	0	0	0	0	1	0
AT3G06200	279	236	249	300	364	250
AT3G22935	0	0	0	0	0	0
AT3G46360	0	0	0	0	0	0
AT3G49200	1	1	0	3	0	3
AT3G45590	83	67	62	66	73	85
AT3G60940	5	11	9	3	3	1
AT3G20870	507	583	523	512	671	541
AT3G03580	115	84	87	119	139	86
AT3G63088	0	0	0	1	1	2
AT3G57990	408	382	397	404	519	383
AT3G25520	20501	14469	13222	18419	20881	17311
AT3G46020	72	52	30	71	72	61
AT3G23490	1454	1283	1312	1182	1466	1180
AT3G09400	7	2	5	14	19	8
AT3G22960	5848	5933	5414	6585	7653	6691
AT3G10690	875	742	686	977	1159	865
AT3G30305	6	1	8	1	1	0
AT3G48590	150	143	133	146	181	154
AT3G60760	0	1	0	1	0	0
AT3G19240	23266	31487	35806	22065	16861	28083
AT3G18390	477	542	483	600	778	577
AT3G54050	11	2	0	8	25	0
AT3G54450	76	66	90	28	26	43
AT3G29770	368	442	431	313	403	353
AT3G61230	0	0	1	0	0	1
AT3G10650	1494	1487	1583	1831	2220	1915
AT3G06640	11	4	5	7	11	5
AT3G04070	123	153	164	49	84	111
AT3G23220	5	8	10	5	4	6
AT3G13200	2948	2419	2384	2296	2656	2451
AT3G07870	163	143	100	194	292	163
AT3G13920	15551	13951	12480	14243	16459	13899
AT3G59600	697	625	594	664	810	599
AT3G10930	3553	4064	5405	3613	3470	4443
AT3G28450	1072	1251	1505	909	941	1304
AT3G08900	0	4	1	2	2	3
AT3G61900	19	10	18	6	20	0
AT3G61470	187	132	18	79	428	7
AT3G12380	425	406	404	457	552	420
AT3G46050	0	0	0	0	0	0
AT3G51325	51	33	27	38	51	24
AT3G49600	475	506	505	605	695	505
AT3G18485	1	1	4	2	0	6
AT3G10500	1366	1511	2019	1014	1098	1549
AT3G18230	1155	1415	1097	1290	1346	1116
AT3G10080	415	399	323	610	756	389
AT3G45330	15	25	17	16	32	51
AT3G60850	279	314	290	310	416	321
AT3G25040	892	907	763	783	947	742
AT3G45620	626	556	576	613	731	642
AT3G17550	0	0	0	1	0	0
AT3G46320	666	418	500	501	664	392
AT3G49645	200	161	194	151	188	151
AT3G22125	1	0	0	0	0	0
AT3G54350	724	757	747	860	934	869
AT3G43574	0	0	0	0	0	0
AT3G13470	1153	786	723	904	969	838
AT3G51820	18	18	7	18	44	1
AT3G03440	66	103	63	65	147	47
AT3G32160	0	0	0	0	0	0
AT3G15140	131	106	90	130	127	103
AT3G12320	235	148	310	243	274	144
AT3G30530	0	0	0	0	0	0
AT3G58680	3163	2598	2730	2503	2719	2429
AT3G52660	674	587	533	703	761	660
AT3G46480	4	5	4	12	8	18
AT3G52740	8	2	3	2	5	0
AT3G49601	1617	1308	1283	1442	1662	1601
AT3G60130	1290	995	847	1019	1167	1053
AT3G29680	61	74	91	53	135	59
AT3G46200	250	199	187	232	261	193
AT3G24180	1626	1583	1635	1850	2077	1992
AT3G04670	804	599	631	1084	1524	901
AT3G02690	98	100	82	103	122	96
AT3G17750	528	639	708	696	885	717
AT3G15534	7	2	4	3	0	1
AT3G42390	0	0	0	0	0	0
AT3G24840	527	496	504	505	516	440
AT3G45790	0	0	0	0	0	0
AT3G44740	99	91	87	116	126	83
AT3G02490	144	140	132	190	249	149
AT3G14340	0	0	0	0	0	0
AT3G44980	0	0	0	0	0	0
AT3G46400	15	19	9	142	139	163
AT3G63230	0	0	0	0	0	0
AT3G15790	1139	1343	1375	1008	899	1235
AT3G15357	464	242	234	321	337	324
AT3G25270	0	0	0	0	1	0
AT3G13674	131	69	55	74	107	71
AT3G23350	0	0	0	0	0	0
AT3G63450	710	823	1101	669	545	670
AT3G48420	17	7	15	15	23	32
AT3G05727	0	0	0	0	0	0
AT3G09530	0	0	0	0	0	0
AT3G51950	4223	4763	5098	4772	6206	4935
AT3G19300	135	140	134	204	236	187
AT3G07160	3503	4511	4349	3717	4339	3778
AT3G19620	17	13	8	3	2	5
AT3G06020	484	608	776	205	236	158
AT3G62930	39	33	18	223	346	47
AT3G01710	281	367	322	335	460	319
AT3G49350	1064	1327	1434	838	806	884
AT3G01800	450	440	403	433	408	377
AT3G57000	743	597	563	698	770	610
AT3G58220	430	412	381	461	496	371
AT3G52570	297	261	241	329	308	276
AT3G09055	11	21	13	8	26	12
AT3G60110	300	310	320	259	300	248
AT3G51740	2976	3523	2718	4342	5503	3172
AT3G51390	520	383	412	398	518	343
AT3G14452	0	0	0	0	0	0
AT3G61380	1070	1626	1391	1225	1384	945
AT3G58940	93	87	72	100	141	101
AT3G02170	681	545	425	581	537	620
AT3G05500	6663	6811	8992	5243	4404	6334
AT3G58570	1057	1102	1019	929	1188	948
AT3G58790	1640	2275	2020	1124	948	917
AT3G60900	241	232	217	210	210	145
AT3G44240	1	0	0	0	0	0
AT3G52620	0	0	0	0	1	0
AT3G05870	112	75	67	99	116	71
AT3G18670	54	90	44	84	87	72
AT3G04770	392	256	221	256	320	253
AT3G03776	10	18	20	15	28	10
AT3G26855	0	0	0	0	0	0
AT3G47730	1655	1728	2110	1525	1547	1929
AT3G44630	703	802	711	500	326	486
AT3G27580	529	357	371	509	559	521
AT3G43260	0	0	0	0	0	0
AT3G06270	158	155	146	183	296	189
AT3G17120	1883	2495	2307	2077	1676	1713
AT3G18957	0	0	0	0	0	0
AT3G21770	8172	10486	10012	7505	9441	7729
AT3G24050	1539	1548	1588	1182	1386	1157
AT3G04903	0	0	0	0	0	0
AT3G43960	454	424	428	321	332	382
AT3G25960	0	0	0	0	0	0
AT3G53400	925	966	1126	513	538	619
AT3G45110	3	0	0	2	3	3
AT3G59700	383	551	584	248	290	453
AT3G26830	213	201	126	133	200	424
AT3G50570	4	2	1	1	1	0
AT3G23930	19	20	17	29	49	5
AT3G52790	246	256	313	118	143	165
AT3G56890	0	1	0	0	0	0
AT3G60328	0	0	0	0	0	0
AT3G53020	9496	5739	5399	7208	7685	6475
AT3G55530	373	312	322	358	412	241
AT3G02070	884	902	977	667	555	737
AT3G29152	0	0	0	0	0	0
AT3G23300	2045	2235	2176	2065	2406	1784
AT3G17717	117	105	89	75	99	103
AT3G22300	585	490	472	582	648	519
AT3G55640	325	302	343	271	244	281
AT3G18060	2036	2108	2078	2134	2409	2143
AT3G54170	678	562	603	584	693	588
AT3G20450	213	248	241	206	218	207
AT3G53060	0	0	0	0	0	0
AT3G49320	112	86	85	110	140	90
AT3G51650	312	273	266	260	348	288
AT3G54130	474	386	349	270	322	347
AT3G47910	1388	1475	1541	1502	1683	1494
AT3G22700	0	0	0	0	0	0
AT3G53305	0	0	0	0	0	0
AT3G08670	1516	1418	1533	957	970	1064
AT3G19310	15	11	14	12	4	16
AT3G26410	349	287	259	356	405	313
AT3G04170	0	0	0	0	0	0
AT3G09810	1042	1077	1108	933	1133	1009
AT3G53980	23805	24748	24437	4612	5865	4618
AT3G08910	406	424	412	401	398	410
AT3G53870	8227	6161	5427	7246	8029	6851
AT3G01560	791	919	879	647	821	633
AT3G43503	0	0	0	0	0	0
AT3G62320	10	11	6	9	3	12
AT3G60460	0	0	0	0	0	0
AT3G04880	677	588	622	761	891	662
AT3G51895	205	320	380	43	53	12
AT3G10510	0	1	1	0	0	0
AT3G60360	513	349	323	435	456	402
AT3G56340	5809	4009	3439	5330	5635	4874
AT3G60720	74	89	71	92	135	123
AT3G46100	438	466	399	459	433	357
AT3G54230	1350	1351	1402	1419	1681	1618
AT3G57270	10	8	7	1	1	1
AT3G29020	0	0	0	0	0	0
AT3G48930	9123	5911	5343	7053	7999	6602
AT3G07290	79	57	48	58	66	38
AT3G04190	0	0	0	0	0	0
AT3G24535	56	50	52	51	41	25
AT3G07600	677	603	950	241	243	389
AT3G27510	144	132	115	43	56	51
AT3G60700	20	10	8	147	107	65
AT3G48750	1810	1821	1796	1750	1991	1587
AT3G07500	29	15	23	37	35	25
AT3G25165	0	0	0	0	0	0
AT3G09800	399	330	298	295	333	247
AT3G23960	0	0	0	0	0	0
AT3G29455	0	0	0	0	0	0
AT3G49980	0	0	0	0	0	0
AT3G45570	0	0	0	0	1	0
AT3G21320	196	159	145	52	25	37
AT3G62070	97	111	68	128	168	66
AT3G17590	441	345	387	436	565	484
AT3G60270	1	0	0	6	15	11
AT3G20050	5518	4820	4391	5719	6276	5215
AT3G20610	0	0	0	3	2	1
AT3G58580	881	790	784	793	984	751
AT3G17465	1145	806	854	1208	1336	1127
AT3G09850	1322	996	1016	1066	1446	1209
AT3G25090	0	0	0	0	0	0
AT3G42940	0	0	0	0	0	0
AT3G20720	777	927	921	830	1022	773
AT3G04320	282	231	243	402	494	635
AT3G14590	3613	4222	3955	2623	1832	3210
AT3G20880	2	2	3	9	15	5
AT3G25800	1362	1724	1590	1521	1846	1480
AT3G06030	649	701	667	732	804	583
AT3G49840	120	131	115	145	171	119
AT3G16680	0	0	0	1	0	0
AT3G26860	0	0	0	0	0	0
AT3G63290	117	133	89	143	174	95
AT3G20070	160	141	117	168	210	146
AT3G30230	0	0	0	0	0	0
AT3G51980	440	324	306	424	505	362
AT3G01310	2086	2200	2387	2213	2762	2343
AT3G14362	14	11	8	12	18	9
AT3G55170	1176	771	757	967	1050	930
AT3G27430	2514	2109	1880	2256	2600	2034
AT3G23727	0	0	0	0	0	0
AT3G18180	5	7	12	7	1	8
AT3G53232	0	2	1	2	0	0
AT3G04910	1524	1401	1214	1498	2037	1312
AT3G61800	509	553	518	377	478	428
AT3G20370	3655	3107	3454	2878	2958	2590
AT3G27400	275	483	343	441	712	144
AT3G19630	368	330	345	406	484	420
AT3G58280	0	0	0	0	0	0
AT3G44485	0	0	0	0	0	0
AT3G22730	0	0	0	0	0	0
AT3G03970	180	173	135	197	245	173
AT3G62380	1	3	3	1	1	0
AT3G52940	625	552	567	409	554	390
AT3G53500	2299	1922	1734	2188	2352	2149
AT3G06868	193	120	124	168	197	150
AT3G25860	1772	1522	1453	1664	1854	1482
AT3G53760	422	441	468	513	608	432
AT3G60090	200	180	198	99	91	102
AT3G05330	402	571	375	596	732	470
AT3G26510	26	28	25	52	69	28
AT3G58650	308	356	246	438	554	307
AT3G63095	0	1	0	1	0	0
AT3G01326	2	0	0	0	0	0
AT3G11460	38	46	44	49	63	39
AT3G19860	647	492	507	692	847	668
AT3G24560	88	97	99	110	121	137
AT3G16380	12	33	9	29	30	10
AT3G16610	35	43	46	45	53	39
AT3G28380	20	28	40	72	77	75
AT3G20160	25	46	68	43	55	60
AT3G20770	3579	4211	4175	3379	3897	3710
AT3G17620	0	0	0	0	0	0
AT3G03360	229	229	243	218	263	208
AT3G58730	3296	2984	2796	2248	2794	2362
AT3G28193	0	0	0	0	0	0
AT3G20210	2	1	0	0	0	1
AT3G14760	1	5	2	3	8	1
AT3G56080	31	28	43	13	18	5
AT3G45230	287	299	246	322	414	255
AT3G53342	0	0	0	0	0	0
AT3G28900	3038	1943	1881	2578	2746	2341
AT3G55690	306	308	250	218	198	228
AT3G22980	517	413	354	516	600	440
AT3G01319	0	0	0	0	0	0
AT3G14610	787	794	709	635	855	767
AT3G10060	40	30	55	50	66	58
AT3G49020	0	0	0	2	0	0
AT3G12600	1165	819	795	1140	1208	1109
AT3G26740	146	129	83	91	165	145
AT3G21270	111	167	169	91	184	65
AT3G50890	6	12	25	13	14	11
AT3G20100	583	511	466	399	475	276
AT3G12940	230	201	207	200	284	202
AT3G47700	448	375	418	391	467	361
AT3G27785	0	0	0	0	0	1
AT3G07800	204	207	217	232	255	179
AT3G19000	400	463	425	363	487	356
AT3G14780	184	152	119	169	202	182
AT3G46930	910	927	1237	734	666	1082
AT3G21220	1030	1138	1268	1265	1397	1239
AT3G22480	1026	729	709	761	795	748
AT3G46340	0	2	2	2	4	10
AT3G59180	0	0	0	0	0	0
AT3G01530	0	0	0	0	0	0
AT3G19740	1533	1445	1455	1504	1637	1487
AT3G05420	2349	2408	2125	2431	2822	2214
AT3G13580	3910	2798	2815	3702	3793	3559
AT3G52300	7439	5750	5747	6228	6862	5520
AT3G27906	259	263	286	280	342	226
AT3G23370	111	84	66	129	153	90
AT3G43670	1268	1528	1561	1582	2005	1487
AT3G52450	2984	3407	4339	2633	2599	4609
AT3G59230	0	0	1	0	1	0
AT3G12990	204	135	147	210	275	209
AT3G61310	262	421	197	263	319	108
AT3G25130	79	126	137	186	348	128
AT3G48160	136	104	89	149	161	100
AT3G10850	2333	1892	1888	1830	1947	1668
AT3G12710	700	474	527	853	910	959
AT3G05935	0	0	0	0	0	0
AT3G51790	302	348	357	249	312	302
AT3G27070	87	103	115	135	198	212
AT3G60000	7	25	9	20	15	13
AT3G47710	104	55	48	138	126	126
AT3G47341	0	0	0	0	0	0
AT3G55540	0	0	0	0	0	0
AT3G50190	101	89	89	209	190	250
AT3G49800	953	924	878	849	1226	922
AT3G29970	0	0	0	1	0	0
AT3G15890	223	282	269	226	334	210
AT3G24730	96	77	84	69	81	70
AT3G10770	1488	1292	1245	1480	1817	1399
AT3G55110	0	0	0	0	0	0
AT3G44950	0	2	2	4	1	1
AT3G11300	0	0	0	0	0	0
AT3G11000	1	4	5	3	4	0
AT3G44150	460	313	323	455	442	354
AT3G61790	561	573	509	576	754	533
AT3G59930	33	31	5	71	92	57
AT3G46160	0	0	0	0	0	0
AT3G24514	0	0	0	0	0	0
AT3G23805	209	247	183	195	190	134
AT3G06960	360	292	291	393	502	399
AT3G29340	0	0	0	1	0	0
AT3G48030	664	574	568	548	648	546
AT3G47360	283	192	223	163	202	195
AT3G14981	0	0	0	0	0	0
AT3G13960	21	5	4	24	26	16
AT3G44530	402	388	426	497	566	449
AT3G25660	538	555	479	535	646	509
AT3G13280	0	0	0	0	0	0
AT3G02080	8747	5806	5428	7747	8551	7253
AT3G57860	194	189	159	264	357	238
AT3G46520	0	3	1	2	3	1
AT3G26270	0	1	0	0	2	0
AT3G63270	277	258	232	306	401	317
AT3G53300	0	0	0	0	0	0
AT3G15111	1	0	0	0	0	0
AT3G48960	2	0	2	2	0	2
AT3G60040	62	50	68	76	111	58
AT3G51600	328	279	270	469	551	468
AT3G12345	88	86	60	102	114	87
AT3G29034	349	296	430	271	331	384
AT3G02550	1407	3002	1424	1240	806	260
AT3G07020	1439	1573	1574	1326	1443	1329
AT3G28990	0	0	0	0	0	0
AT3G56870	105	83	55	105	154	104
AT3G27831	1	0	1	3	0	0
AT3G18215	417	446	441	475	613	450
AT3G58090	125	119	107	122	155	111
AT3G01940	46	34	35	30	33	35
AT3G59360	796	763	797	707	765	768
AT3G56860	1319	1369	1192	1345	1760	1303
AT3G53530	11	9	7	14	17	16
AT3G21390	149	127	137	219	323	169
AT3G61480	549	541	600	521	654	553
AT3G23570	944	1254	1342	1521	1805	1352
AT3G44790	3	2	2	2	4	0
AT3G17630	120	104	122	128	145	117
AT3G27600	0	3	0	2	0	2
AT3G05300	0	0	0	0	0	1
AT3G05380	952	1078	1068	1063	1282	1140
AT3G10990	0	0	0	0	0	0
AT3G26125	28	117	106	72	113	88
AT3G56550	28	38	24	32	35	21
AT3G23123	1	1	3	1	1	10
AT3G28490	0	0	0	0	0	0
AT3G59730	47	28	54	26	24	31
AT3G23760	7	9	5	12	12	7
AT3G17950	252	361	340	399	661	297
AT3G58190	24	18	27	16	8	10
AT3G27809	0	0	3	0	0	1
AT3G10600	9	7	13	55	75	31
AT3G59245	0	0	0	0	0	0
AT3G19680	6063	6480	6829	4038	3696	4849
AT3G16810	950	764	734	977	1112	919
AT3G55254	0	0	0	0	0	0
AT3G10280	3	6	3	2	1	4
AT3G46410	0	0	0	2	0	1
AT3G42050	4844	4676	4561	4385	4991	4322
AT3G52220	936	847	792	826	977	731
AT3G10890	0	0	0	0	0	0
AT3G29090	367	341	326	352	557	314
AT3G47000	1158	1081	1246	1121	1275	1298
AT3G17152	0	0	0	0	0	0
AT3G60200	241	243	228	228	217	239
AT3G11405	0	0	0	0	0	0
AT3G04050	8	9	9	4	7	6
AT3G51670	1776	2880	2729	1813	1970	1836
AT3G07360	4096	4278	4432	4040	4088	4127
AT3G46080	817	993	1295	1262	1122	1472
AT3G47070	6	5	2	6	30	7
AT3G29631	0	1	0	0	0	0
AT3G26320	0	0	0	0	0	0
AT3G12490	5542	5437	5215	4292	5071	3820
AT3G59435	0	1	0	0	1	0
AT3G17800	5903	7202	8105	5324	4362	5847
AT3G28550	5991	8285	6562	7802	12064	12721
AT3G01790	1231	828	826	1197	1181	990
AT3G28560	1	2	0	0	1	1
AT3G47560	138	179	110	218	255	157
AT3G59210	426	475	521	293	372	379
AT3G54510	2	3	3	12	15	11
AT3G28630	1	2	4	1	0	1
AT3G52810	1	0	0	0	0	0
AT3G07700	1188	1692	1695	1040	702	985
AT3G32920	0	0	0	0	2	2
AT3G07100	3377	3666	3482	3559	4086	3546
AT3G58830	439	370	411	279	306	292
AT3G02770	1386	1201	1327	1023	1033	1159
AT3G15820	1492	1489	1516	1407	1570	1625
AT3G19055	0	0	0	0	0	0
AT3G44200	1294	1491	1248	1542	1720	1432
AT3G62470	77	65	63	76	98	65
AT3G14530	156	89	87	98	122	131
AT3G45530	106	137	111	48	92	76
AT3G48500	257	257	183	304	346	237
AT3G29300	10	3	9	8	18	9
AT3G44820	239	284	248	229	372	238
AT3G27900	19	15	16	10	16	8
AT3G16895	0	0	0	0	0	0
AT3G02370	136	149	159	151	165	260
AT3G20250	2414	2613	2757	2107	2659	2772
AT3G25855	69	72	65	59	75	47
AT3G24030	351	366	376	315	339	277
AT3G52680	80	61	47	64	101	82
AT3G10490	955	1049	946	914	886	919
AT3G09390	6653	3626	3889	1007	1237	2461
AT3G25510	130	147	165	303	272	386
AT3G43150	0	0	0	0	0	0
AT3G13100	975	924	1102	819	633	1318
AT3G62730	82	147	89	75	70	27
AT3G05370	0	2	1	1	1	2
AT3G47470	639	556	261	669	1523	301
AT3G22620	4025	3513	3567	1689	1870	2330
AT3G04780	1224	1054	1077	1057	1259	1037
AT3G44160	214	180	213	232	242	181
AT3G10250	759	767	915	769	972	976
AT3G55340	389	322	261	402	424	317
AT3G53330	0	0	0	0	0	0
AT3G04370	77	88	116	41	47	58
AT3G54220	533	354	348	506	673	534
AT3G43570	0	0	0	0	0	0
AT3G02310	0	1	0	0	0	0
AT3G28520	0	0	1	0	0	0
AT3G56690	436	389	334	485	548	365
AT3G23710	199	148	129	162	208	177
AT3G30383	0	0	0	0	0	0
AT3G43280	0	0	0	0	0	0
AT3G18950	365	640	817	354	272	321
AT3G27940	23	25	14	11	38	20
AT3G60286	34	43	37	37	52	27
AT3G21945	0	0	0	0	0	0
AT3G21090	74	74	59	87	74	84
AT3G54090	111	73	58	128	141	97
AT3G07530	121	77	86	117	134	108
AT3G09970	449	370	407	320	431	369
AT3G52905	140	103	93	110	157	108
AT3G53294	0	0	0	0	0	0
AT3G58610	8391	6513	6032	8853	10408	8507
AT3G01961	0	0	1	0	0	0
AT3G61810	25	27	31	28	37	28
AT3G48830	64	53	43	48	56	42
AT3G52340	424	339	511	279	327	289
AT3G08020	422	493	479	425	556	426
AT3G08990	157	145	168	153	125	114
AT3G28250	0	0	0	0	0	0
AT3G13930	3545	3244	3184	3226	3707	3275
AT3G50080	279	231	196	262	309	228
AT3G24790	0	0	0	1	0	0
AT3G17360	708	946	727	979	1212	873
AT3G02410	44	52	47	14	26	19
AT3G58330	0	0	0	0	0	1
AT3G02000	20	5	7	13	19	10
AT3G05190	210	239	150	156	217	106
AT3G19850	4	7	3	9	31	2
AT3G53270	297	377	372	311	360	344
AT3G13690	536	443	483	625	835	674
AT3G11050	83	46	48	48	42	44
AT3G30460	1	1	0	0	0	1
AT3G22910	2806	3074	2445	1383	1012	1680
AT3G47690	345	356	258	287	302	209
AT3G24610	0	0	0	0	0	0
AT3G50230	99	68	77	93	120	91
AT3G28190	0	0	0	0	0	0
AT3G58860	15	9	21	5	8	5
AT3G25470	755	656	658	675	853	665
AT3G59420	139	147	122	159	181	128
AT3G60330	244	322	345	213	232	325
AT3G46910	0	0	0	0	0	0
AT3G13350	421	307	292	394	465	363
AT3G44660	0	0	0	0	0	0
AT3G57072	0	0	0	0	0	0
AT3G52840	457	756	401	826	1525	718
AT3G30739	0	1	0	0	0	0
AT3G25805	51	57	40	57	71	45
AT3G17920	813	1022	1037	782	762	817
AT3G26950	772	718	678	629	700	471
AT3G24620	0	1	1	0	0	1
AT3G48740	836	330	236	66	91	288
AT3G62530	1374	1205	1033	1266	1468	1219
AT3G50373	0	0	0	0	0	0
AT3G21340	100	99	107	126	118	152
AT3G20180	0	1	0	2	4	0
AT3G15980	2717	2773	2731	2732	3220	2473
AT3G63280	831	1254	1050	1041	1651	674
AT3G09280	30	11	16	23	24	37
AT3G10405	12	10	2	6	23	10
AT3G55190	0	0	0	0	0	0
AT3G59060	21	28	22	38	35	18
AT3G09040	107	94	109	142	150	134
AT3G20460	111	140	162	61	73	71
AT3G16370	217	284	283	217	189	152
AT3G07390	3313	5094	6098	1927	1844	2433
AT3G45910	0	0	0	0	0	0
AT3G01210	387	446	467	281	374	255
AT3G46960	1035	1147	1070	1368	1572	1381
AT3G48260	165	134	134	192	235	224
AT3G46565	0	0	0	0	0	0
AT3G18880	81	58	65	73	85	52
AT3G17520	1141	417	408	56	61	54
AT3G01130	1247	833	846	1024	1046	948
AT3G01850	358	391	433	403	527	448
AT3G61650	451	537	467	552	640	468
AT3G46280	484	367	379	880	1278	1277
AT3G43682	0	0	0	0	0	0
AT3G56180	1	0	0	0	0	0
AT3G46040	3093	2081	2059	2569	2946	2536
AT3G59500	478	502	431	408	482	384
AT3G45673	0	0	0	0	0	0
AT3G11325	4	1	0	2	2	2
AT3G53800	57	23	35	64	106	95
AT3G25500	1979	2571	2066	1889	2165	1585
AT3G03726	0	0	0	0	0	0
AT3G27325	820	894	812	991	1142	876
AT3G15620	97	119	70	139	164	128
AT3G29385	0	0	0	0	0	0
AT3G22231	1	2	3	1	3	0
AT3G24530	2249	2829	2511	2060	1840	1990
AT3G22275	156	77	97	49	17	39
AT3G25727	0	0	0	0	0	0
AT3G06000	0	0	0	0	0	0
AT3G06820	476	375	415	483	509	442
AT3G44460	5	2	2	1	0	1
AT3G43420	0	0	0	0	0	0
AT3G09925	210	174	159	111	128	205
AT3G45150	0	0	0	0	0	0
AT3G17130	9	28	9	24	15	1
AT3G06950	47	38	33	36	56	37
AT3G60890	6	9	6	20	22	6
AT3G12180	147	140	115	140	189	118
AT3G24570	474	427	391	478	594	506
AT3G11550	618	420	480	489	569	620
AT3G11570	52	26	35	23	29	38
AT3G45890	180	132	132	173	221	135
AT3G48510	112	53	101	27	48	26
AT3G52561	3	2	2	3	1	1
AT3G59370	2047	921	1206	1311	1548	1363
AT3G19360	195	148	125	138	204	171
AT3G45060	293	198	44	446	490	478
AT3G26910	785	752	766	614	621	795
AT3G17770	1624	1480	1503	1200	1260	1443
AT3G22520	801	858	829	955	1204	861
AT3G62160	114	162	112	124	190	152
AT3G19440	203	163	144	221	246	191
AT3G10440	249	224	222	309	348	256
AT3G18260	121	205	189	172	200	198
AT3G13433	11	19	24	6	2	13
AT3G46730	18	27	23	42	45	50
AT3G45770	741	687	667	684	833	720
AT3G48346	16	22	16	8	5	9
AT3G06450	1156	1285	1044	1239	1358	991
AT3G05625	5	4	10	5	9	4
AT3G01360	292	240	224	275	322	222
AT3G14200	879	1083	1125	746	711	854
AT3G27503	0	0	0	0	0	0
AT3G02220	1105	745	734	898	1062	926
AT3G51270	1299	1099	1047	1461	1662	1401
AT3G12840	0	1	2	0	3	0
AT3G51590	0	0	0	0	0	0
AT3G18970	37	39	46	58	49	40
AT3G05155	180	220	179	200	255	365
AT3G29635	69	50	53	57	91	54
AT3G47780	593	783	1085	374	346	687
AT3G54085	270	226	207	206	260	192
AT3G09590	0	0	0	0	0	0
AT3G48610	342	539	689	348	494	292
AT3G49710	96	84	75	66	95	68
AT3G02390	55	48	54	52	64	99
AT3G01090	1132	1142	1063	1273	1487	1069
AT3G55890	128	146	139	85	94	119
AT3G32190	0	0	0	0	0	0
AT3G59390	155	104	101	122	143	100
AT3G58340	0	0	0	0	0	0
AT3G10230	285	354	289	490	691	430
AT3G11200	1490	1240	1276	1346	1560	1288
AT3G55010	971	738	645	914	1054	769
AT3G22436	0	0	0	0	0	1
AT3G55330	9	5	9	9	14	12
AT3G09690	697	528	477	682	819	603
AT3G55500	5	2	3	3	8	4
AT3G05220	3301	3873	4178	2559	2956	2865
AT3G59040	122	93	89	162	238	132
AT3G46740	1598	1501	1518	1780	2068	1531
AT3G02110	223	324	307	297	370	267
AT3G52040	718	468	464	538	556	459
AT3G26630	127	117	101	114	157	102
AT3G14040	0	0	0	0	0	0
AT3G06680	1271	721	718	815	882	781
AT3G43600	899	1197	1146	1401	1892	1295
AT3G51440	370	326	474	349	337	415
AT3G17710	130	183	176	95	117	116
AT3G43160	0	0	0	0	0	0
AT3G50123	0	0	0	0	0	0
AT3G15440	11	11	0	8	14	8
AT3G62580	1359	1266	1187	1019	1177	968
AT3G56940	192	169	26	97	511	8
AT3G15680	505	730	560	631	747	497
AT3G17330	1255	1420	1480	1028	916	1217
AT3G50350	361	471	476	177	239	189
AT3G44850	551	467	461	525	568	434
AT3G56040	302	305	237	340	408	343
AT3G12670	1312	1043	1022	1318	1499	1268
AT3G20660	310	228	210	198	260	296
AT3G13404	9	3	0	24	43	9
AT3G60830	536	527	466	560	661	462
AT3G02790	597	369	345	498	434	458
AT3G16960	0	0	0	0	0	0
AT3G22470	68	71	49	48	63	57
AT3G50030	14	1	14	9	20	16
AT3G45320	0	0	0	0	0	0
AT3G01570	52	54	49	38	35	24
AT3G58140	574	546	488	644	723	542
AT3G51180	124	151	92	110	118	138
AT3G52490	278	286	345	406	599	377
AT3G44805	0	0	0	1	3	1
AT3G17760	7	3	8	2	2	8
AT3G56090	3043	3189	2575	1579	1475	2003
AT3G13670	3057	3064	2831	2959	3097	2734
AT3G42153	0	0	0	0	0	0
AT3G06985	1	1	0	0	0	0
AT3G01990	224	308	536	49	42	73
AT3G06490	643	892	1481	226	202	414
AT3G26690	351	202	258	291	255	233
AT3G53590	23	51	60	48	54	107
AT3G01300	519	553	497	648	792	611
AT3G20840	219	122	96	214	234	250
AT3G55390	93	117	108	110	116	131
AT3G45100	471	355	379	432	603	492
AT3G43837	0	0	0	0	0	0
AT3G04350	464	478	412	704	871	763
AT3G08943	1121	996	934	1202	1265	1074
AT3G13110	1536	2261	2159	1382	1530	1270
AT3G18000	3825	3028	2784	3918	5433	2209
AT3G08000	30	26	24	23	32	23
AT3G07310	399	346	199	601	1014	576
AT3G07410	579	726	498	776	1010	431
AT3G22170	1111	1244	1187	1336	1574	1350
AT3G23245	2	2	2	0	0	1
AT3G44710	36	25	28	46	51	57
AT3G56650	20	20	19	31	51	25
AT3G28635	35	36	24	50	66	39
AT3G15353	7155	10031	17412	3755	3870	5483
AT3G04480	718	672	731	710	883	706
AT3G03880	232	190	206	261	301	183
AT3G15354	37	32	39	68	99	44
AT3G06230	0	0	0	0	0	0
AT3G01590	1085	979	978	714	818	722
AT3G60540	16	13	26	21	20	20
AT3G60320	1588	1917	1661	1439	2025	1335
AT3G20540	592	821	671	811	955	695
AT3G03370	26	29	21	40	38	23
AT3G55220	77	86	89	70	108	59
AT3G08505	69	64	73	62	87	58
AT3G61040	0	0	0	0	0	0
AT3G22670	63	41	50	58	69	49
AT3G25430	180	163	161	176	210	170
AT3G43490	0	0	0	0	0	0
AT3G44610	280	265	237	225	285	258
AT3G21230	2284	2639	3621	1217	1438	2084
AT3G24140	1	1	3	1	0	1
AT3G16870	223	120	107	194	251	166
AT3G12980	979	1076	1050	1072	1427	1204
AT3G30340	4	18	24	10	21	0
AT3G22085	0	0	0	0	0	0
AT3G16520	159	297	150	325	597	108
AT3G01322	0	0	0	0	0	0
AT3G12835	14	18	17	10	15	5
AT3G16320	157	132	138	149	175	124
AT3G29780	43	20	26	44	48	46
AT3G05670	1468	1633	1590	1346	1511	1428
AT3G23180	493	327	365	275	269	320
AT3G06435	252	333	185	142	98	101
AT3G53790	0	0	0	0	0	0
AT3G23820	6416	7835	6713	4512	5863	4034
AT3G17840	892	899	854	900	1123	813
AT3G28291	0	0	0	0	0	0
AT3G18580	253	210	168	241	230	186
AT3G29075	799	1121	1004	876	999	829
AT3G16330	208	137	103	90	119	96
AT3G19940	0	0	0	2	4	0
AT3G22860	3	4	3	4	1	1
AT3G48205	0	0	0	0	0	0
AT3G06720	5077	5682	5328	3320	3234	3437
AT3G09910	615	530	660	346	342	439
AT3G05150	274	154	177	298	293	261
AT3G22010	0	0	0	0	0	0
AT3G53710	1416	1466	1464	1561	1767	1533
AT3G13090	271	237	280	260	334	506
AT3G19552	0	0	0	1	0	0
AT3G46490	57	47	66	46	51	98
AT3G56840	210	172	183	173	238	175
AT3G22270	644	678	682	634	791	664
AT3G15900	23	16	36	23	41	19
AT3G01670	3392	6656	5555	5429	6850	5973
AT3G44665	0	0	0	0	0	0
AT3G48880	553	596	667	417	583	464
AT3G54690	586	577	542	591	678	479
AT3G61690	1236	1284	1235	1422	1709	1321
AT3G14490	4	9	8	8	10	10
AT3G05490	3665	3670	3698	2438	2380	2761
AT3G05365	7	5	4	3	12	1
AT3G20155	0	0	2	0	0	0
AT3G03990	1000	1301	929	494	693	767
AT3G18320	38	45	42	61	48	50
AT3G11780	802	772	722	548	638	623
AT3G11690	120	119	118	153	175	123
AT3G43230	618	687	655	572	772	735
AT3G10974	0	0	0	0	0	0
AT3G25260	2	8	20	2	2	0
AT3G53180	1697	1569	1508	1657	1763	1964
AT3G53520	2008	1919	1868	1744	2137	1640
AT3G15430	1225	1385	1178	1111	1242	1179
AT3G61490	201	225	157	278	627	170
AT3G42560	0	0	0	0	0	0
AT3G14150	455	385	408	433	552	426
AT3G11330	1455	1398	1345	1048	1146	1054
AT3G24640	0	3	0	2	0	0
AT3G57680	7	6	5	2	1	7
AT3G12000	0	0	0	0	0	0
AT3G04100	5	1	5	1	0	0
AT3G05070	785	518	506	581	681	604
AT3G44760	0	0	0	0	0	1
AT3G26040	98	110	142	66	77	81
AT3G53940	203	131	101	133	147	119
AT3G13680	2	1	5	0	5	3
AT3G46850	0	0	0	0	0	0
AT3G32090	1	0	1	1	2	1
AT3G02200	2000	1744	1518	2108	2597	2005
AT3G13782	191	134	143	140	136	155
AT3G06300	1506	1168	1227	1272	1370	1482
AT3G01280	7582	5714	5696	6480	7223	6095
AT3G45160	3053	4363	3464	4491	5623	3110
AT3G06970	0	0	0	0	1	1
AT3G14720	2560	2890	2764	1026	1048	951
AT3G43630	1	0	0	0	1	1
AT3G12090	408	350	400	259	364	277
AT3G23990	5515	3482	3297	4780	5095	4267
AT3G29375	232	196	177	266	249	202
AT3G11840	490	655	662	623	622	1017
AT3G22104	63	65	59	99	183	99
AT3G51970	369	339	337	186	171	266
AT3G61390	82	109	49	182	134	201
AT3G05100	383	402	335	393	543	392
AT3G58560	1091	1144	1095	1192	1413	1130
AT3G23620	1376	1064	1015	1263	1325	1145
AT3G63320	15	2	6	5	5	2
AT3G42155	0	0	0	0	0	0
AT3G06210	494	446	561	403	526	469
AT3G48490	107	54	60	67	94	59
AT3G60730	0	0	0	0	0	0
AT3G09450	0	0	0	0	0	0
AT3G07210	212	215	192	223	304	234
AT3G03405	0	0	0	0	0	0
AT3G53650	545	326	294	299	333	354
AT3G27150	470	599	688	502	674	671
AT3G09340	0	0	0	0	0	1
AT3G49300	0	0	0	0	0	0
AT3G11880	1212	1258	1364	911	987	873
AT3G46500	216	206	200	196	263	284
AT3G53080	1	0	0	0	0	0
AT3G51410	1	0	0	0	0	0
AT3G11320	974	811	826	607	762	690
AT3G09735	1266	974	1013	841	1079	903
AT3G17680	195	219	190	206	249	187
AT3G25880	9	12	7	8	7	3
AT3G58950	2	2	2	1	2	1
AT3G11810	380	405	433	379	461	418
AT3G02650	645	459	442	589	675	513
AT3G02130	1247	1329	1351	1022	1139	1142
AT3G24190	310	319	323	392	448	332
AT3G29290	72	83	59	68	105	76
AT3G48770	93	179	155	180	229	128
AT3G27250	45	35	68	3	6	5
AT3G61320	89	92	86	92	138	80
AT3G07820	0	0	0	0	0	0
AT3G21630	1312	1362	1477	1041	1142	1349
AT3G16410	2820	2251	2713	2094	1991	2317
AT3G27270	113	105	124	56	104	89
AT3G50360	1569	1568	1487	1114	1358	1031
AT3G53235	162	265	351	330	679	425
AT3G44180	0	0	0	0	0	0
AT3G46530	17	12	7	32	56	7
AT3G04120	27266	21673	22774	22941	26524	20491
AT3G45010	2389	4398	4106	2250	2973	2624
AT3G10550	606	411	443	540	630	563
AT3G24430	129	115	105	133	165	80
AT3G29130	144	116	121	135	185	151
AT3G04340	999	1058	996	1249	1316	1006
AT3G26330	422	453	541	561	809	625
AT3G28100	55	57	70	52	66	30
AT3G26744	450	449	405	305	349	201
AT3G17530	1	1	0	0	0	0
AT3G19080	257	183	178	266	307	274
AT3G46845	363	342	331	346	453	292
AT3G52540	2	1	0	1	1	3
AT3G54710	164	124	87	177	169	142
AT3G04270	0	0	0	0	0	0
AT3G15909	0	0	0	0	0	0
AT3G48710	709	694	688	787	925	802
AT3G50210	924	800	1052	797	765	1065
AT3G56360	2209	2545	2311	2661	2552	2515
AT3G19790	371	280	311	273	402	284
AT3G09840	13946	13852	12909	13529	15940	13750
AT3G16630	2482	2343	2336	2370	2827	2350
AT3G11560	1393	1529	1444	1719	1929	1606
AT3G11830	5098	4504	3979	4973	5486	5105
AT3G28918	0	0	0	0	0	0
AT3G50970	19209	21018	16347	4347	4006	5427
AT3G05840	1811	1841	2080	1431	1674	1785
AT3G50170	4	7	0	4	8	3
AT3G56990	757	575	531	730	806	674
AT3G04440	0	0	0	1	0	0
AT3G52526	3	1	0	0	1	2
AT3G23650	0	0	0	0	0	0
AT3G04620	118	100	91	107	123	102
AT3G05990	787	954	979	833	1010	924
AT3G21850	0	0	0	0	0	0
AT3G03750	214	195	193	187	166	201
AT3G57410	3663	3900	3954	3394	3938	3870
AT3G25505	8	22	11	24	22	26
AT3G22560	48	31	25	9	17	23
AT3G49220	3104	4704	4402	2942	2651	2274
AT3G28870	0	0	0	0	0	0
AT3G58490	729	821	865	897	843	977
AT3G01010	2	1	0	2	0	1
AT3G48090	1035	1170	1075	1335	1495	1358
AT3G05160	165	176	146	173	207	204
AT3G43190	1081	2989	1596	2226	2269	718
AT3G17810	4190	4124	4115	2907	2920	3100
AT3G22220	536	612	515	544	788	627
AT3G26480	83	62	49	43	62	53
AT3G58410	0	0	0	0	0	0
AT3G12830	440	376	380	540	675	512
AT3G45243	0	0	0	0	0	0
AT3G57750	210	288	244	200	209	265
AT3G50800	402	368	548	288	278	363
AT3G13882	1033	731	658	998	1074	853
AT3G03810	374	346	366	431	534	395
AT3G01175	66	66	46	114	113	204
AT3G26490	127	157	81	226	328	89
AT3G50140	29	32	43	26	35	41
AT3G14205	2389	2686	3234	1306	1238	1931
AT3G12780	1852	1633	1429	1713	2108	1358
AT3G46780	30	16	1	9	84	0
AT3G04840	15906	11261	9949	13369	14960	12271
AT3G04181	5	13	13	6	14	12
AT3G05040	596	674	701	762	896	615
AT3G26935	1221	1163	1168	1165	1418	1067
AT3G04760	18	20	9	19	23	20
AT3G11850	214	225	245	282	355	296
AT3G01120	5489	5666	5589	8232	10149	7072
AT3G46666	0	0	0	0	0	0
AT3G06080	279	240	268	385	503	270
AT3G10870	78	89	69	45	97	16
AT3G20680	8	1	1	11	29	14
AT3G28980	3	2	0	2	3	3
AT3G14640	3	3	5	5	9	3
AT3G09500	8797	5700	5737	7413	7982	7117
AT3G57200	62	47	40	54	74	31
AT3G13330	1904	2546	2381	2082	2650	2525
AT3G27020	649	616	585	653	727	675
AT3G29390	1087	1042	1119	1075	1167	1133
AT3G44555	0	0	3	0	0	0
AT3G54540	2177	2013	1933	1937	2318	2361
AT3G13500	4	1	2	2	0	4
AT3G06980	291	265	269	340	429	339
AT3G20510	1386	1668	1671	1148	1068	1444
AT3G21580	116	86	112	100	129	93
AT3G53480	1190	1407	1546	1746	1922	2012
AT3G49960	183	118	146	84	85	98
AT3G58520	102	78	58	77	124	70
AT3G07380	0	0	0	0	0	0
AT3G49500	819	849	908	1030	1191	991
AT3G44930	0	0	0	0	0	0
AT3G61930	23	14	31	11	10	17
AT3G21175	535	508	496	524	698	523
AT3G53850	82	69	68	86	104	53
AT3G22580	0	0	0	1	0	0
AT3G04510	87	169	68	155	266	11
AT3G04800	8	11	1	5	10	4
AT3G55570	0	0	0	0	0	0
AT3G51430	357	461	402	310	408	342
AT3G55520	755	501	501	514	694	511
AT3G06570	72	74	65	76	95	59
AT3G11160	1	0	0	0	1	0
AT3G44320	2877	2335	2723	2185	2013	2464
AT3G06220	0	0	1	1	1	1
AT3G25882	226	289	385	130	138	146
AT3G54190	795	840	853	792	959	827
AT3G58960	0	0	0	0	0	0
AT3G42075	0	0	0	0	0	0
AT3G13400	0	0	0	0	0	0
AT3G28530	0	0	0	0	0	0
AT3G56380	36	30	29	6	11	19
AT3G62120	5221	4535	4423	5106	5462	5497
AT3G07522	0	0	0	1	0	1
AT3G15610	998	816	839	821	965	821
AT3G21180	173	203	208	196	193	223
AT3G50730	0	1	0	1	0	0
AT3G60340	732	715	674	621	814	566
AT3G10160	554	517	521	645	675	548
AT3G14670	0	0	2	1	3	1
AT3G63000	1106	1113	1047	1237	1460	1144
AT3G62090	588	418	509	300	402	361
AT3G19260	250	315	300	237	336	242
AT3G11950	245	198	225	219	272	223
AT3G07900	96	99	84	71	81	101
AT3G16555	0	0	0	0	0	2
AT3G30210	80	77	116	8	14	9
AT3G55020	2054	2345	2137	2464	2976	2275
AT3G55120	36	42	34	28	71	14
AT3G22415	52	44	35	18	44	22
AT3G14210	18	23	19	15	18	28
AT3G02980	199	166	160	135	172	138
AT3G23400	3272	4008	4399	4270	3836	4415
AT3G03200	62	117	114	65	72	125
AT3G01630	5	2	3	3	5	1
AT3G51070	0	0	0	1	0	0
AT3G15450	10137	8767	2344	13363	16641	13779
AT3G20830	292	230	285	210	305	217
AT3G18330	1	0	0	1	1	0
AT3G28390	3	10	6	4	10	4
AT3G44428	0	0	0	0	0	0
AT3G29575	958	628	658	310	350	383
AT3G44510	182	158	170	147	108	140
AT3G59080	1038	1768	2167	1085	996	1654
AT3G17430	687	615	606	568	567	495
AT3G22510	2	0	2	0	0	1
AT3G04790	440	376	350	395	500	342
AT3G11060	0	0	0	0	0	0
AT3G16400	16421	20546	18989	16151	16300	11527
AT3G50280	323	372	434	218	204	227
AT3G55350	271	319	296	320	326	247
AT3G47440	0	0	0	0	0	0
AT3G18610	52	96	80	47	71	58
AT3G23880	14	4	2	31	36	31
AT3G02450	295	251	260	294	385	310
AT3G58260	0	0	0	0	0	0
AT3G12960	7	9	5	4	8	2
AT3G11120	2940	1772	1693	1898	2232	1767
AT3G49420	86	71	68	77	94	92
AT3G49010	12554	8121	7088	10890	11574	9796
AT3G03770	264	479	407	356	426	275
AT3G56920	6	1	6	4	5	1
AT3G62920	93	70	62	77	107	79
AT3G21800	5	10	7	3	2	2
AT3G25990	86	54	55	54	47	69
AT3G58230	1	0	1	0	2	1
AT3G01516	187	80	67	132	153	131
AT3G16760	1093	1124	1073	960	1128	888
AT3G44785	0	0	0	0	0	0
AT3G51090	194	213	200	138	189	153
AT3G03020	478	600	664	403	300	402
AT3G61450	24	26	22	13	14	8
AT3G24260	0	0	0	0	0	0
AT3G03920	2492	1664	1515	2351	2522	2253
AT3G44716	108	149	108	162	151	94
AT3G02493	1	2	2	4	6	0
AT3G47920	0	0	0	0	0	0
AT3G28890	1	1	0	2	0	0
AT3G54180	399	463	447	423	433	326
AT3G22650	0	0	0	0	0	0
AT3G23050	471	399	354	378	444	433
AT3G49110	21	30	8	75	273	40
AT3G26237	0	0	0	0	0	0
AT3G11480	0	0	0	0	0	0
AT3G16140	64	33	5	29	146	1
AT3G19930	1843	2611	1798	1999	2449	2374
AT3G18760	678	423	370	503	569	453
AT3G16480	1216	969	973	1129	1277	1067
AT3G33393	0	0	0	0	0	0
AT3G26580	447	572	646	458	508	422
AT3G18480	1157	1117	1087	1162	1306	1067
AT3G11640	32	26	20	28	31	24
AT3G02700	521	652	553	541	772	614
AT3G01770	1060	931	921	1408	1902	1348
AT3G11165	0	0	0	0	0	0
AT3G56160	247	293	288	302	372	298
AT3G57790	289	210	214	233	275	223
AT3G60630	550	441	387	610	846	523
AT3G19870	587	518	438	617	725	562
AT3G19190	933	1341	1289	1169	1530	1341
AT3G11945	220	213	210	224	287	213
AT3G12020	742	601	714	580	685	686
AT3G09230	142	148	154	173	185	129
AT3G56400	312	547	341	661	737	385
AT3G17660	228	218	158	144	128	173
AT3G07790	1503	1818	1754	1457	1800	1497
AT3G25716	1	0	0	0	0	0
AT3G03470	254	241	329	286	347	261
AT3G60550	103	91	48	360	863	219
AT3G46810	56	41	26	68	72	80
AT3G22142	167	536	77	575	2332	14
AT3G02555	130	92	90	90	145	78
AT3G02600	706	710	670	659	844	604
AT3G56820	223	208	186	186	246	183
AT3G26390	0	0	0	0	0	0
AT3G57880	3389	5065	5058	4377	4018	4834
AT3G57580	99	94	91	97	115	84
AT3G15730	16307	20352	18943	15781	17915	15179
AT3G19770	670	632	589	515	606	481
AT3G58700	1820	1290	1207	1633	1808	1630
AT3G15660	1054	931	843	825	926	805
AT3G27475	5	3	3	6	5	6
AT3G52170	399	318	304	382	448	332
AT3G62410	21	26	12	16	27	18
AT3G03840	0	1	0	0	0	0
AT3G53560	269	222	188	230	276	223
AT3G30390	2598	2912	2699	2489	3153	2304
AT3G24093	13	6	8	4	2	4
AT3G22053	0	0	0	0	0	0
AT3G22421	0	0	0	0	0	0
AT3G03900	227	181	239	121	156	131
AT3G62040	3085	3351	3407	3898	4230	3440
AT3G20890	210	206	197	201	231	196
AT3G23200	67	52	69	46	76	71
AT3G22930	459	558	646	335	296	384
AT3G17765	0	0	0	0	0	0
AT3G14000	480	419	366	545	673	502
AT3G18590	0	0	0	2	0	0
AT3G27027	15	8	6	39	69	32
AT3G30840	0	0	0	0	0	0
AT3G49790	238	194	175	265	310	313
AT3G48140	4314	3521	3434	3975	4644	3626
AT3G51630	1112	1130	1152	1030	1296	968
AT3G57100	6	4	2	3	7	5
AT3G57360	238	265	236	206	207	243
AT3G29800	0	0	0	0	0	0
AT3G42630	172	169	163	176	224	193
AT3G45950	0	0	0	0	1	1
AT3G12040	81	54	56	89	97	96
AT3G63440	115	265	108	217	451	112
AT3G27420	342	261	307	295	390	298
AT3G47030	0	0	1	0	0	0
AT3G56010	45	35	42	38	61	49
AT3G56000	629	574	481	481	535	558
AT3G60980	279	344	271	261	314	200
AT3G09050	14	20	15	24	38	19
AT3G54200	2062	1954	2515	1274	1214	1691
AT3G49640	235	192	150	222	295	194
AT3G07425	17	7	11	21	36	12
AT3G55830	811	835	865	672	782	715
AT3G47160	417	377	369	510	726	464
AT3G62660	822	674	739	589	712	578
AT3G10190	108	86	75	226	397	170
AT3G20140	30	34	33	13	13	11
AT3G21670	251	351	715	37	59	78
AT3G23730	718	495	373	565	591	403
AT3G01730	5	10	5	4	6	6
AT3G49590	630	563	607	571	735	611
AT3G12650	280	219	201	258	325	236
AT3G48920	3	2	6	2	4	1
AT3G59300	723	596	651	674	836	619
AT3G19640	1047	1077	989	1135	1238	988
AT3G47833	705	503	509	478	531	458
AT3G46240	0	0	0	1	1	0
AT3G22550	374	357	320	153	270	66
AT3G19350	2	6	3	0	2	1
AT3G01540	7611	6725	6981	6513	7464	5820
AT3G05360	275	334	314	295	269	385
AT3G11745	41	18	17	42	37	17
AT3G48010	6	12	12	15	11	8
AT3G10439	0	0	0	0	0	0
AT3G19990	564	528	517	454	592	477
AT3G21780	31	41	56	38	41	62
AT3G16210	20	16	19	18	24	16
AT3G52720	9	6	3	21	47	12
AT3G61960	512	557	523	549	716	524
AT3G53220	42	48	31	39	47	34
AT3G49690	135	168	238	207	324	150
AT3G56600	11	9	13	8	6	9
AT3G46760	26	18	24	25	12	23
AT3G53370	265	144	174	136	143	131
AT3G24068	0	0	0	0	0	0
AT3G12210	241	199	174	247	259	184
AT3G52310	4	7	9	11	9	10
AT3G09900	717	755	766	811	1040	910
AT3G57380	21	19	24	20	44	32
AT3G02950	485	393	342	419	518	370
AT3G12915	41	38	60	45	73	28
AT3G20200	97	87	83	91	109	86
AT3G20980	0	0	0	0	0	0
AT3G50410	205	272	266	250	305	125
AT3G45210	24	37	33	104	248	48
AT3G60480	290	270	251	267	301	245
AT3G52100	403	360	344	431	533	361
AT3G45090	1564	1614	1411	1837	2117	1361
AT3G44755	0	2	1	1	2	2
AT3G49520	0	0	0	0	0	0
AT3G02300	1305	1198	1285	1092	1366	1233
AT3G26990	328	286	290	258	339	290
AT3G27610	270	229	220	306	334	302
AT3G27560	845	838	960	659	778	852
AT3G19210	190	182	181	213	235	192
AT3G50070	403	379	366	379	521	406
AT3G05165	1331	1619	1415	1150	1299	1289
AT3G19980	767	759	761	591	713	724
AT3G57470	1313	1368	1387	1194	1149	1335
AT3G60950	0	0	0	0	0	0
AT3G43250	66	56	44	51	27	67
AT3G10185	2	4	6	0	6	0
AT3G54820	890	1379	1117	763	922	494
AT3G22840	65	31	65	11	5	24
AT3G28080	0	3	1	0	4	0
AT3G60975	0	0	0	0	0	0
AT3G13080	1258	1316	1801	1490	1511	1787
AT3G18470	0	1	0	0	1	2
AT3G63120	1028	1050	867	863	1045	752
AT3G24495	283	289	259	327	391	340
AT3G32400	0	0	0	0	0	0
AT3G47080	833	692	744	689	718	674
AT3G24660	539	590	497	770	1070	583
AT3G55470	363	433	600	413	407	571
AT3G16000	168	140	125	188	284	124
AT3G25905	19	7	10	8	9	10
AT3G44400	569	698	660	557	573	787
AT3G06410	538	501	587	550	612	414
AT3G54160	20	11	16	16	16	19
AT3G05200	1302	1480	1634	950	1087	1166
AT3G49700	4	0	0	1	4	4
AT3G28790	0	0	1	0	0	0
AT3G28020	0	0	0	0	0	0
AT3G22000	0	0	0	0	0	0
AT3G27329	0	0	0	0	0	0
AT3G18640	609	632	588	611	709	643
AT3G18350	689	743	675	611	617	637
AT3G13620	230	214	222	242	243	193
AT3G21360	57	61	52	57	91	76
AT3G47180	40	89	85	80	83	51
AT3G54390	610	771	850	587	767	525
AT3G21473	0	1	0	0	0	0
AT3G16220	61	72	62	68	79	95
AT3G15090	253	187	210	221	277	194
AT3G61990	2891	3215	3714	2327	2556	2267
AT3G20500	1851	2565	2353	1818	1504	1654
AT3G57250	0	0	0	0	0	0
AT3G02930	773	1163	991	816	1021	599
AT3G60920	2	1	2	1	0	0
AT3G10710	73	69	70	64	94	92
AT3G22660	1547	1016	921	1206	1415	1239
AT3G11964	2166	2047	2065	2595	3006	2555
AT3G58350	181	300	281	236	233	241
AT3G54290	452	543	596	493	619	460
AT3G53580	1486	1363	1311	1416	1769	1391
AT3G12300	294	203	251	270	261	238
AT3G03290	55	34	38	16	12	43
AT3G07960	297	351	393	257	282	282
AT3G24230	0	1	0	1	2	0
AT3G12360	1319	1409	1373	1294	1590	1368
AT3G07740	282	278	272	270	332	265
AT3G18150	0	0	0	0	0	0
AT3G33520	482	464	430	537	608	439
AT3G44910	0	0	0	0	0	0
AT3G12150	283	254	198	295	352	263
AT3G27380	1843	1645	1563	1592	1659	1291
AT3G57960	0	0	0	0	0	0
AT3G05080	0	0	0	0	0	0
AT3G52030	600	529	585	526	607	514
AT3G54940	1	0	0	0	0	0
AT3G50200	85	35	38	65	78	66
AT3G56680	1298	1076	953	1194	1553	1251
AT3G06770	224	293	214	259	334	184
AT3G24250	0	0	1	0	0	0
AT3G04855	1	0	0	2	1	0
AT3G23660	928	960	957	998	1070	911
AT3G63210	474	369	410	785	1548	520
AT3G57490	805	579	493	641	672	573
AT3G49890	157	138	148	124	158	123
AT3G61750	110	105	92	113	182	70
AT3G30370	0	0	0	0	0	0
AT3G46190	3	4	4	9	24	11
AT3G47800	328	213	194	563	648	724
AT3G55860	0	1	0	1	1	1
AT3G62130	499	536	496	632	760	485
AT3G19760	2566	2643	2624	2599	2961	2340
AT3G18290	994	1079	936	1397	1773	1202
AT3G10820	495	463	451	405	389	412
AT3G02150	0	0	4	2	0	2
AT3G42780	0	0	0	0	0	0
AT3G48450	772	1237	1449	726	536	1048
AT3G07040	91	122	117	71	82	90
AT3G18140	1004	804	867	932	1052	912
AT3G49580	5	10	4	3	2	2
AT3G04230	757	545	481	625	614	552
AT3G16700	355	237	255	213	295	250
AT3G04090	1666	1611	1557	1429	1735	1455
AT3G26340	462	405	398	378	457	374
AT3G42150	487	333	320	389	438	413
AT3G20470	382	299	244	332	244	208
AT3G32047	52	36	63	42	60	49
AT3G19520	727	652	654	644	765	612
AT3G25750	0	0	0	0	0	0
AT3G11402	5	14	11	21	12	10
AT3G46600	3082	3421	3291	4331	5541	4608
AT3G10310	410	514	344	646	723	500
AT3G29639	0	0	0	4	2	1
AT3G62500	30	34	41	43	47	28
AT3G14463	16	10	14	26	14	16
AT3G48890	1832	1589	1640	1471	1727	1625
AT3G43740	536	696	619	600	766	562
AT3G46010	2361	2341	2166	2204	2417	1903
AT3G12203	3	1	1	1	0	1
AT3G43610	904	913	860	985	1208	870
AT3G21070	2450	3136	2969	2001	1879	2915
AT3G01320	1145	1283	1319	1267	1553	1336
AT3G61400	132	236	240	92	67	89
AT3G62440	0	0	0	0	0	0
AT3G26790	1	0	2	0	1	0
AT3G05750	171	143	135	206	300	128
AT3G21165	0	0	0	0	0	0
AT3G12070	153	114	104	134	149	108
AT3G44900	10	6	5	10	22	8
AT3G10700	392	428	381	421	467	376
AT3G48700	12	8	9	4	3	4
AT3G55070	394	352	358	412	541	391
AT3G09090	1703	1575	1494	1735	1870	1554
AT3G01270	0	0	0	1	4	0
AT3G44830	4	2	2	1	2	5
AT3G25690	225	247	241	358	358	280
AT3G53690	6	13	12	11	17	12
AT3G21960	0	0	0	0	0	0
AT3G44380	85	105	90	94	108	60
AT3G06310	465	379	362	393	448	355
AT3G61910	0	1	1	1	4	0
AT3G47640	828	864	1238	885	821	1122
AT3G61360	53	36	35	41	37	29
AT3G12510	518	220	241	114	127	115
AT3G51200	0	0	0	1	0	0
AT3G20865	0	0	0	1	2	0
AT3G60910	354	265	294	397	389	302
AT3G04850	287	387	435	398	460	323
AT3G16490	112	94	71	111	107	72
AT3G16920	1219	1606	1527	999	1200	935
AT3G02500	20	34	22	37	104	1
AT3G14415	71	115	109	432	584	535
AT3G17611	133	116	147	131	136	133
AT3G16070	86	122	102	123	165	148
AT3G52140	3710	3460	3514	4568	5179	4249
AT3G22780	786	902	849	963	1107	854
AT3G45960	10536	14748	13858	7491	5022	7828
AT3G63310	1003	978	974	839	1018	937
AT3G23950	0	0	0	0	0	0
AT3G45290	11	6	6	3	6	11
AT3G51930	241	302	262	253	342	206
AT3G14740	257	151	142	191	253	191
AT3G62240	936	955	847	904	1168	927
AT3G44130	0	0	0	0	0	0
AT3G26150	0	0	0	0	0	0
AT3G16560	114	125	104	257	448	207
AT3G55870	5	6	3	4	3	0
AT3G23170	1654	1740	2209	1180	1105	1379
AT3G16570	372	320	257	279	398	267
AT3G52970	233	489	642	142	185	95
AT3G03690	319	255	251	272	308	174
AT3G18110	186	196	221	281	329	205
AT3G20690	0	0	0	0	0	0
AT3G02040	693	527	268	448	512	535
AT3G53490	170	177	145	151	188	155
AT3G09650	98	75	120	110	152	91
AT3G58820	54	52	46	57	77	53
AT3G19420	2747	2567	2595	2739	3212	2876
AT3G28270	0	0	0	0	0	0
AT3G25440	209	138	126	168	192	176
AT3G10410	3221	3124	2807	1960	2605	2207
AT3G59810	407	350	319	374	421	394
AT3G27410	0	0	0	0	0	0
AT3G20700	0	0	0	0	0	0
AT3G26880	0	0	0	0	0	0
AT3G55460	2402	1933	1766	2011	2195	2010
AT3G60010	1	1	1	0	2	0
AT3G02800	887	1087	1280	558	570	1315
AT3G60380	849	891	803	970	1302	701
AT3G02975	0	0	0	0	0	0
AT3G14240	1953	2807	2351	2454	3362	1834
AT3G26360	485	395	421	410	439	407
AT3G28590	0	0	0	0	0	0
AT3G17720	0	1	0	1	1	1
AT3G45285	0	0	0	0	0	0
AT3G46560	1368	807	775	1009	1060	892
AT3G54070	2	5	4	9	9	13
AT3G03310	1013	1095	1102	813	903	869
AT3G60400	137	162	132	157	219	145
AT3G51700	0	0	0	0	1	0
AT3G21371	0	0	0	0	0	0
AT3G60450	840	694	725	771	854	848
AT3G17790	537	503	351	72	82	114
AT3G63480	145	135	121	128	130	87
AT3G56020	3820	1948	1838	2497	2535	2125
AT3G30380	578	478	552	508	614	532
AT3G63300	205	174	216	327	488	273
AT3G20320	493	507	541	515	569	505
AT3G49230	3	1	1	0	0	0
AT3G58750	1359	1214	1101	1201	1377	1215
AT3G20600	1000	1376	1424	1012	1038	1209
AT3G19450	2284	1852	2565	1444	1715	1795
AT3G11540	1217	1328	1160	1413	1676	1319
AT3G14080	381	265	276	322	325	319
AT3G11760	440	357	345	319	387	298
AT3G28220	0	0	1	0	0	0
AT3G17780	939	593	660	708	831	679
AT3G20400	0	0	0	0	0	0
AT3G14020	148	192	364	113	146	70
AT3G47630	232	226	201	230	228	199
AT3G19274	0	0	0	0	0	0
AT3G05930	8	22	18	12	18	19
AT3G62940	1021	863	811	977	1007	789
AT3G56760	558	801	757	641	789	664
AT3G52370	934	1462	1438	1209	1410	760
AT3G32896	0	0	0	0	0	0
AT3G48300	3	5	8	4	7	1
AT3G32904	0	0	0	0	0	0
AT3G59190	2	2	1	2	6	3
AT3G08930	1871	2045	1800	1728	2020	1673
AT3G15180	887	826	833	664	692	607
AT3G60840	488	650	563	848	1050	558
AT3G44350	49	41	55	76	63	130
AT3G02860	506	377	394	437	473	420
AT3G54760	1769	1786	1750	1839	2167	1671
AT3G27240	3394	2832	2803	2877	3157	2788
AT3G58550	1441	2356	2588	929	1186	862
AT3G45400	135	92	86	132	191	105
AT3G42628	0	0	0	0	0	0
AT3G11210	110	109	107	94	117	88
AT3G21820	415	310	297	371	434	367
AT3G07620	0	0	0	0	0	0
AT3G63260	1415	1458	1664	1152	1328	1362
AT3G07070	86	74	69	81	69	81
AT3G27925	117	103	85	112	147	110
AT3G44170	0	0	0	0	0	0
AT3G44100	1056	908	886	748	787	765
AT3G05790	5	11	3	8	6	4
AT3G06455	107	83	101	113	121	82
AT3G06830	1	0	3	0	0	1
AT3G49155	2	0	0	3	1	0
AT3G15050	141	180	149	110	125	76
AT3G15570	4	2	0	2	5	2
AT3G58360	0	0	0	0	0	0
AT3G02125	7	7	6	13	5	11
AT3G28958	0	0	0	0	0	0
AT3G46570	0	0	0	0	0	0
AT3G06436	3	0	1	0	0	2
AT3G07730	11	7	15	8	24	1
AT3G61571	0	0	0	0	0	0
AT3G60060	0	0	0	0	0	1
AT3G56970	1	0	2	3	8	2
AT3G21710	438	323	349	401	475	510
AT3G61100	235	184	168	275	272	228
AT3G18790	642	655	569	643	733	591
AT3G24503	2591	2511	3004	2230	2605	3614
AT3G29797	0	0	0	0	0	0
AT3G23410	218	268	191	215	272	205
AT3G08720	5774	6940	7804	5192	3801	7277
AT3G25170	0	0	0	0	0	0
AT3G20550	682	558	671	695	751	736
AT3G13275	303	254	319	180	180	183
AT3G19470	59	92	71	93	117	55
AT3G05775	0	0	0	0	0	0
AT3G20380	70	65	102	317	404	349
AT3G04250	0	0	0	0	0	0
AT3G66654	1302	1108	1141	1058	1192	1095
AT3G46110	90	167	162	177	186	139
AT3G48440	165	261	228	217	279	165
AT3G47530	88	89	73	80	127	91
AT3G50260	1691	1878	2383	952	756	1644
AT3G46735	10	12	14	13	12	14
AT3G54320	492	328	322	467	485	529
AT3G61010	1227	1176	1294	1259	1430	1307
AT3G07050	2415	1883	1678	2335	2779	2239
AT3G25012	15	20	15	24	15	21
AT3G12900	4	4	11	13	17	43
AT3G16130	0	0	0	0	0	0
AT3G61117	5	6	0	1	7	1
AT3G42310	0	0	0	0	0	0
AT3G04920	7614	5103	4831	6013	6792	5697
AT3G30720	2	1	4	1	0	8
AT3G10220	995	816	804	863	974	895
AT3G59170	0	0	0	0	0	0
AT3G48000	3998	3218	3563	2573	2900	3057
AT3G28243	0	0	0	0	0	0
AT3G26210	126	104	144	107	127	237
AT3G61035	0	0	1	0	0	0
AT3G11440	188	156	183	189	158	180
AT3G08820	48	42	38	49	61	38
AT3G22330	1046	1014	1026	1072	1183	895
AT3G15940	1474	1379	1618	1022	1200	858
AT3G25010	2	2	3	3	2	5
AT3G52115	102	73	65	108	122	80
AT3G44920	0	0	0	0	0	0
AT3G55130	0	0	0	0	0	0
AT3G24360	119	147	128	98	91	80
AT3G08620	201	171	184	217	245	186
AT3G26000	430	453	447	417	535	418
AT3G28540	12	15	26	26	19	19
AT3G24515	176	138	126	174	192	150
AT3G17470	70	78	64	112	135	88
AT3G03340	1058	910	919	857	994	751
AT3G04390	0	0	0	0	0	0
AT3G08560	3	1	0	1	1	1
AT3G54560	1279	978	868	1087	1272	955
AT3G14600	7678	5159	5099	6948	7819	6842
AT3G12460	0	1	0	0	2	0
AT3G52820	94	135	111	118	115	112
AT3G60245	17388	11632	11348	13529	15639	12662
AT3G30520	0	0	0	0	0	0
AT3G51230	162	163	150	188	283	127
AT3G26660	2	1	0	2	3	1
AT3G03160	1439	1121	1105	977	1038	982
AT3G53290	0	0	0	0	0	0
AT3G50290	121	82	84	59	74	62
AT3G46330	39	91	63	142	168	227
AT3G17365	297	232	252	251	258	243
AT3G45670	0	1	0	0	1	1
AT3G21110	411	340	336	441	506	424
AT3G19170	915	956	881	1076	1280	998
AT3G19150	482	438	462	229	322	286
AT3G24350	1153	1131	1068	914	1064	931
AT3G53730	1805	1258	1280	1333	1650	1282
AT3G45645	0	0	0	0	1	0
AT3G57170	469	483	472	493	595	452
AT3G05340	59	48	43	59	55	57
AT3G60415	15	66	30	47	50	66
AT3G28720	803	832	702	757	860	562
AT3G18820	3054	2883	2824	2087	2248	2035
AT3G13750	3111	4238	2875	3585	5832	2443
AT3G50160	15	16	38	18	23	49
AT3G47010	339	442	482	538	588	548
AT3G11250	1392	1148	927	1235	1350	1099
AT3G44810	0	0	0	0	0	0
AT3G01930	896	1061	1201	821	1066	802
AT3G23030	1786	2157	1791	1775	2472	1969
AT3G50910	1733	1889	2586	1193	1025	1450
AT3G51800	4692	3707	3383	4329	4873	3843
AT3G24506	317	239	250	336	368	275
AT3G21250	1058	1072	1085	1136	1312	1205
AT3G55513	0	0	0	1	2	1
AT3G47870	1	0	2	2	2	1
AT3G15630	1310	1353	554	1650	2082	1745
AT3G45440	74	83	68	76	84	67
AT3G24860	149	154	152	133	181	114
AT3G02677	8	10	12	4	8	8
AT3G02320	418	399	403	418	446	387
AT3G24040	925	1017	952	940	1197	847
AT3G54670	1666	2129	2115	2045	2497	2170
AT3G61580	6021	8172	7634	6592	5936	6763
AT3G22022	0	0	0	0	0	0
AT3G12130	738	708	611	673	740	580
AT3G28710	2461	2336	2337	2160	2547	2123
AT3G57660	1153	1124	1001	1420	1616	1181
AT3G13530	825	1119	923	921	1073	839
AT3G22200	4191	3854	4227	2134	2188	1915
AT3G15700	23	29	32	15	20	31
AT3G06330	124	143	161	212	293	237
AT3G01470	2531	2579	2882	2723	3295	2787
AT3G27300	2262	2774	2556	2536	3397	2547
AT3G13300	3658	3984	4006	3906	4596	4237
AT3G58630	255	231	197	253	315	210
AT3G28415	0	2	1	0	1	4
AT3G21200	315	327	354	336	412	314
AT3G50470	55	36	40	60	57	55
AT3G16980	22	14	14	16	16	9
AT3G51940	142	127	91	122	152	99
AT3G09863	1	1	2	2	2	2
AT3G13730	54	64	47	232	378	116
AT3G02065	323	258	276	304	325	299
AT3G05746	0	0	0	0	0	0
AT3G61180	556	605	600	641	822	674
AT3G04040	47	53	42	35	26	16
AT3G60070	186	236	252	203	279	216
AT3G11750	11	16	12	9	11	11
AT3G61200	740	619	676	556	593	519
AT3G07150	9	4	5	4	4	5
AT3G21450	0	0	0	0	0	1
AT3G19950	564	473	466	430	559	510
AT3G19250	53	57	66	51	90	45
AT3G61220	54	108	61	65	132	2
AT3G03730	0	0	0	0	0	0
AT3G26770	399	400	395	474	589	500
AT3G29185	117	105	86	164	209	169
AT3G01180	418	396	459	506	592	413
AT3G43440	259	249	209	275	279	254
AT3G11900	232	185	220	171	195	203
AT3G49670	547	740	601	895	1354	584
AT3G28290	0	0	0	0	0	0
AT3G63520	1499	1563	1619	833	930	702
AT3G14980	724	801	706	633	784	570
AT3G04330	26	19	15	30	39	58
AT3G52860	168	143	120	179	206	126
AT3G24550	9750	13753	12395	7324	6354	8558
AT3G55210	10	2	6	7	5	11
AT3G48380	1140	978	954	1094	1364	1204
AT3G58660	1807	1138	1050	1682	1710	1305
AT3G04410	3	1	1	2	3	11
AT3G49045	0	0	0	0	0	0
AT3G07840	0	0	0	0	0	0
AT3G43660	0	0	0	0	1	2
AT3G25640	106	132	99	180	300	82
AT3G53230	895	911	867	542	707	592
AT3G43750	0	0	0	0	1	0
AT3G58770	52	64	41	65	79	41
AT3G54360	634	741	690	662	784	584
AT3G09480	124	72	81	71	76	55
AT3G03620	31	8	9	0	0	0
AT3G05610	0	0	0	0	0	0
AT3G27330	177	131	137	188	177	141
AT3G15160	710	633	632	732	829	671
AT3G62960	0	19	13	74	68	6
AT3G16940	1345	1328	1576	1326	1419	1361
AT3G15110	121	108	95	93	97	100
AT3G26160	0	0	1	0	0	0
AT3G27620	8	13	10	14	10	10
AT3G44753	31	21	23	21	28	44
AT3G06090	0	0	0	0	0	0
AT3G09070	602	886	697	1238	2019	715
AT3G02580	900	841	790	780	812	710
AT3G22400	1737	1773	1605	1261	1281	1684
AT3G14160	135	122	139	159	222	147
AT3G14172	1949	2234	2083	2265	2680	2105
AT3G07450	0	1	1	0	0	0
AT3G03670	9	36	8	239	243	379
AT3G26190	6	2	3	2	7	8
AT3G04943	1	0	0	0	0	0
AT3G12775	0	0	0	0	0	1
AT3G21100	325	305	301	479	616	337
AT3G22961	22	13	9	31	41	37
AT3G55430	15702	22861	20624	11315	8341	12878
AT3G10640	1313	1127	1062	949	1065	1171
AT3G09640	6	7	1	3	5	5
AT3G55160	618	537	567	748	739	646
AT3G16857	1585	1578	1505	1624	2054	1712
AT3G27860	4	2	3	5	9	6
AT3G24540	1	3	2	10	10	4
AT3G54080	733	780	725	784	943	702
AT3G56190	3043	2807	3039	2383	2657	2362
AT3G53820	0	0	1	5	2	0
AT3G09730	94	60	56	127	127	75
AT3G60290	25	32	41	6	2	5
AT3G09890	448	348	361	406	442	389
AT3G11180	1	4	4	8	5	2
AT3G22870	0	0	0	0	0	0
AT3G18520	1029	974	938	1050	1194	1071
AT3G06630	89	106	101	124	148	74
AT3G22920	4	3	9	4	1	5
AT3G52580	3606	2353	2247	3250	3370	2808
AT3G66658	840	755	727	932	1036	877
AT3G04560	582	478	464	661	818	698
AT3G07920	1	3	1	1	1	0
AT3G59760	2785	2911	2919	2940	3254	2764
AT3G48185	110	58	70	70	93	75
AT3G19613	0	1	0	1	0	0
AT3G29035	140	119	90	168	181	165
AT3G62150	2586	4981	5680	2053	1525	2755
AT3G58070	0	0	0	2	0	0
AT3G13403	2	0	0	1	9	2
AT3G58800	138	127	150	129	140	107
AT3G46880	31	11	1	202	316	104
AT3G50150	66	64	92	60	75	113
AT3G53090	382	455	498	372	526	407
AT3G53360	56	71	66	108	75	76
AT3G57810	186	180	168	158	221	159
AT3G43470	0	0	0	0	0	0
AT3G03090	89	88	67	64	90	56
AT3G26618	633	574	504	581	610	593
AT3G26520	23260	18602	15822	22793	26949	19612
AT3G44780	0	0	0	0	0	0
AT3G11740	1	0	0	0	0	1
AT3G53320	183	197	174	259	359	218
AT3G08550	879	843	771	909	1015	860
AT3G13677	99	110	93	108	144	109
AT3G29190	0	0	1	7	4	3
AT3G05060	3136	2346	2112	3040	3358	2763
AT3G24463	72	52	53	48	84	82
AT3G49810	799	807	960	1001	1049	1120
AT3G07660	1756	1566	1569	1846	2138	2007
AT3G20330	592	510	452	671	646	476
AT3G09162	0	0	0	0	2	1
AT3G47980	430	330	308	505	718	597
AT3G11100	518	394	415	481	715	502
AT3G45260	98	78	71	95	133	110
AT3G44190	14082	16272	20317	9482	7563	15441
AT3G07630	597	385	389	513	510	549
AT3G07810	2949	3055	3368	2528	2501	2679
AT3G51580	678	596	647	609	635	549
AT3G56290	4	2	3	1	5	0
AT3G18775	22	30	24	18	25	22
AT3G21865	1076	1106	1012	904	1096	893
AT3G49210	437	501	478	319	337	460
AT3G60670	54	42	58	8	10	31
AT3G01230	0	0	0	0	0	0
AT3G49930	104	104	108	74	91	89
AT3G62610	5	3	5	3	0	2
AT3G46630	145	158	106	100	101	83
AT3G60510	151	150	135	214	237	200
AT3G58415	0	0	0	0	0	0
AT3G19700	2	0	0	0	0	0
AT3G12290	2638	2414	2412	2487	2737	2341
AT3G52890	902	858	849	1031	1364	924
AT3G06700	9338	5676	5625	6573	6928	5777
AT3G17070	0	0	0	0	0	1
AT3G29330	58	47	62	61	83	73
AT3G31402	0	0	0	0	0	0
AT3G61110	4332	2999	2631	3080	3592	2825
AT3G07320	3022	3401	2906	3035	3590	2525
AT3G19184	59	82	34	97	126	68
AT3G30820	0	0	0	0	0	0
AT3G44840	4	12	13	15	7	15
AT3G51110	220	191	183	204	280	169
AT3G02960	0	0	0	1	0	0
AT3G02673	0	0	0	0	0	0
AT3G24760	114	117	98	126	233	123
AT3G45810	0	0	0	0	0	0
AT3G16850	1461	1584	1283	1261	1503	1150
AT3G54770	581	363	417	564	592	616
AT3G59410	476	514	558	548	602	553
AT3G28730	1930	1849	1794	1894	2201	1772
AT3G05240	13	14	9	10	24	15
AT3G26760	271	253	240	250	358	339
AT3G02020	426	499	443	1221	1960	1445
AT3G07890	856	861	876	757	837	704
AT3G17940	1895	1524	1402	1413	1632	1220
AT3G50930	6460	8333	10208	9143	8320	10036
AT3G06085	0	0	1	0	0	0
AT3G02680	117	147	132	127	200	151
AT3G56960	286	250	256	250	312	275
AT3G04710	589	515	507	548	629	493
AT3G54440	1699	1908	1842	1473	1627	1521
AT3G01415	0	0	0	0	0	0
AT3G15200	556	709	691	507	394	580
AT3G44326	804	530	507	834	808	737
AT3G43910	0	0	0	0	0	0
AT3G17340	938	914	891	925	1055	848
AT3G24650	1	0	0	0	1	0
AT3G56891	45	54	70	48	46	73
AT3G61175	0	0	0	0	0	0
AT3G14467	9	6	6	4	2	8
AT3G10090	1176	825	831	798	981	815
AT3G46290	1056	1133	1083	1052	1403	1071
AT3G02570	926	935	843	816	953	742
AT3G06050	1490	1171	1157	1241	1427	1154
AT3G47100	0	0	0	0	1	0
AT3G54040	383	486	472	738	777	1173
AT3G18600	1538	1094	1076	1531	1523	1417
AT3G28310	10	7	7	2	0	2
AT3G49920	126	81	91	81	115	88
AT3G53780	451	528	523	451	543	444
AT3G44935	0	0	0	0	0	0
AT3G05090	870	1031	943	942	1227	981
AT3G57030	654	908	626	827	1108	577
AT3G51220	64	118	83	108	121	61
AT3G03190	55	56	49	193	269	195
AT3G43415	0	0	0	0	0	0
AT3G20010	510	472	518	543	673	577
AT3G21740	208	147	151	213	234	181
AT3G17300	498	339	295	377	491	373
AT3G50650	346	554	369	225	264	154
AT3G60520	111	116	98	84	124	99
AT3G16540	1	6	4	8	15	9
AT3G57050	2036	1938	1927	2136	2421	2110
AT3G26070	31	29	7	18	63	5
AT3G59130	77	49	70	36	37	54
AT3G01740	1069	805	836	842	1067	884
AT3G53000	329	345	282	318	363	297
AT3G06060	629	602	511	566	691	556
AT3G07250	9	1	1	2	1	0
AT3G51300	9	4	13	3	9	10
AT3G21750	151	99	108	63	75	98
AT3G54270	130	110	140	129	178	150
AT3G23210	148	127	142	168	271	176
AT3G16600	2	0	0	0	0	2
AT3G58450	0	0	1	0	1	0
AT3G58370	0	0	0	0	1	1
AT3G58920	1	0	1	1	1	0
AT3G16390	1048	1294	1533	601	663	1394
AT3G23750	2671	3165	2613	2209	2316	2171
AT3G24100	836	664	765	556	549	580
AT3G15540	583	619	813	360	313	327
AT3G10455	0	0	0	0	0	0
AT3G03530	242	392	354	195	260	150
AT3G49260	10	16	30	15	12	15
AT3G53930	377	383	436	386	471	367
AT3G28335	1	0	0	0	1	0
AT3G49490	1854	1942	1867	1883	2397	1982
AT3G04600	1246	1012	1009	1131	1266	1067
AT3G55270	1785	1996	2013	1906	2093	2303
AT3G20640	99	107	119	235	513	159
AT3G09790	1	2	0	2	1	1
AT3G29790	0	0	0	0	0	0
AT3G61415	279	207	199	264	314	275
AT3G21560	10	5	4	4	4	7
AT3G25221	4	1	0	5	2	3
AT3G03430	1	5	2	0	2	1
AT3G13510	671	919	846	1118	1516	947
AT3G25100	112	87	62	118	157	92
AT3G07460	1217	1178	973	907	970	795
AT3G24320	143	116	93	143	179	144
AT3G43480	0	0	0	0	0	0
AT3G02260	6044	6644	6554	6158	7464	5915
AT3G48820	522	428	450	485	558	414
AT3G55440	14154	13809	12314	12660	13790	11796
AT3G27950	19	16	21	103	191	165
AT3G27200	901	944	796	678	890	489
AT3G12390	4194	3150	3307	4068	4410	3566
AT3G17510	1639	1905	2152	1170	1202	1595
AT3G61260	3884	3796	3627	2472	2617	2974
AT3G09130	3	0	1	0	0	0
AT3G05460	0	0	0	0	0	0
AT3G55730	277	271	246	199	210	206
AT3G09455	56	51	44	33	46	34
AT3G46450	582	653	654	421	510	507
AT3G13860	1278	1039	935	1177	1413	1033
AT3G21870	0	0	0	0	1	0
AT3G04890	173	177	161	171	244	167
AT3G61460	155	140	134	254	546	142
AT3G62210	190	357	359	306	306	394
AT3G49310	906	945	930	773	926	701
AT3G09360	411	431	422	429	486	431
AT3G18535	259	343	272	292	390	304
AT3G09440	5750	5450	4759	4850	5458	4782
AT3G11600	111	94	140	130	178	124
AT3G03220	747	670	686	702	833	592
AT3G18300	80	77	64	87	70	81
AT3G13840	35	47	65	70	94	51
AT3G60710	0	0	0	0	0	0
AT3G10570	0	0	1	0	5	0
AT3G23890	1654	1772	1493	2357	2702	1963
AT3G18560	414	526	760	653	839	760
AT3G09140	0	0	0	0	0	0
AT3G01490	34	30	23	12	27	37
AT3G02290	258	315	257	312	488	319
AT3G42670	159	241	229	255	362	327
AT3G12685	25	13	15	16	15	17
AT3G61840	2	0	0	0	0	0
AT3G07990	561	606	559	621	713	506
AT3G43930	23	46	39	19	35	20
AT3G28640	56	40	43	54	75	62
AT3G42130	0	0	0	0	0	0
AT3G55230	1421	988	1078	993	1167	1325
AT3G25160	0	0	1	0	0	0
AT3G56800	7847	8047	8896	6506	6957	7255
AT3G26750	65	46	45	89	118	69
AT3G53150	64	96	69	37	37	118
AT3G26300	245	253	293	201	215	185
AT3G13900	13	12	5	14	12	6
AT3G44250	0	0	0	0	0	2
AT3G20290	1203	1230	1237	1177	1379	1081
AT3G10620	479	418	382	372	419	416
AT3G16950	1523	1315	1287	1479	1630	1444
AT3G05820	3	3	10	3	3	1
AT3G21170	0	0	0	0	0	0
AT3G01440	3	3	2	1	1	0
AT3G18450	10	7	5	169	178	151
AT3G09032	81	97	74	92	108	74
AT3G29170	493	429	489	329	347	394
AT3G59510	0	0	0	0	0	0
AT3G03400	0	0	0	0	0	0
AT3G45820	0	0	0	0	0	0
AT3G53410	230	204	222	244	301	247
AT3G01325	0	0	0	0	0	0
AT3G51000	924	877	903	740	807	576
AT3G16170	419	438	454	343	400	269
AT3G02670	4	7	4	1	5	1
AT3G26850	157	137	123	163	214	135
AT3G58600	1304	1168	1153	1017	976	939
AT3G16640	28611	28416	30564	25004	27609	26047
AT3G56200	517	795	619	480	466	484
AT3G21930	0	0	0	0	0	0
AT3G21190	1466	2053	2004	1561	2049	1246
AT3G18890	97	214	152	241	286	136
AT3G48290	5	0	1	1	0	0
AT3G01350	35	27	38	105	199	60
AT3G55930	6	4	2	1	6	10
AT3G59880	23	15	12	15	15	10
AT3G59610	0	0	0	0	0	0
AT3G12700	992	1462	867	1097	1100	495
AT3G12833	57	41	28	19	31	25
AT3G23635	2	0	1	1	2	0
AT3G09580	9	7	5	5	19	3
AT3G14225	78	52	75	43	50	71
AT3G23325	90	60	92	57	75	60
AT3G61700	3	3	3	2	5	0
AT3G50610	7	4	12	5	16	7
AT3G58850	272	165	200	115	95	134
AT3G03040	726	763	796	868	1094	873
AT3G20260	895	722	596	708	848	577
AT3G14050	1624	2180	2278	1782	1779	2022
AT3G59270	0	2	0	2	2	0
AT3G08980	110	71	68	100	100	82
AT3G11591	6	2	1	3	5	2
AT3G53440	140	128	103	133	157	84
AT3G05030	447	391	370	287	278	252
AT3G59290	697	748	752	628	764	755
AT3G10980	579	519	534	495	583	569
AT3G56620	370	333	304	81	126	102
AT3G16300	51	20	25	34	36	33
AT3G11630	2084	1707	1327	1946	2059	1607
AT3G28360	11	21	22	30	60	29
AT3G48530	3235	2942	2692	3544	4384	4297
AT3G22120	755	2688	876	2242	5276	45
AT3G44695	31	22	30	12	14	21
AT3G60680	114	115	129	128	217	140
AT3G02850	167	72	30	1105	1642	783
AT3G51420	0	1	3	0	0	0
AT3G19140	0	0	0	0	0	0
AT3G51490	0	0	2	1	2	0
AT3G04730	2975	2863	2767	2402	3275	2130
AT3G50820	98	55	12	22	87	7
AT3G60560	0	0	0	0	0	0
AT3G11870	0	0	1	0	0	0
AT3G13560	616	617	564	683	768	435
AT3G31430	0	0	0	0	0	0
AT3G02970	13	4	7	8	8	28
AT3G45525	0	0	0	0	0	0
AT3G29280	172	144	141	172	173	160
AT3G55770	3649	3358	3373	3373	3733	3414
AT3G07650	158	112	90	189	382	197
AT3G56030	86	80	78	55	81	68
AT3G54120	103	105	85	85	124	77
AT3G05950	797	1259	759	2807	2792	2937
AT3G29030	3	3	2	8	20	4
AT3G27260	2213	2297	2423	2199	2101	2290
AT3G26135	31	13	17	18	29	24
AT3G21080	4	5	4	9	6	22
AT3G28510	739	1294	1948	1050	908	1084
AT3G20935	495	285	467	276	282	297
AT3G63390	144	119	127	154	162	116
AT3G22360	0	0	0	0	0	0
AT3G59800	309	213	191	231	263	243
AT3G14690	340	331	387	243	236	184
AT3G49050	381	357	343	332	490	428
AT3G61820	1998	2618	2819	2361	3634	1760
AT3G28340	1528	1813	1669	1759	1846	1782
AT3G21830	0	0	0	0	0	0
AT3G62528	1	0	0	0	0	0
AT3G03380	2996	3264	3119	3177	3865	3467
AT3G13898	10	6	6	11	10	6
AT3G57350	590	526	525	657	742	630
AT3G16712	0	0	0	0	0	0
AT3G03300	859	867	826	864	972	817
AT3G54065	1	3	6	6	6	9
AT3G11340	1119	929	928	520	688	660
AT3G52990	4049	4312	4223	3613	4269	3423
AT3G07270	1143	1158	1134	1184	1374	1102
AT3G46380	0	0	0	0	0	0
AT3G53470	10	11	8	8	16	6
AT3G21970	0	0	0	0	0	0
AT3G03660	22	16	14	12	17	16
AT3G17560	0	0	0	0	0	0
AT3G61420	784	734	701	1067	1230	894
AT3G57320	469	416	458	402	437	324
AT3G45480	0	0	0	0	0	0
AT3G45080	105	104	195	46	54	67
AT3G32940	554	576	566	596	757	572
AT3G03828	0	0	0	0	0	0
AT3G13940	525	404	349	395	545	355
AT3G11010	103	126	160	106	133	109
AT3G57770	9	3	0	0	5	3
AT3G62370	717	613	576	623	693	565
AT3G58670	430	375	357	418	555	453
AT3G13190	365	362	290	508	480	302
AT3G55252	0	0	0	0	0	0
AT3G60240	3581	4255	4019	4398	5202	4009
AT3G60640	286	294	294	384	423	258
AT3G23020	30	23	28	26	48	27
AT3G62910	59	36	34	53	48	46
AT3G12170	115	88	79	96	119	116
AT3G02330	48	45	36	50	66	48
AT3G56510	564	521	512	528	640	555
AT3G07490	22	23	16	21	13	27
AT3G24255	76	85	65	96	145	81
AT3G57160	63	44	35	73	72	32
AT3G51610	749	586	622	620	705	605
AT3G46940	438	304	315	383	442	299
AT3G56850	529	447	414	567	637	513
AT3G60780	2	0	2	1	4	1
AT3G08940	74	61	30	69	231	64
AT3G10810	636	696	652	569	730	502
AT3G10520	146	98	101	118	114	76
AT3G13360	751	722	578	762	1078	659
AT3G46820	256	210	196	239	374	243
AT3G05675	158	125	112	126	190	105
AT3G11960	1180	1173	1204	1283	1499	1246
AT3G44600	1036	873	948	1047	1125	886
AT3G29270	332	357	359	327	458	387
AT3G43520	808	800	772	741	954	598
AT3G42850	55	53	63	32	62	56
AT3G63510	220	167	254	181	234	131
AT3G46800	73	44	33	35	40	42
AT3G09300	3110	2505	2507	2698	2945	2709
AT3G06180	172	153	110	145	191	144
AT3G25600	1165	1061	1220	767	686	996
AT3G08630	1268	1189	1002	952	1022	898
AT3G27830	247	254	164	243	270	189
AT3G56540	0	0	0	0	0	0
AT3G58040	610	551	516	698	930	654
AT3G62100	42	39	39	56	101	20
AT3G10910	94	96	142	144	170	138
AT3G45700	561	507	221	537	668	636
AT3G59630	212	206	203	241	306	183
AT3G54570	0	0	0	1	1	0
AT3G43290	0	0	0	0	0	0
AT3G15030	132	147	165	140	218	183
AT3G59470	354	310	316	342	413	364
AT3G20475	56	55	58	82	75	51
AT3G21470	23	21	25	48	24	23
AT3G51340	40	44	52	143	218	217
AT3G11090	0	0	0	0	2	0
AT3G51360	52	31	35	66	90	108
AT3G61560	397	432	439	293	413	343
AT3G27650	27	32	16	41	75	25
AT3G45555	0	0	0	0	0	0
AT3G43120	0	0	0	0	0	0
AT3G18220	0	0	0	1	0	1
AT3G23610	58	54	72	51	63	77
AT3G59770	2087	2379	2378	2119	2525	2296
AT3G05940	233	243	261	237	291	233
AT3G48270	0	0	0	0	0	0
AT3G53040	63	34	40	32	40	30
AT3G26540	93	64	67	97	117	73
AT3G05600	0	0	0	0	0	1
AT3G46430	2578	1721	1823	1847	2045	1637
AT3G22850	2065	1857	1764	2003	2605	2066
AT3G56330	44	27	27	43	47	30
AT3G48675	0	0	0	0	0	0
AT3G22210	12	4	8	7	19	11
AT3G09085	67	86	72	40	68	62
AT3G15605	0	1	1	0	0	0
AT3G05400	23	38	20	19	24	5
AT3G30525	0	0	0	0	0	0
AT3G46420	0	1	0	1	2	0
AT3G16580	0	0	0	0	0	0
AT3G42870	0	0	0	0	0	0
AT3G46460	425	408	368	362	498	376
AT3G50900	402	362	588	204	249	326
AT3G45000	3	0	1	3	3	0
AT3G46170	100	104	111	61	68	61
AT3G63060	91	89	123	127	128	168
AT3G04680	510	409	416	486	533	457
AT3G43850	29	12	6	31	34	44
AT3G27340	657	535	522	600	666	501
AT3G02645	0	0	0	0	0	0
AT3G06440	499	430	394	425	492	487
AT3G59460	1	0	2	1	0	0
AT3G46750	6	1	5	1	5	6
AT3G06160	0	5	5	0	3	0
AT3G12140	755	734	791	785	835	798
AT3G57520	12276	10766	8941	7932	7335	8190
AT3G13060	1662	1538	1760	1651	1890	1658
AT3G45800	0	0	0	0	0	0
AT3G13140	7	6	4	6	6	2
AT3G50925	0	0	0	0	0	0
AT3G60210	694	549	551	561	599	583
AT3G42640	522	460	464	558	636	606
AT3G05650	237	460	311	233	307	155
AT3G24820	145	122	131	140	204	142
AT3G18040	1191	1345	1079	716	665	762
AT3G27530	1726	1600	1509	1689	2003	1725
AT3G20090	359	290	352	339	379	352
AT3G05430	112	87	68	115	132	80
AT3G16280	220	274	223	170	223	152
AT3G23160	275	355	362	237	298	260
AT3G19460	393	345	306	280	381	304
AT3G49290	345	330	313	348	358	310
AT3G55510	477	453	379	501	571	458
AT3G11620	273	251	173	275	294	229
AT3G46990	116	88	93	133	182	86
AT3G60470	23	28	32	48	66	91
AT3G61240	1775	1696	1603	1867	2032	1654
AT3G01190	4000	3629	4345	5944	6388	7885
AT3G24300	267	351	622	616	750	613
AT3G30730	0	0	0	0	0	0
AT3G15810	3579	3523	3934	3068	3108	3557
AT3G06140	195	240	214	256	342	190
AT3G57150	4515	3430	3130	4546	5365	4191
AT3G47740	7	8	9	5	15	18
AT3G25013	198	260	311	205	159	199
AT3G07300	600	586	504	537	650	532
AT3G47420	541	680	463	235	241	245
AT3G02875	1118	956	1189	558	655	685
AT3G45420	98	79	77	81	99	119
AT3G08570	106	103	75	87	150	101
AT3G21900	0	0	0	0	0	0
AT3G01572	2	4	3	1	4	1
AT3G59400	3	6	0	3	51	0
AT3G28674	0	0	0	0	0	0
AT3G51020	0	0	0	0	0	0
AT3G46090	539	609	1016	828	765	1122
AT3G46610	66	66	64	78	111	61
AT3G04980	86	77	69	85	123	99
AT3G01060	19	24	35	16	42	25
AT3G48430	706	749	765	893	1127	844
AT3G13810	216	251	263	424	919	221
AT3G05250	200	147	153	179	255	181
AT3G10480	533	560	524	576	710	537
AT3G28857	3	3	0	4	14	3
AT3G28500	16	4	8	11	13	3
AT3G29765	0	0	0	0	0	0
AT3G09060	110	119	123	115	144	106
AT3G63050	205	257	255	105	98	131
AT3G62670	0	0	0	0	0	0
AT3G55760	547	592	613	472	560	396
AT3G09240	51	35	57	50	60	50
AT3G50110	216	229	187	220	224	181
AT3G04640	2320	2104	2694	2060	1970	2477
AT3G16860	7483	10416	12264	6216	4155	7831
AT3G22630	913	727	671	827	959	729
AT3G52240	696	704	711	757	1039	777
AT3G55672	0	0	0	0	0	0
AT3G17600	6	10	4	6	1	6
AT3G19480	3	7	3	6	6	0
AT3G25410	98	57	82	101	140	93
AT3G23450	110	154	181	47	81	69
AT3G17609	25	19	23	17	14	24
AT3G16030	731	600	814	418	366	674
AT3G55820	49	41	33	39	24	25
AT3G17675	0	0	0	0	0	0
AT3G60300	2302	1837	1916	2102	2575	2122
AT3G02710	729	698	653	800	896	682
AT3G20440	171	155	136	233	256	186
AT3G48690	309	307	244	193	236	131
AT3G49270	1	0	0	1	1	2
AT3G46617	1	4	0	3	1	0
AT3G50640	473	325	409	423	447	477
AT3G56270	212	161	191	196	221	136
AT3G15850	200	176	121	240	308	152
AT3G06420	363	297	302	177	211	215
AT3G25180	1	0	0	0	0	3
AT3G52770	13	11	8	11	16	8
AT3G26030	1217	1220	1075	1126	1292	1076
AT3G61430	11993	8755	7193	15132	18448	14764
AT3G56910	408	279	225	354	392	339
AT3G28956	78	62	55	84	86	84
AT3G28060	0	0	0	0	0	0
AT3G59490	255	215	268	224	294	239
AT3G62400	1256	923	903	856	959	801
AT3G43400	1	0	0	0	0	0
AT3G09780	61	58	26	82	145	63
AT3G57120	393	349	389	295	324	344
AT3G17100	833	594	604	851	980	870
AT3G09740	2285	2123	2006	2023	2246	2027
AT3G51840	2786	2531	2178	3003	3319	2992
AT3G20340	403	306	259	300	357	396
AT3G26230	0	0	0	1	0	3
AT3G04490	805	765	679	809	983	947
AT3G11410	2819	3216	3394	1832	2227	1474
AT3G26590	355	396	529	625	698	580
AT3G54600	491	507	452	939	1299	947
AT3G57787	1	2	0	1	3	0
AT3G47490	195	190	206	236	298	168
AT3G14630	10	5	10	8	3	14
AT3G27570	1203	929	1063	845	904	770
AT3G47150	0	0	0	0	0	0
AT3G48620	0	0	1	0	1	0
AT3G02880	4993	6592	6337	4293	3836	4839
AT3G58150	2	0	4	4	1	4
AT3G52110	683	863	579	936	1145	677
AT3G18860	1727	1892	1755	1755	2072	1785
AT3G17490	0	0	0	0	0	0
AT3G12730	223	188	236	81	97	131
AT3G04580	700	718	681	736	830	744
AT3G07910	617	484	541	510	565	527
AT3G27120	134	112	124	146	203	139
AT3G17570	0	0	0	0	0	0
AT3G04180	0	0	0	1	0	0
AT3G30160	0	0	0	0	0	0
AT3G20570	1145	1400	1349	1263	1438	1397
AT3G13660	6	2	4	3	4	5
AT3G58120	1187	825	716	888	951	971
AT3G19280	79	75	76	96	123	69
AT3G06895	0	0	0	0	0	0
AT3G44720	2800	4755	4470	3832	4083	3614
AT3G21810	332	317	337	368	431	334
AT3G14620	90	69	76	58	34	84
AT3G09922	5	2	0	2	0	1
AT3G12100	257	235	266	246	256	215
AT3G30580	68	27	58	18	24	33
AT3G09620	0	0	1	0	2	1
AT3G61210	119	234	158	216	317	119
AT3G44450	3	0	2	6	11	3
AT3G56350	0	4	0	0	0	2
AT3G15635	1	1	1	0	0	0
AT3G30235	0	0	0	0	0	0
AT3G49970	0	1	2	0	0	0
AT3G05936	19	13	4	14	14	13
AT3G19040	12	6	16	22	13	12
AT3G13432	107	84	98	77	78	107
AT3G15710	1115	968	1007	755	797	766
AT3G22880	269	301	251	275	251	163
AT3G63150	1060	909	910	899	1050	955
AT3G49120	1722	2443	1465	3441	3816	1375
AT3G07525	98	72	65	93	89	97
AT3G26440	351	429	404	292	306	409
AT3G07470	2045	2028	1867	1294	1107	1361
AT3G20362	0	0	0	0	0	0
AT3G22950	862	756	731	661	738	668
AT3G17540	0	0	0	0	0	0
AT3G44550	1191	1746	1931	939	1197	807
AT3G23280	1659	1838	1942	1505	1879	1722
AT3G62030	541	448	347	566	713	443
AT3G60961	1	0	0	0	0	1
AT3G12280	1158	1301	1330	1338	1469	1220
AT3G52130	0	0	0	1	0	0
AT3G07080	170	200	177	196	235	124
AT3G09290	10	11	17	10	22	13
AT3G28760	166	162	150	178	162	148
AT3G49850	268	243	251	229	300	230
AT3G29794	0	0	0	0	0	0
AT3G29305	0	0	1	2	2	1
AT3G49660	115	78	65	105	117	90
AT3G47990	767	707	763	726	858	748
AT3G06070	648	552	473	141	157	172
AT3G50270	12	45	25	31	59	19
AT3G07780	3213	3745	3911	2965	2898	3561
AT3G15640	3075	2330	2381	2731	2992	2541
AT3G63370	72	65	70	82	82	88
AT3G17000	925	854	838	765	936	792
AT3G03450	64	59	56	99	107	101
AT3G11280	990	1062	1212	925	1221	849
AT3G26560	1463	1341	1314	1601	1938	1551
AT3G59620	11	14	16	13	10	12
AT3G06750	817	1297	1114	962	875	644
AT3G52400	7101	8805	11442	7933	7479	10893
AT3G02830	266	242	299	240	273	145
AT3G18524	255	238	283	361	522	321
AT3G57062	119	134	147	85	124	49
AT3G03250	5577	5750	6028	4218	4773	3881
AT3G14110	554	485	415	540	619	500
AT3G54960	3668	2927	3414	2837	3120	3359
AT3G14250	1	0	0	1	0	0
AT3G27850	176	135	150	234	272	199
AT3G20430	327	241	204	307	396	222
AT3G20750	0	0	0	0	0	0
AT3G59240	0	0	0	0	0	0
AT3G13220	0	1	1	3	0	0
AT3G27810	1	9	8	1	1	1
AT3G15340	57	37	37	43	77	54
AT3G63190	400	301	307	448	471	411
AT3G16420	29681	27829	28782	29113	29398	26240
AT3G56450	127	116	106	86	126	90
AT3G62850	7	8	5	4	3	1
AT3G44713	19	30	31	36	47	21
AT3G20060	770	813	737	788	966	703
AT3G54930	114	129	94	148	148	108
AT3G10525	130	50	55	143	181	75
AT3G21380	0	0	0	0	0	0
AT3G03260	2	3	1	8	3	4
AT3G08710	980	1121	1201	777	745	902
AT3G62860	377	337	315	333	370	323
AT3G25770	126	92	118	47	31	40
AT3G16060	1767	1825	1642	1988	2372	1620
AT3G55030	307	239	213	242	331	225
AT3G02350	3767	3902	4345	3216	3323	3176
AT3G01435	204	176	175	157	204	142
AT3G17240	4675	4188	4243	3999	4663	3986
AT3G53160	66	24	28	21	36	22
AT3G45650	1050	1070	1269	1965	1814	3281
AT3G48350	418	593	425	448	645	327
AT3G51760	0	0	2	0	1	3
AT3G48470	189	141	157	170	219	189
AT3G13910	371	392	372	353	384	297
AT3G57940	430	419	388	504	602	515
AT3G52700	0	0	0	0	0	0
AT3G60580	26	20	13	36	46	23
AT3G04530	148	128	263	39	57	30
AT3G21460	2	3	5	5	12	1
AT3G25280	0	0	0	0	0	0
AT3G55290	228	273	282	260	270	139
AT3G10595	0	0	0	0	0	0
AT3G46030	2737	1966	2034	2340	2815	2263
AT3G50990	1	0	2	1	0	0
AT3G08890	272	238	220	211	243	199
AT3G10580	0	0	0	0	0	0
AT3G28223	0	0	0	0	0	0
AT3G22750	463	620	449	692	1058	786
AT3G26670	639	586	534	593	633	535
AT3G28853	0	0	0	0	0	0
AT3G01580	38	42	34	51	54	48
AT3G53880	402	340	310	358	402	271
AT3G46950	50	42	40	57	66	52
AT3G01870	17	23	23	25	40	18
AT3G14320	2	0	0	1	5	1
AT3G12270	610	448	396	671	685	576
AT3G28899	0	0	0	0	0	0
AT3G06910	140	133	116	184	189	173
AT3G52690	0	0	0	0	0	0
AT3G03210	131	109	125	105	167	108
AT3G57290	3603	3264	2819	3770	4151	3504
AT3G06100	7	7	9	6	5	1
AT3G53670	1063	793	858	1045	1239	1128
AT3G54750	621	634	503	762	879	593
AT3G45860	3	6	3	6	3	3
AT3G07330	1318	1219	1321	1219	1515	1158
AT3G05035	2	1	1	0	0	1
AT3G61723	0	0	0	0	0	0
AT3G49142	40	45	40	39	59	37
AT3G04150	0	0	0	0	0	0
AT3G14580	25	28	22	22	36	25
AT3G16180	432	286	314	334	445	380
AT3G55970	78	100	152	14	25	29
AT3G08740	222	157	108	235	241	182
AT3G44890	407	350	325	401	511	364
AT3G10070	191	207	137	219	247	172
AT3G25490	0	0	1	0	0	0
AT3G57530	9855	13158	15906	9837	8134	11530
AT3G14260	540	461	665	319	341	436
AT3G16310	1028	850	765	1121	1285	1068
AT3G61520	53	65	46	34	69	50
AT3G28030	459	536	565	556	721	579
AT3G51990	334	247	298	273	286	311
AT3G05685	53	45	54	54	67	50
AT3G57480	206	217	195	198	235	233
AT3G10605	0	2	1	1	2	1
AT3G51120	755	878	850	927	1154	984
AT3G13772	1870	2003	1980	1957	2365	1779
AT3G11450	1842	1434	1476	1956	2288	1842
AT3G14850	155	49	80	52	58	65
AT3G22570	196	172	171	129	149	172
AT3G62820	29	44	38	69	82	29
AT3G13370	0	0	0	0	0	0
AT3G26400	1010	1039	926	937	986	968
AT3G22740	164	180	196	143	165	172
AT3G07255	93	42	60	50	29	30
AT3G02760	1986	1870	1858	2268	2482	2163
AT3G05425	0	0	0	0	0	0
AT3G52180	447	459	545	258	374	224
AT3G25210	201	197	145	225	308	200
AT3G27740	1547	1319	1162	1610	1784	1421
AT3G24490	536	384	401	406	536	430
AT3G54810	5850	7256	7463	4739	4890	5952
AT3G51530	154	137	102	151	173	138
AT3G46180	195	143	144	171	218	167
AT3G47370	3709	2414	2248	3035	3374	2609
AT3G59480	233	186	108	320	399	418
AT3G18930	72	86	83	126	119	137
AT3G10960	258	382	327	222	271	234
AT3G30705	0	0	0	0	0	0
AT3G13235	1286	1198	1148	1276	1342	1173
AT3G12750	198	215	217	208	265	213
AT3G18190	3178	2668	2457	3166	3587	3115
AT3G25050	0	0	0	0	0	0
AT3G25680	308	263	276	308	373	286
AT3G55665	0	0	0	0	0	0
AT3G47860	164	215	141	152	182	109
AT3G26140	0	1	0	0	0	0
AT3G17900	1333	1228	1201	1340	1540	1274
AT3G21860	0	0	1	0	0	0
AT3G13180	176	159	151	163	193	146
AT3G23670	658	794	670	944	1110	761
AT3G53100	1586	2045	1950	1808	2629	1886
AT3G14070	236	330	363	131	144	195
AT3G18340	0	0	0	0	0	0
AT3G45540	3	0	1	0	0	1
AT3G06600	93	48	63	50	49	39
AT3G18800	49	48	49	80	116	56
AT3G56640	305	334	301	353	424	356
AT3G09350	368	294	321	331	420	364
AT3G45730	348	380	274	469	401	469
AT3G26170	18	31	16	19	23	4
AT3G29180	2061	1896	1882	1802	2097	1840
AT3G49796	0	0	0	0	0	0
AT3G57430	54	75	59	66	74	67
AT3G33187	0	0	0	0	0	0
AT3G51810	40	44	31	44	24	41
AT3G45248	0	0	0	0	0	0
AT3G58880	0	0	0	0	0	0
AT3G09010	207	228	281	227	241	260
AT3G12440	0	0	0	0	0	0
AT3G19515	808	748	728	905	1028	919
AT3G54000	5144	5072	5912	2220	1866	3294
AT3G17265	0	0	0	0	0	0
AT3G63090	119	90	70	126	160	104
AT3G46890	24	26	29	27	28	23
AT3G22440	6578	7945	7253	7528	9784	7995
AT3G53570	469	427	456	445	511	463
AT3G04700	5	6	8	9	7	6
AT3G47790	446	682	888	207	240	255
AT3G29040	1	0	0	0	0	0
AT3G05480	53	36	50	49	60	52
AT3G14870	1124	1170	1047	735	770	720
AT3G61250	8	20	8	19	40	12
AT3G61670	1001	1278	1244	1201	1239	1155
AT3G45040	1417	1616	1559	1011	925	1226
AT3G23637	0	0	0	0	0	0
AT3G62560	989	858	943	753	836	730
AT3G26280	0	1	2	1	2	0
AT3G15350	1314	1587	1486	1042	951	739
AT3G59310	435	539	561	451	407	456
AT3G17850	2541	3047	2938	2614	2768	2449
AT3G50040	54	46	44	54	75	41
AT3G51160	3853	3949	4466	3043	3178	3190
AT3G52155	150	123	105	118	156	128
AT3G14180	697	662	678	731	879	697
AT3G29000	894	925	1086	937	895	1371
AT3G22290	1284	1263	1109	1105	1277	1134
AT3G54950	197	234	258	272	427	251
AT3G21215	832	781	810	848	833	776
AT3G22500	2	0	0	1	1	0
AT3G16740	442	427	394	352	445	355
AT3G25570	239	280	272	285	287	264
AT3G08730	2258	1812	1743	1341	1434	1492
AT3G54790	513	456	546	502	677	622
AT3G11730	1054	1158	1018	1039	1281	987
AT3G63380	127	177	109	114	87	266
AT3G58320	0	0	0	0	0	0
AT3G18410	2728	2110	1928	2247	2493	2084
AT3G15270	0	0	0	0	0	0
AT3G16190	570	487	456	408	464	441
AT3G62750	58	104	66	49	74	18
AT3G03980	219	167	107	182	223	140
AT3G55090	792	1269	1749	875	509	1031
AT3G25070	619	502	580	810	972	861
AT3G57020	113	114	121	35	44	43
AT3G61070	926	922	784	682	668	717
AT3G06670	1668	1632	1651	1751	2073	1799
AT3G01040	632	614	514	566	732	530
AT3G61130	2541	2843	2511	2282	2732	1899
AT3G11350	1	0	1	0	2	1
AT3G52200	2402	2433	2365	2512	2929	2649
AT3G23165	0	0	0	0	0	0
AT3G16270	1193	1317	1298	1245	1292	1184
AT3G15960	3	3	1	1	2	3
AT3G32420	0	0	0	0	0	0
AT3G50320	0	0	0	0	0	0
AT3G05327	26	21	27	21	19	20
AT3G06810	1237	1413	1190	1150	1502	1135
AT3G48240	19	25	15	16	15	6
AT3G15470	692	634	725	676	896	698
AT3G22940	0	0	0	0	0	0
AT3G02940	35	34	36	34	34	29
AT3G60770	8746	5891	5361	7277	7764	6663
AT3G13226	372	329	342	363	432	314
AT3G01340	1436	1320	1279	1260	1511	1239
AT3G10260	1556	1529	1532	1274	1364	1244
AT3G18080	1601	2651	1872	3517	4909	1530
AT3G54250	643	494	453	476	577	471
AT3G09410	642	605	617	686	859	693
AT3G03610	389	382	360	436	461	403
AT3G60750	6965	6468	7048	8689	12160	8139
AT3G58890	0	0	0	0	0	0
AT3G21720	136	86	79	30	29	88
AT3G20710	23	11	18	27	21	22
AT3G10660	1087	817	874	670	684	846
AT3G55620	1890	1705	1591	1813	2221	1848
AT3G06019	1	1	0	0	0	0
AT3G20850	3	6	6	2	9	3
AT3G47810	2743	1983	2140	1766	2052	1854
AT3G19663	27	24	31	23	26	22
AT3G01345	0	0	0	0	2	0
AT3G24130	3	6	3	6	1	3
AT3G55560	287	302	318	328	441	325
AT3G17370	0	2	0	1	1	0
AT3G17460	46	39	42	44	69	56
AT3G60880	464	362	367	435	557	465
AT3G10400	97	61	87	88	93	62
AT3G45660	115	141	104	233	251	554
AT3G51260	2362	2020	1872	2007	2168	1812
AT3G12110	1861	2136	1666	1211	1385	1265
AT3G50330	1	0	0	0	0	0
AT3G10920	5243	4004	4036	3920	4551	3664
AT3G03830	0	0	0	0	0	0
AT3G55710	2	5	5	8	3	6
AT3G22600	3653	2732	2677	1500	1754	2427
AT3G46120	0	0	0	0	0	0
AT3G61113	19	18	14	20	15	21
AT3G49450	0	0	0	0	0	0
AT3G61880	57	140	51	247	431	36
AT3G44060	0	0	0	0	0	0
AT3G03070	2494	1925	2034	1939	2216	1821
AT3G43710	0	0	0	0	0	0
AT3G28216	0	0	0	0	0	0
AT3G03680	638	398	323	844	864	523
AT3G19895	342	369	365	419	533	380
AT3G14700	13	21	33	12	8	12
AT3G45220	0	0	0	0	1	0
AT3G28860	3841	3341	3556	4105	4533	4269
AT3G12930	122	97	67	131	189	119
AT3G06380	576	541	470	559	800	640
AT3G04590	332	339	345	349	477	300
AT3G07830	0	0	0	0	0	0
AT3G49610	0	0	0	0	0	0
AT3G24830	13983	9377	8808	11778	13031	10860
AT3G51210	0	0	0	0	0	0
AT3G14830	530	505	525	502	602	542
AT3G18165	1097	923	911	998	1115	887
AT3G32040	161	129	321	94	102	130
AT3G59430	132	120	91	166	177	128
AT3G20220	0	0	0	0	0	0
AT3G21550	383	949	856	500	863	820
AT3G56140	359	353	315	409	527	411
AT3G27140	1	0	0	0	0	1
AT3G13550	242	199	208	180	256	217
AT3G27750	36	28	34	57	79	32
AT3G49390	1060	975	1044	945	1147	873
AT3G59520	135	121	135	130	141	98
AT3G20300	445	303	373	81	106	99
AT3G03630	99	62	66	91	119	88
AT3G11240	218	189	191	253	288	217
AT3G59200	29	18	17	20	25	21
AT3G22723	0	0	0	0	0	0
AT3G06920	167	106	159	193	196	173
AT3G17740	258	222	228	274	321	243
AT3G43432	0	0	0	0	0	0
AT3G56420	0	0	2	0	0	0
AT3G50380	1189	1457	1361	1220	1537	1150
AT3G24460	210	187	233	195	306	218
AT3G19810	103	101	84	118	142	106
AT3G47965	153	144	124	157	172	159
AT3G49630	6	9	3	32	66	55
AT3G24200	711	793	741	700	976	680
AT3G18270	426	383	363	392	508	365
AT3G02610	43	36	58	52	79	56
AT3G21352	0	3	4	24	9	9
AT3G25719	0	0	0	0	0	0
AT3G07230	1524	920	977	1074	1179	925
AT3G06360	39	26	36	30	35	14
AT3G25200	0	0	0	0	0	0
AT3G49307	0	0	0	0	0	0
AT3G56900	444	378	360	461	533	459
AT3G06710	12	14	7	18	16	13
AT3G62270	858	797	934	769	766	773
AT3G24850	1	0	0	0	0	0
AT3G46350	0	0	0	0	0	0
AT3G45990	0	0	0	0	0	0
AT3G25950	10	19	23	18	11	26
AT3G51890	275	366	355	286	285	390
AT3G18830	1902	1640	1973	1001	1231	1389
AT3G02420	847	697	733	776	902	735
AT3G49030	0	0	0	0	0	0
AT3G45070	700	677	745	589	720	472
AT3G23790	214	262	264	161	193	219
AT3G05858	76	85	122	12	17	41
AT3G49560	769	631	682	722	825	683
AT3G43240	1110	1115	1108	1174	1204	1136
AT3G30841	311	381	314	306	408	295
AT3G44750	3001	1625	1649	2593	2605	2011
AT3G13440	971	772	856	1055	1124	1071
AT3G58110	1303	1294	1285	1493	1747	1413
AT3G54925	0	0	0	0	0	0
AT3G58760	918	1049	1064	811	855	770
AT3G21480	320	390	391	450	491	411
AT3G44140	0	0	0	0	0	0
AT3G51050	1670	1507	1365	1363	1685	1367
AT3G26940	1	0	0	0	0	0
AT3G14920	508	695	716	606	720	594
AT3G06580	1449	1543	1419	1499	1688	1495
AT3G09110	3	2	1	1	2	1
AT3G06520	28	18	19	29	29	16
AT3G52870	2844	2952	3473	2382	1910	2656
AT3G02900	502	324	315	333	436	319
AT3G26355	0	0	0	0	0	0
AT3G56220	41	30	33	28	53	24
AT3G17160	1102	762	787	895	1146	1023
AT3G26922	88	96	75	120	103	76
AT3G50450	1	0	0	1	4	0
AT3G60530	901	523	440	1164	1219	1216
AT3G48840	3	4	5	3	0	7
AT3G05560	6475	4157	3917	5592	5933	5012
AT3G63040	3	4	3	1	0	1
AT3G11385	219	199	162	196	158	215
AT3G62800	245	241	238	239	279	228
AT3G49744	0	0	0	0	1	0
AT3G07260	25	25	25	23	17	18
AT3G05830	147	94	127	129	160	158
AT3G51750	489	180	238	13	17	29
AT3G46680	12	28	20	8	9	7
AT3G13276	3	3	4	4	1	0
AT3G05780	1	1	3	3	0	4
AT3G08360	7	10	8	3	2	4
AT3G06725	0	0	0	0	0	0
AT3G04265	0	0	0	0	0	0
AT3G02625	0	0	0	0	0	0
AT3G05965	0	0	0	0	0	0
AT3G07965	0	0	0	0	0	0
AT3G07765	0	0	0	0	0	0
AT3G05735	0	1	0	0	0	0
AT3G06525	0	0	0	0	0	0
AT3G04365	0	0	0	0	0	0
AT3G03165	5	1	3	0	2	1
AT3G04335	0	0	0	0	0	0
AT3G08345	0	0	0	0	0	0
AT3G03655	0	0	0	0	0	0
AT3G03285	0	0	0	0	0	0
AT3G02155	1	0	0	0	0	0
AT3G08875	0	0	0	0	0	0
AT3G05275	0	0	0	0	0	0
AT3G09525	2	0	0	0	0	0
AT3G07495	2	1	2	2	1	7
AT3G08310	0	0	0	0	0	0
AT3G04385	0	0	0	0	0	0
AT3G03035	6	5	0	1	2	1
AT3G01285	0	0	0	0	0	0
AT3G06285	0	0	0	0	0	0
AT3G06055	0	0	0	0	0	0
AT3G04245	0	0	0	0	0	0
AT3G05605	0	0	0	0	0	0
AT3G09605	0	0	0	0	0	0
AT3G01655	0	0	0	0	0	0
AT3G01105	0	0	0	0	0	0
AT3G04565	0	0	0	0	0	0
AT3G06855	0	0	0	0	0	0
AT3G04325	0	0	0	0	0	0
AT3G06185	0	0	0	0	0	0
AT3G03835	0	0	0	0	0	0
AT3G05705	1	0	0	1	2	1
AT3G06605	0	0	0	0	0	0
AT3G07675	0	0	0	0	0	0
AT3G08175	0	0	0	0	0	0
AT3G08050	0	0	0	0	0	0
AT3G05555	0	0	0	0	0	0
AT3G05485	0	0	0	0	0	0
AT3G06405	1	2	0	0	2	0
AT3G07665	0	0	0	0	0	1
AT3G06685	0	0	0	0	0	0
AT3G08745	0	0	0	0	0	0
AT3G07745	0	0	0	0	0	0
AT3G08315	0	0	0	0	0	0
AT3G04205	0	0	0	0	0	0
AT3G05995	0	2	3	0	1	0
AT3G02135	0	0	0	0	0	0
AT3G08450	0	0	0	0	0	0
AT3G01445	0	0	0	0	0	0
AT3G05025	0	0	0	0	0	0
AT3G06765	0	0	0	0	0	0
AT3G05315	0	0	0	0	0	0
AT3G01195	4	12	2	8	21	9
AT3G08755	0	0	0	1	0	1
AT3G04675	0	0	0	0	0	0
AT3G02685	0	0	0	0	0	0
AT3G01885	0	0	0	0	0	0
AT3G03605	0	0	0	0	0	0
AT3G03805	0	0	1	0	0	0
AT3G05645	0	0	0	0	0	0
AT3G01565	0	0	0	0	0	0
AT3G06555	0	0	0	0	0	0
AT3G01295	0	4	1	0	0	4
AT3G03915	0	0	0	0	0	0
AT3G06395	0	0	0	0	0	0
AT3G08355	0	0	0	0	0	0
AT3G08140	0	0	0	0	0	0
AT3G01585	1	0	0	0	0	0
AT3G02325	0	0	0	0	0	0
AT3G06155	0	0	0	0	0	0
AT3G09025	0	0	0	0	0	0
AT3G02415	0	0	0	0	0	0
AT3G02235	0	0	0	0	0	0
AT3G06575	0	0	0	0	0	0
AT3G07775	0	0	0	0	0	0
AT3G05205	0	0	1	0	0	0
AT3G06955	7	6	5	4	7	3
AT3G07645	0	0	0	0	1	0
AT3G06165	0	0	0	0	0	0
AT3G08455	0	0	0	0	0	0
AT3G04665	0	0	0	0	0	0
AT3G05305	0	0	0	0	0	0
AT3G08465	0	0	0	0	0	0
AT3G01075	0	0	0	1	0	0
AT3G02985	0	0	0	0	0	0
AT3G03705	0	0	0	0	0	0
AT3G03005	0	0	0	0	0	0
AT3G05085	0	0	0	0	0	0
AT3G02665	0	0	0	2	0	2
AT3G07295	0	0	0	0	0	0
AT3G09095	0	1	0	1	0	0
AT3G04625	0	0	0	0	0	0
AT3G07325	0	0	0	0	0	0
AT3G01965	0	0	0	0	0	0
AT3G01625	0	0	0	0	0	0
AT3G08775	0	0	0	0	0	0
AT3G02995	0	0	0	0	0	0
AT3G03985	0	0	0	0	0	0
AT3G04345	0	0	0	0	0	0
AT3G03825	0	0	0	0	0	0
AT3G03465	0	0	0	0	0	0
AT3G03715	0	0	0	0	0	0
AT3G03505	46	23	28	7	8	18
AT3G01125	0	0	0	0	0	0
AT3G07985	0	0	0	0	0	0
AT3G08925	0	0	0	0	0	0
AT3G06275	0	0	0	0	0	0
AT3G08325	0	0	0	0	0	0
AT3G01855	0	0	0	0	0	0
AT3G02145	0	0	0	0	0	0
AT3G05945	0	0	0	0	0	1
AT3G08190	0	0	1	0	0	0
AT3G09695	0	0	0	0	0	0
AT3G05455	0	0	0	0	0	0
AT3G01315	0	0	0	0	0	0
AT3G03875	0	0	0	0	0	0
AT3G08200	0	0	0	0	0	0
AT3G08855	0	1	0	0	0	0
AT3G04925	3	0	0	0	0	0
AT3G08330	0	0	0	0	0	0
AT3G08155	0	0	0	0	0	0
AT3G06535	0	0	0	0	0	0
AT3G01275	0	0	0	0	0	0
AT3G09415	0	0	0	0	0	0
AT3G08420	0	0	0	0	0	0
AT3G06385	0	0	0	0	0	0
AT3G06625	0	0	0	0	0	0
AT3G04145	0	0	0	0	0	0
AT3G08035	0	0	0	0	0	0
AT3G08380	0	0	0	0	0	0
AT3G08845	0	0	0	0	0	0
AT3G01975	0	0	0	0	0	0
AT3G06475	0	0	1	0	0	0
AT3G09075	0	0	0	0	0	0
AT3G07075	0	0	0	0	0	0
AT3G00995	0	0	0	0	0	0
AT3G09935	0	0	0	0	0	0
AT3G02745	0	0	0	0	0	0
AT3G05495	0	0	0	0	0	0
AT3G05385	2	2	0	2	1	0
AT3G05925	1	1	0	0	2	1
AT3G07225	0	0	0	0	0	0
AT3G04775	0	0	0	0	0	0
AT3G05795	0	0	0	0	0	0
AT3G04425	0	0	0	1	0	0
AT3G08185	0	0	0	0	1	0
AT3G04725	0	0	0	0	0	0
AT3G02735	0	0	0	0	0	0
AT3G07165	0	0	0	0	0	0
AT3G01535	0	0	0	0	0	0
AT3G03345	0	0	0	0	0	0
AT3G05635	3	5	3	7	2	2
AT3G01865	1	1	0	2	2	1
AT3G09675	0	0	0	0	0	0
AT3G05825	0	0	0	0	0	0
AT3G02815	0	0	0	0	0	0
AT3G04395	1	0	0	0	2	0
AT3G04475	0	0	0	0	0	0
AT3G05785	0	0	0	0	0	0
AT3G01365	0	0	0	0	0	0
AT3G08255	1	0	0	0	0	0
AT3G05105	0	0	0	0	0	0
AT3G08295	0	0	0	0	0	0
AT3G08100	0	0	0	0	0	0
AT3G02655	0	0	0	0	0	0
AT3G05595	0	0	0	0	0	0
AT3G01575	0	0	0	0	0	0
AT3G09185	0	0	0	0	0	0
AT3G02405	2	0	0	0	0	0
AT3G07815	0	0	0	0	0	0
AT3G04875	0	0	0	0	0	0
AT3G03075	0	0	0	0	0	0
AT3G09835	0	0	0	0	0	0
AT3G05475	0	0	0	0	0	0
AT3G02695	1	2	0	0	4	2
AT3G01395	0	0	0	0	0	0
AT3G08105	0	0	0	0	0	0
AT3G03085	0	0	0	0	0	0
AT3G09445	0	0	0	0	0	0
AT3G05535	0	0	0	0	0	0
AT3G06905	0	0	0	0	0	0
AT3G08130	0	0	0	0	0	0
AT3G03195	0	0	0	0	1	0
AT3G01845	1	3	1	1	0	0
AT3G02595	0	0	0	0	0	0
AT3G04005	0	0	0	0	0	0
AT3G02945	0	0	0	0	0	1
AT3G01595	0	0	0	0	0	0
AT3G04745	1	0	1	0	0	1
AT3G06585	0	0	0	0	0	0
AT3G05195	0	0	0	0	0	0
AT3G04085	0	0	0	1	0	0
AT3G06695	0	0	0	0	0	0
AT3G01305	0	0	0	0	0	0
AT3G09265	0	0	0	0	0	0
AT3G05375	0	0	0	0	0	0
AT3G07945	0	0	0	0	0	0
AT3G05695	0	0	0	0	0	0
AT3G00970	3	2	1	2	1	2
AT3G03755	0	0	0	0	0	0
AT3G09335	3	1	1	4	4	5
AT3G07555	3	1	1	2	0	1
AT3G06415	0	0	0	0	0	0
AT3G04595	0	0	0	0	0	0
AT3G08265	0	0	0	0	0	0
AT3G02705	0	0	0	0	0	0
AT3G09125	0	0	0	0	0	0
AT3G06115	0	0	0	0	0	0
AT3G06095	0	0	0	0	0	0
AT3G01805	0	0	0	0	0	0
AT3G04645	0	0	0	0	0	0
AT3G03665	0	0	0	0	0	0
AT3G06745	0	0	0	0	0	0
AT3G04235	0	0	0	0	0	0
AT3G05665	0	0	0	0	0	0
AT3G04805	0	0	0	0	0	0
AT3G08825	0	0	0	0	0	0
AT3G05005	0	0	0	0	0	0
AT3G04955	0	0	0	0	0	0
AT3G03945	0	0	0	0	0	0
AT3G08135	0	0	0	0	0	0
AT3G09345	0	0	0	0	0	0
AT3G08965	0	0	0	0	0	0
AT3G06245	0	0	0	0	0	0
AT3G06045	0	0	0	0	0	0
AT3G08065	0	0	0	0	0	0
AT3G07475	0	0	0	1	0	0
AT3G08390	0	1	2	0	0	0
AT3G08250	0	0	0	0	0	0
AT3G08935	0	0	0	0	0	0
AT3G08725	0	0	0	0	0	0
AT3G06925	0	0	0	0	0	0
AT3G04045	0	0	0	0	0	0
AT3G01385	0	0	0	0	0	0
AT3G07435	0	0	0	0	0	0
AT3G07275	0	0	0	0	0	0
AT3G08110	0	0	0	0	0	0
AT3G03555	0	0	0	0	0	1
AT3G01425	7	0	4	7	5	2
AT3G06835	0	0	0	0	0	0
AT3G04895	0	0	0	0	0	0
AT3G04415	0	0	0	0	0	0
AT3G09705	0	0	0	0	0	0
AT3G02895	1	0	1	0	0	0
AT3G01735	0	0	0	0	0	0
AT3G06375	0	0	0	0	0	0
AT3G03735	0	0	0	0	0	0
AT3G03455	0	0	0	0	0	0
AT3G02805	0	0	0	0	0	0
AT3G01665	0	0	0	0	0	0
AT3G06975	0	0	0	0	0	0
AT3G05915	2	0	0	0	0	0
AT3G06075	0	0	0	0	0	3
AT3G03355	0	0	0	0	0	0
AT3G06315	0	0	0	0	0	0
AT3G04845	0	0	0	0	0	0
AT3G05895	0	0	0	0	0	0
AT3G09555	0	1	0	0	5	3
AT3G07585	0	0	0	0	0	0
AT3G08005	0	0	0	0	0	0
AT3G09315	0	0	0	0	0	0
AT3G06755	1	0	1	2	0	1
AT3G05395	0	0	0	0	0	0
AT3G02835	0	0	0	0	0	0
AT3G04125	0	0	0	0	0	0
AT3G01835	3	1	1	2	1	1
AT3G04975	1	0	0	0	0	1
AT3G04225	0	0	0	0	0	0
AT3G02055	0	0	0	0	0	0
AT3G01225	0	0	0	0	0	0
AT3G02825	0	0	0	0	0	0
AT3G05465	0	0	0	0	0	0
AT3G03205	0	0	0	0	0	0
AT3G06735	0	0	0	0	0	0
AT3G09065	0	0	0	1	0	0
AT3G01765	0	0	0	0	0	0
AT3G03635	0	0	0	0	0	0
AT3G07955	0	0	0	0	0	0
AT3G05235	0	0	0	0	0	0
AT3G01985	0	0	0	0	0	0
AT3G07465	0	0	0	0	0	0
AT3G09765	0	0	0	0	0	0
AT3G08430	0	0	0	0	0	0
AT3G01255	0	0	0	0	0	0
AT3G07085	0	0	0	0	0	0
AT3G06635	0	0	1	0	1	0
AT3G08915	0	0	0	0	0	0
AT3G06795	0	0	0	0	0	0
AT3G05045	0	0	0	0	0	0
AT3G09195	1	0	1	0	0	1
AT3G03045	1	0	0	1	0	0
AT3G04585	0	0	0	0	0	0
AT3G06715	0	0	0	0	0	0
AT3G08765	0	0	0	0	0	0
AT3G01095	0	0	0	0	0	0
AT3G03365	0	0	0	0	0	0
AT3G08460	0	0	0	0	0	0
AT3G04495	0	0	0	0	0	0
AT3G09825	0	0	0	0	0	0
AT3G08395	0	0	0	0	0	0
AT3G01785	0	0	0	0	0	0
AT3G06675	0	0	0	0	0	0
AT3G06515	8	5	10	1	6	2
AT3G05505	0	0	0	0	0	0
AT3G08415	0	1	0	0	0	0
AT3G04575	0	0	0	0	0	0
AT3G04505	0	0	0	0	0	0
AT3G08815	1	0	0	0	0	0
AT3G08025	0	0	0	0	0	0
AT3G06845	0	0	0	2	0	1
AT3G09665	0	0	0	0	0	0
AT3G07975	0	0	0	0	0	0
AT3G06465	0	0	0	0	0	0
AT3G05855	0	0	0	0	0	0
AT3G02775	0	0	0	0	0	0
AT3G03775	0	0	0	0	0	0
AT3G03495	0	0	1	1	1	2
AT3G08090	0	0	0	0	0	0
AT3G07395	0	0	0	0	0	0
AT3G03115	0	0	0	0	0	0
AT3G02425	0	0	0	0	0	0
AT3G06205	0	0	0	0	0	0
AT3G02905	0	0	0	0	0	0
AT3G02635	0	0	0	0	0	0
AT3G08905	0	0	0	0	0	0
AT3G09545	0	0	0	0	0	0
AT3G04795	0	0	0	0	0	0
AT3G04555	0	0	0	0	0	0
AT3G05745	0	0	0	0	0	0
AT3G08985	0	0	0	0	0	0
AT3G02615	0	0	0	0	0	0
AT3G06255	0	0	0	0	0	0
AT3G01235	9	13	8	20	27	4
AT3G06295	0	0	0	0	0	0
AT3G03995	0	0	0	0	0	0
AT3G04515	0	0	0	0	0	0
AT3G08080	0	0	0	0	0	0
AT3G09015	0	0	0	0	0	0
AT3G06485	0	0	0	0	0	0
AT3G03795	0	0	0	0	0	0
AT3G05815	0	0	0	0	0	0
AT3G07865	0	0	0	0	0	0
AT3G08435	0	0	0	0	0	0
AT3G06355	1048	560	547	579	790	883
AT3G04455	0	0	0	0	0	0
AT3G05845	0	0	0	0	0	0
AT3G03685	0	0	0	0	0	0
AT3G09045	0	0	0	0	0	0
AT3G05135	1	0	0	0	0	0
AT3G08335	0	0	0	0	0	0
AT3G02785	0	1	0	0	1	1
AT3G09785	0	0	0	0	0	0
AT3G06495	0	0	0	0	0	0
AT3G06025	1	2	0	2	0	0
AT3G09205	0	0	0	0	0	0
AT3G06265	0	0	0	0	0	0
AT3G07405	0	0	0	0	1	0
AT3G05125	0	0	0	0	0	0
AT3G07335	0	0	0	0	0	0
AT3G01025	0	0	0	0	0	0
AT3G04115	13	6	9	14	18	6
AT3G08535	0	0	0	0	0	0
AT3G09105	0	0	0	0	0	0
AT3G03435	0	0	0	0	0	0
AT3G04295	0	0	0	0	0	0
AT3G07845	0	0	0	0	0	0
AT3G07245	0	0	0	0	0	0
AT3G06785	0	0	0	0	0	0
AT3G07855	0	0	0	0	0	0
AT3G04935	0	0	1	0	0	0
AT3G08125	0	0	0	0	0	0
AT3G07905	0	0	0	0	0	0
AT3G02195	0	0	0	0	0	0
AT3G08160	0	0	0	0	0	0
AT3G09435	0	0	0	0	0	0
AT3G05885	0	0	0	0	0	0
AT3G09565	0	4	0	1	4	1
AT3G06425	0	0	0	0	0	0
AT3G04065	1	1	1	0	0	1
AT3G06015	0	0	0	0	0	0
AT3G01675	0	0	0	1	1	0
AT3G05265	1	0	0	0	0	0
AT3G05225	0	0	0	0	0	0
AT3G04375	0	0	0	0	0	0
AT3G09365	0	0	0	0	0	0
AT3G04995	0	0	0	0	0	0
AT3G07505	0	0	1	0	0	0
AT3G09465	0	0	0	0	0	0
AT3G06225	0	0	0	0	0	0
AT3G06065	0	0	0	0	0	0
AT3G01555	0	0	0	0	0	0
AT3G05805	0	0	0	0	0	0
AT3G06935	0	0	0	0	0	0
AT3G07415	0	0	0	0	0	0
AT3G09945	0	0	0	0	0	0
AT3G08835	0	0	0	0	0	0
AT3G09855	1	0	1	0	0	0
AT3G07125	0	0	0	0	0	0
AT3G05445	3	2	1	0	1	3
AT3G09115	0	0	0	0	0	0
AT3G07345	0	1	1	1	1	1
AT3G07235	0	0	0	1	0	0
AT3G01115	1	0	0	0	0	0
AT3G03325	0	0	0	0	0	0
AT3G07995	0	0	0	2	0	0
AT3G06215	0	0	1	0	0	0
AT3G03525	0	0	1	0	0	0
AT3G06615	0	0	0	0	0	0
AT3G09775	0	5	0	1	2	0
AT3G03375	0	0	0	0	0	0
AT3G08545	1	0	0	0	0	0
AT3G03645	0	0	0	0	0	0
AT3G07135	0	0	0	0	0	0
AT3G05245	0	0	0	1	0	0
AT3G08715	0	0	0	0	0	0
AT3G04305	0	0	0	0	0	0
AT3G09245	0	0	0	0	0	0
AT3G06815	0	0	0	0	0	1
AT3G03615	0	0	0	1	0	0
AT3G02265	0	0	0	0	0	0
AT3G03935	0	0	0	0	0	0
AT3G04095	0	0	0	0	0	0
AT3G08290	0	0	0	0	0	0
AT3G07915	0	1	0	0	0	0
AT3G02605	0	0	0	0	0	0
AT3G02395	0	0	0	0	0	0
AT3G03335	0	0	0	0	0	0
AT3G08205	0	0	0	0	0	0
AT3G04705	4	0	3	1	0	0
AT3G05765	0	0	0	0	0	0
AT3G06805	1	0	2	0	1	0
AT3G07155	0	0	0	0	0	0
AT3G07895	0	0	0	0	0	0
AT3G08585	0	0	0	0	0	0
AT3G08120	0	0	0	0	0	0
AT3G08370	1	4	2	3	3	6
AT3G03925	0	0	0	0	0	0
AT3G09355	0	0	0	0	0	0
AT3G09485	0	0	0	0	0	0
AT3G01815	0	0	0	0	0	0
AT3G09685	6	5	8	4	0	7
AT3G05055	0	0	0	0	0	0
AT3G05095	0	0	0	0	0	0
AT3G09255	0	0	0	0	0	0
AT3G06775	0	0	0	0	0	0
AT3G04435	0	0	0	0	0	0
AT3G06565	1	0	0	0	0	0
AT3G07045	0	0	0	0	0	0
AT3G03055	0	0	0	0	0	0
AT3G08280	0	0	0	0	0	0
AT3G09395	0	0	0	0	0	0
AT3G02345	0	0	0	0	0	0
AT3G04405	0	0	0	0	0	0
AT3G07655	1	0	0	0	0	0
AT3G06235	0	0	0	0	0	0
AT3G08595	0	0	0	0	0	0
AT3G04315	0	0	0	0	0	0
AT3G05655	2	0	0	0	1	0
AT3G03295	0	0	0	0	0	0
AT3G04815	0	0	0	0	0	0
AT3G03595	0	0	1	0	0	0
AT3G08260	0	0	0	0	0	0
AT3G09755	0	0	0	0	0	0
AT3G08495	0	0	0	0	0	0
AT3G09425	0	0	0	0	0	0
AT3G08270	0	0	0	0	0	0
AT3G05295	0	0	0	0	0	0
AT3G06135	0	0	0	0	0	0
AT3G01645	0	0	0	0	0	0
AT3G03515	0	0	0	0	0	1
AT3G03725	0	0	0	0	0	0
AT3G09325	0	0	0	0	0	0
AT3G09845	0	0	0	0	0	0
AT3G08340	0	0	0	0	0	0
AT3G01775	0	0	0	0	0	0
AT3G05175	0	0	0	0	0	0
AT3G03905	0	0	0	0	1	0
AT3G07935	2	4	1	0	1	1
AT3G05955	11	7	2	1	7	3
AT3G03675	0	0	0	0	2	0
AT3G05585	0	0	0	0	0	0
AT3G06645	0	0	0	1	0	1
AT3G00975	0	0	0	0	0	0
AT3G08115	4	3	2	11	12	5
AT3G04215	0	0	0	0	0	0
AT3G07545	0	0	0	0	0	0
AT3G06655	0	0	0	0	0	0
AT3G03765	0	0	0	0	0	1
AT3G08055	0	0	0	0	0	0
AT3G06915	0	0	0	0	0	0
AT3G02955	0	0	0	0	0	0
AT3G09475	0	0	0	0	0	0
AT3G08085	0	0	0	0	0	0
AT3G04355	0	2	0	0	0	0
AT3G02585	0	0	2	0	0	1
AT3G02475	0	0	0	0	0	0
AT3G04195	0	1	0	0	0	1
AT3G02115	0	2	4	3	3	1
AT3G08170	9	7	6	5	3	3
AT3G08895	0	1	1	0	1	2
AT3G04685	0	0	0	0	0	0
AT3G01615	0	0	0	0	0	0
AT3G08975	0	0	0	0	0	0
AT3G03155	0	0	0	0	0	0
AT3G01005	0	1	0	0	0	0
AT3G08785	2	0	0	0	0	0
AT3G01605	0	0	0	0	0	0
AT3G01135	0	0	0	0	0	0
AT3G01525	2	1	4	2	5	0
AT3G02075	1	0	0	0	0	0
AT3G03745	0	1	1	0	0	0
AT3G08705	0	0	0	0	0	1
AT3G01925	0	0	0	1	0	0
AT3G01905	1	0	0	1	0	0
AT3G02565	0	0	0	0	0	0
AT3G09645	0	0	0	0	0	0
AT3G52072	43	34	30	37	54	49
AT3G07835	1	8	1	0	0	0
AT3G09625	0	0	0	0	0	0
AT3G07925	1	3	4	0	3	13
AT3G08635	0	0	0	0	0	0
AT3G08405	0	0	0	0	0	1
AT3G09155	0	0	0	0	0	0
AT3G03702	10	10	16	17	17	9
AT3G46668	65	49	44	48	68	54
AT3G09815	1	2	1	2	1	1
AT3G01895	0	1	0	2	0	2
AT3G13061	0	1	0	0	0	0
AT3G09305	0	0	0	0	0	0
AT3G03895	0	0	0	0	0	0
AT3G07355	0	1	0	0	0	0
AT3G03385	1	2	0	1	0	1
AT3G08235	0	0	0	0	0	0
AT3G07885	0	0	0	0	0	0
AT3G27990	210	230	231	216	284	206
AT3G04135	0	0	1	2	2	2
AT3G01202	96	68	121	53	39	52
AT3G02485	0	0	0	0	0	0
AT3G03975	0	0	0	1	0	0
AT3G02845	0	1	0	0	0	0
AT3G09635	0	0	0	0	0	0
AT3G02275	0	0	0	0	0	0
AT3G51238	17	11	11	1	0	1
AT3G02575	7	3	3	1	5	5
AT3G04695	0	0	0	0	0	0
AT3G04785	0	0	0	0	0	0
AT3G02095	0	0	0	0	0	1
AT3G06325	64	19	50	40	44	64
AT3G56408	205	273	185	157	161	99
AT3G07825	0	0	0	0	0	0
AT3G08240	0	1	0	0	0	0
AT3G02855	0	0	0	0	0	0
AT3G01142	31	21	14	29	61	28
AT3G02755	0	0	0	0	0	0
AT3G09875	3	5	1	0	0	1
AT3G09745	24	25	26	32	31	28
AT3G07105	12	2	0	6	7	10
AT3G01795	1	0	4	0	1	1
AT3G01755	0	0	0	0	0	0
AT3G52535	37	58	42	52	42	44
AT3G08215	8	2	1	3	7	3
AT3G02105	0	1	0	0	0	0
AT3G08795	0	1	0	0	0	0
AT3G52605	40	19	54	29	38	38
AT3G09965	15	16	9	21	14	13
AT3G02035	0	0	1	0	1	3
AT3G04285	5	1	0	0	0	0
AT3G03955	0	0	0	0	0	0
AT3G03135	1	1	0	0	0	3
AT3G20978	0	0	0	0	0	0
AT3G03145	1	2	2	2	1	4
AT3G04965	0	0	0	0	0	0
AT3G03475	3	22	1	0	4	1
AT3G08470	3	0	0	1	2	0
AT3G63445	90	91	75	88	90	118
AT3G09275	5	9	4	3	14	20
AT3G01165	2	2	2	0	2	2
AT3G07795	1	0	0	0	0	0
AT3G08225	0	2	1	0	2	2
AT3G51075	111	130	134	153	169	126
AT3G09575	0	0	0	0	0	0
AT3G04755	0	0	0	0	0	1
AT3G01485	1	0	0	0	0	3
AT3G03865	0	0	0	0	0	0
AT3G04035	0	0	0	0	0	0
AT3G09895	0	1	0	0	0	0
AT3G08245	0	0	0	0	0	1
AT3G04255	1	0	0	1	1	1
AT3G09655	0	0	0	0	0	0
AT3G09905	0	1	0	1	0	0
AT3G09795	6	6	2	1	5	8
AT3G04015	0	0	0	0	0	0
AT3G02465	9	13	9	19	12	15
AT3G09145	9	6	14	2	6	6
AT3G08515	0	0	0	0	0	0
AT3G19002	2	3	0	0	3	0
AT3G03815	3	1	0	0	0	3
AT3G08480	6	1	5	4	2	3
AT3G04615	103	97	112	118	93	104
AT3G03025	25	23	24	13	11	20
AT3G04635	0	0	0	0	0	0
AT3G02765	3	15	6	4	6	12
AT3G08665	3	2	0	0	0	0
AT3G08805	0	0	0	0	0	0
AT3G08645	0	0	0	0	0	0
AT3G08220	0	0	0	1	0	0
AT3G21755	3	1	5	0	0	1
AT3G01045	19	10	19	9	17	11
AT3G21781	16	17	23	10	7	21
AT3G12502	9	10	10	18	5	9
AT3G09985	1	0	1	0	0	1
AT3G02935	0	0	0	0	0	0
AT3G49668	10	9	9	10	15	9
AT3G05905	21	34	11	17	21	13
AT3G07625	0	0	0	0	0	0
AT3G58795	0	1	0	1	0	0
AT3G02225	0	0	0	0	0	0
AT3G08300	2	0	0	2	2	3
AT3G08230	1	0	0	1	0	0
AT3G46658	57	59	57	73	77	64
AT3G07315	149	118	105	115	117	163
AT3G05285	4	3	1	1	5	4
AT3G07785	1	0	0	0	0	0
AT3G02545	0	0	0	0	0	0
AT3G01945	0	0	0	0	0	0
AT3G03125	22	6	11	5	14	26
AT3G59695	0	4	1	0	1	2
AT3G22121	6	8	1	3	9	0
AT3G01515	0	0	0	0	0	0
AT3G07205	0	0	0	0	0	0
AT3G03095	0	0	0	0	0	0
AT3G08475	0	0	0	0	0	0
AT3G01035	1	0	0	0	0	1
AT3G01215	0	0	0	0	0	0
AT3G04055	0	0	0	0	0	0
AT3G01375	0	0	0	0	0	0
AT3G09135	0	0	0	0	0	0
AT3G02535	0	0	1	2	0	0
AT3G04185	0	0	0	0	0	0
AT3G01065	36	20	41	44	52	44
AT3G07365	5	3	2	0	2	5
AT3G08350	0	3	0	0	0	0
AT3G07705	3	3	0	2	3	1
AT3G03785	0	0	0	0	0	0
AT3G09295	0	0	0	0	0	0
AT3G08070	36	8	16	31	45	69
AT3G01495	0	0	1	0	1	0
AT3G04275	0	0	0	0	0	0
AT3G01935	10	9	14	12	7	6
AT3G01915	0	0	0	0	0	0
AT3G04025	0	0	0	0	0	0
AT3G08655	0	0	0	0	0	0
AT3G07875	0	0	0	0	0	0
AT3G04825	4	2	1	5	3	2
AT3G02085	9	7	1	4	4	7
AT3G02305	1	1	4	1	0	3
AT3G04915	0	0	0	0	0	0
AT3G01505	0	0	0	0	0	0
AT3G08685	0	0	0	0	0	0
AT3G02365	4	2	3	3	5	2
AT3G08045	0	0	0	0	0	0
AT3G05932	59	60	52	29	54	56
AT3G08525	0	0	0	0	0	0
AT3G03965	0	0	0	0	0	0
AT3G01995	1	4	2	4	6	1
AT3G02505	0	0	1	0	0	0
AT3G08400	0	0	0	0	0	0
AT3G03105	7	14	10	3	2	5
AT3G01745	0	2	1	0	1	1
AT3G22072	30	29	34	32	51	32
AT3G04835	0	0	0	0	0	0
AT3G57965	191	158	149	239	315	218
AT3G02015	1	0	1	0	0	1
AT3G09725	0	0	0	0	0	0
AT3G07305	5	2	6	3	6	8
AT3G07175	0	1	0	0	0	0
AT3G29644	69	56	65	44	73	59
AT3G24332	3	3	2	1	2	3
AT3G09175	0	0	0	0	0	0
AT3G07375	0	0	0	0	0	0
AT3G02165	0	0	0	0	0	1
AT3G02295	0	0	0	0	0	0
AT3G08425	0	0	1	0	0	1
AT3G54625	18	28	19	18	28	22
AT3G02455	0	2	1	2	3	1
AT3G05575	0	0	0	0	0	0
AT3G08675	1	0	0	1	0	0
AT3G02925	1	0	0	0	0	1
AT3G02025	0	0	0	0	0	0
AT3G01635	1	0	0	0	0	0
AT3G07805	0	2	1	1	0	0
AT3G59068	11	8	6	9	6	13
AT3G07385	0	0	0	0	0	0
AT3G24518	49	59	35	54	67	46
AT3G02525	0	0	1	1	0	0
AT3G08365	0	1	0	0	0	2
AT3G07615	1	0	0	0	0	0
AT3G05015	0	4	0	0	0	0
AT3G02495	0	0	1	0	0	3
AT3G02285	0	0	0	0	0	0
AT3G01545	2	0	3	3	4	1
AT3G02915	0	0	0	0	0	0
AT3G05145	2	0	0	3	1	1
AT3G09495	4	0	0	0	0	0
AT3G09955	0	0	0	0	0	0
AT3G03215	0	0	0	0	2	0
AT3G01055	0	1	0	0	0	0
AT3G01205	7	16	7	6	5	8
AT3G05075	0	0	0	0	0	0
AT3G03225	1	0	0	0	0	0
AT3G08075	0	0	0	0	0	0
AT3G02215	0	1	0	0	0	0
AT3G03265	6	3	5	1	0	0
AT3G03275	0	0	0	0	0	0
AT3G09995	0	0	0	0	1	0
AT3G03535	10	7	0	0	2	1
AT3G07605	0	0	0	0	0	0
AT3G55734	0	0	0	0	0	0
AT3G07065	0	0	0	0	0	0
AT3G26812	0	0	0	0	0	0
AT3G09515	2	2	0	0	2	1
AT3G63375	1	1	3	2	1	4
AT3G04655	0	0	0	0	0	0
AT3G06595	0	0	0	0	0	0
AT3G48057	0	0	0	0	0	0
AT3G18895	0	0	0	0	0	0
AT3G23326	0	0	1	0	1	0
AT3G51375	0	0	0	0	0	0
AT3G26813	0	0	0	0	0	0
AT3G08150	0	0	0	0	0	0
AT3G23125	0	0	0	0	0	0
AT3G06445	0	0	0	0	0	0
AT3G26816	0	0	0	0	0	0
AT3G04765	0	0	0	0	0	0
AT3G55512	0	0	0	0	0	0
AT3G03235	0	0	0	0	0	0
AT3G03255	0	0	0	0	0	0
AT3G26819	0	0	0	0	0	0
AT3G53016	0	0	0	0	0	0
AT3G07515	0	0	0	0	0	0
AT3G18217	0	0	0	0	0	0
AT3G48201	0	0	0	0	0	0
AT3G07095	0	0	0	0	0	0
AT3G03245	0	0	0	0	0	0
AT3G44444	0	0	0	0	0	0
AT3G11435	0	2	2	0	0	0
AT3G05515	0	0	0	0	0	0
AT3G10745	0	0	0	0	2	0
AT3G26815	0	0	0	5	6	1
AT3G13405	2	1	0	1	6	1
AT3G13724	0	0	0	0	0	0
AT3G53015	0	0	0	0	0	0
AT3G09285	0	0	0	0	0	0
AT3G07695	0	0	0	0	0	0
AT3G61897	6	3	3	5	2	2
AT3G26818	0	0	0	4	3	1
AT3G03625	0	0	0	0	0	1
AT3G09615	0	0	0	0	0	0
AT3G07685	0	0	0	0	0	0
AT3G06345	1	0	2	1	2	4
AT3G05985	0	0	0	0	0	0
AT3G59884	0	0	0	0	0	0
AT3G22886	0	0	0	0	0	0
AT3G08285	0	0	0	0	0	0
AT3G14385	0	0	0	0	0	0
AT3G18827	0	0	0	0	0	0
AT3G07755	0	0	0	0	0	0
AT3G47347	14	7	5	2	3	2
AT3G02795	0	0	0	0	0	0
AT3G03415	0	0	0	1	0	1
AT3G24615	0	0	0	0	0	0
AT3G02725	0	0	0	0	0	0
AT3G08275	0	1	0	0	0	1
AT3G05335	3	1	0	2	2	1
AT3G50825	3	1	0	6	2	0
AT3G08165	6	3	0	2	4	2
AT3G02205	0	0	0	0	0	0
AT3G07725	1	6	1	2	3	0
AT3G24614	0	0	0	0	0	0
AT3G05355	0	2	0	2	1	2
AT3G09865	0	0	0	0	0	0
AT3G05715	9	10	7	6	8	10
AT3G02045	0	0	0	0	0	0
AT3G01155	0	0	0	0	0	0
AT3G02385	0	0	0	0	0	0
AT3G13525	0	0	0	0	0	1
AT3G27865	1	0	0	0	0	0
AT3G04165	5	2	0	3	1	4
AT3G03445	0	0	0	0	0	0
AT3G21805	2	1	3	3	3	2
AT3G01313	2	0	0	0	0	0
AT3G14475	0	0	0	0	0	0
AT3G24612	0	0	0	0	0	0
AT3G01145	0	0	0	0	0	0
AT3G08485	0	0	0	0	0	0
AT3G03425	0	0	1	0	0	0
AT3G02435	0	1	0	0	0	0
AT3G05325	1	0	0	2	1	0
AT3G02445	1	1	1	0	0	0
AT3G00985	0	0	0	0	0	0
AT3G09225	0	0	0	0	0	0
AT3G01316	0	0	0	0	0	0
AT3G58193	0	0	0	0	0	0
AT3G04985	0	0	0	0	0	0
AT3G58196	0	0	0	0	0	0
AT3G03175	1	1	0	1	0	0
AT3G08210	0	0	0	0	0	0
AT3G04175	1	2	0	0	2	0
AT3G07735	3	0	0	0	3	0
AT3G04155	2	1	4	0	0	0
AT3G47342	1	2	0	2	1	0
AT3G03585	0	0	0	0	1	0
AT3G47348	10	12	6	11	1	7
AT3G07715	4	0	1	2	1	0
AT3G08735	0	0	0	0	0	0
AT3G56825	3	2	0	1	3	1
AT3G57645	1	2	0	1	0	4
AT3G57765	0	0	0	0	0	2
AT3G05115	0	0	0	0	0	0
AT3G08945	0	0	0	0	0	0
AT3G56705	0	1	1	1	1	1
AT3G04905	0	0	0	0	0	0
AT3G08615	0	0	0	0	0	0
AT3G01715	2	4	1	3	6	4
AT3G08695	0	0	0	0	0	0
AT3G01695	3	0	2	0	6	0
AT3G06900	1	0	0	0	0	0
AT3G08575	0	0	0	0	0	0
AT3G13855	0	0	0	0	0	0
AT3G14735	1	0	0	0	0	0
AT3G07265	0	0	0	0	0	0
AT3G08605	0	1	0	0	1	0
AT3G09005	0	0	1	1	0	0
AT3G60805	0	0	0	0	0	0
AT3G10415	0	0	0	0	0	0
AT3G52345	0	0	0	0	0	0
AT3G27555	2	0	0	0	0	0
AT3G62285	0	0	0	0	0	0
AT3G55795	0	0	0	0	0	0
AT3G28695	0	0	0	0	0	0
AT3G05525	0	0	0	0	0	0
AT3G11505	0	0	0	0	0	0
AT3G05755	0	0	0	0	0	0
AT3G62735	0	0	0	0	0	0
AT3G18952	0	0	0	0	0	0
AT3G09505	0	0	0	0	0	0
AT3G06105	0	0	0	0	0	0
AT3G62245	0	0	0	0	0	0
AT3G13335	0	0	0	0	0	0
AT3G07185	0	0	0	0	0	0
AT3G06335	0	0	0	0	0	0
AT3G45955	0	0	0	0	0	0
AT3G01705	0	0	0	0	0	0
AT3G19235	0	0	0	0	0	0
AT3G60075	0	0	0	0	0	0
AT3G44955	0	0	0	0	0	0
AT3G03845	0	0	0	0	0	0
AT3G26747	0	0	0	0	0	0
AT3G28685	0	0	0	0	0	0
AT3G59415	0	0	0	0	0	0
AT3G59923	0	0	0	0	0	0
AT3G20655	0	0	0	0	0	0
AT3G27845	0	0	0	0	0	0
AT3G52955	0	0	0	0	0	0
AT3G61715	0	0	0	0	0	0
AT3G07055	0	0	0	0	0	0
AT3G20885	0	0	0	0	0	0
AT3G11395	0	0	0	0	0	0
AT3G50895	0	0	0	0	0	0
AT3G48275	0	0	0	0	0	0
AT3G02335	0	0	0	0	0	0
AT3G27825	0	0	0	0	0	0
AT3G56085	0	0	0	0	0	0
AT3G59926	0	0	0	0	0	0
AT3G15055	0	0	0	0	0	0
AT3G04525	0	0	0	0	0	0
AT3G14855	0	0	0	0	0	0
AT3G03852	0	0	0	0	0	0
AT3G52565	0	0	0	0	0	0
AT3G07115	0	0	0	0	0	0
AT3G21475	0	0	0	0	0	0
AT3G48745	0	0	0	0	0	0
AT3G09595	0	0	0	0	0	0
AT3G45965	0	0	2	0	0	1
AT3G50835	0	0	0	0	0	0
AT3G50665	0	0	0	0	0	0
AT3G52765	0	0	0	0	0	0
AT3G09585	0	0	0	0	0	0
AT3G45935	0	0	0	0	0	0
AT3G46875	0	0	0	0	0	0
AT3G53965	0	0	0	0	0	0
AT3G61825	0	0	0	0	0	0
AT3G55735	0	0	0	0	0	0
AT3G61105	0	0	0	0	0	0
AT3G49925	0	0	0	0	0	0
AT3G29095	0	0	0	0	0	0
AT3G02715	1	0	0	0	0	0
AT3G13223	0	0	0	0	0	0
AT3G53775	0	0	0	0	0	0
AT3G06665	0	0	0	0	0	0
AT3G58165	0	0	0	0	0	0
AT3G10015	0	0	0	0	0	0
AT3G58035	0	0	0	0	0	0
AT3G11285	0	0	0	0	0	0
AT3G50505	0	0	0	0	0	0
AT3G10035	0	0	0	0	0	0
AT3G63006	0	0	0	0	0	0
AT3G48515	0	0	0	0	0	0
AT3G61755	0	0	0	0	0	0
AT3G61545	0	0	0	0	0	0
AT3G51135	0	0	0	0	0	0
AT3G12385	0	0	0	0	0	0
AT3G07025	0	0	0	0	0	0
AT3G25715	0	0	0	0	0	0
AT3G15585	0	0	0	0	0	0
AT3G18815	0	0	0	0	0	0
AT3G12585	0	0	0	0	1	0
AT3G52285	0	0	0	0	0	0
AT3G30345	0	0	0	0	0	0
AT3G02315	0	0	0	0	0	0
AT3G16552	0	0	0	0	0	0
AT3G51265	0	0	0	0	0	0
AT3G05835	0	0	0	0	0	0
AT3G46585	0	0	0	0	0	0
AT3G63003	0	0	0	0	0	0
AT3G41979	0	0	0	0	0	0
AT3G41768	4971	3380	4174	7303	4285	4341
AT3G54366	502	519	494	559	578	413
AT3G18362	0	1	0	0	0	2
AT3G60972	2	1	4	0	3	0
AT3G55485	0	0	0	0	0	0
AT3G61118	47	44	25	53	67	35
AT3G53365	16	10	9	17	23	13
AT3G06125	77	98	112	46	53	42
AT3G27884	476	310	388	185	261	218
AT3G26612	42	29	30	32	56	46
AT3G12965	1321	630	545	745	843	642
AT3G44765	46	88	70	71	100	38
AT3G15536	0	0	0	0	0	0
AT3G06962	96	95	86	36	33	84
AT3G05152	15	22	29	27	45	25
AT3G41761	3	2	6	1	4	5
AT3G07215	72	40	37	60	68	45
AT3G46614	4	11	3	14	2	5
AT3G14185	8	5	6	18	18	9
AT3G13277	87	123	155	45	68	99
AT3G17185	173	69	83	170	205	110
AT3G03695	0	0	0	0	0	0
AT3G07635	1	3	5	2	2	5
AT3G59765	280	383	293	422	494	314
AT3G05185	0	0	0	0	0	0
AT3G60238	0	0	0	0	0	0
AT3G57157	13	13	11	29	37	16
AT3G08410	0	0	0	0	0	0
AT3G04485	52	36	36	53	46	42
AT3G61198	16	15	9	25	36	39
AT3G05215	0	0	0	0	0	0
AT3G03065	0	0	0	0	0	0
AT3G07485	1	5	5	2	7	1
AT3G44798	0	2	1	3	1	0
AT3G04535	0	0	0	0	0	0
AT3G60176	3	0	0	0	2	0
AT3G52748	181	205	241	103	84	266
AT3G52742	0	0	0	0	0	0
AT3G00980	0	0	0	0	0	0
AT3G25795	11	15	20	4	5	1
AT3G45638	47	22	17	13	9	10
AT3G02832	10	1	11	8	9	4
AT3G48115	674	553	581	665	620	518
AT3G11415	17	11	8	3	4	7
AT2G43120	3082	4044	4020	1976	1943	3135
AT2G21390	5904	6431	5758	6338	7440	5914
AT2G21930	0	2	0	0	1	1
AT2G18870	0	0	1	0	0	0
AT2G38310	2718	3206	3083	1234	1383	1448
AT2G26900	597	535	551	615	744	431
AT2G32710	158	132	159	236	296	224
AT2G16970	106	121	136	194	196	191
AT2G46620	609	634	797	680	906	742
AT2G43750	1471	1354	1230	1799	2308	1731
AT2G24490	446	405	429	542	680	437
AT2G15080	2	20	7	21	42	3
AT2G37678	185	133	139	189	298	156
AT2G46225	877	959	883	718	824	818
AT2G27700	0	0	0	0	0	0
AT2G16953	0	0	1	0	0	0
AT2G22320	0	0	0	0	0	0
AT2G37260	135	128	135	189	224	191
AT2G04031	0	0	0	0	0	0
AT2G16130	0	0	0	0	0	0
AT2G47560	547	933	928	632	450	663
AT2G37390	102	90	55	138	147	56
AT2G06050	12286	18207	18242	8312	4768	7751
AT2G35250	0	0	0	0	0	0
AT2G38390	4445	6583	7628	5505	7257	5675
AT2G25250	2669	2882	3265	2969	2971	3228
AT2G15710	0	0	0	0	0	0
AT2G33520	3	0	0	0	0	0
AT2G26330	65	130	32	90	149	8
AT2G39280	1165	1142	1134	1187	1391	982
AT2G47730	17421	15863	18249	15176	14534	21851
AT2G02310	584	555	613	493	321	640
AT2G07719	0	0	0	0	0	0
AT2G23160	0	0	0	0	0	0
AT2G40900	216	267	319	378	828	232
AT2G39140	240	203	173	219	274	170
AT2G46440	4	5	4	2	1	7
AT2G17630	677	528	480	601	692	533
AT2G21105	0	0	0	0	0	0
AT2G15470	0	0	0	0	0	0
AT2G47790	516	421	443	636	776	562
AT2G19190	29	33	34	24	47	90
AT2G41835	125	182	169	175	187	211
AT2G45130	1	4	0	3	7	6
AT2G39110	3333	3261	4349	2220	1482	2975
AT2G38910	0	0	0	0	0	0
AT2G44360	500	400	401	443	493	387
AT2G36060	1837	1534	1551	1541	1772	1514
AT2G07684	0	0	0	0	0	0
AT2G32950	520	606	656	513	695	504
AT2G24420	808	821	891	1057	1560	889
AT2G40950	914	805	769	838	1090	793
AT2G40750	356	532	600	335	402	274
AT2G05100	46	12	6	25	322	2
AT2G28960	206	273	227	450	479	617
AT2G04842	205	235	207	291	339	226
AT2G20690	355	302	264	364	412	296
AT2G45580	0	1	1	2	2	4
AT2G31360	3730	3386	2940	3232	4357	2334
AT2G01830	1381	1194	1039	2204	3344	1681
AT2G31865	362	557	365	439	300	617
AT2G16710	377	296	278	235	281	229
AT2G29080	1944	2008	1800	2120	2447	1956
AT2G46280	4245	3345	3412	4188	4833	4099
AT2G19870	216	189	193	258	281	210
AT2G14210	146	122	169	59	59	118
AT2G28520	971	1067	1030	1040	1217	964
AT2G22345	0	0	0	0	0	0
AT2G44440	293	315	281	294	343	271
AT2G16580	19	26	11	20	47	5
AT2G30730	13	9	9	7	3	4
AT2G23690	121	118	87	55	63	58
AT2G40710	4	2	9	7	3	5
AT2G30925	0	0	0	0	0	0
AT2G31265	0	0	0	0	0	0
AT2G02930	178	176	107	328	350	585
AT2G32040	438	404	383	448	525	395
AT2G13275	0	0	0	0	0	0
AT2G34940	167	163	243	146	175	174
AT2G18720	17	19	16	11	15	9
AT2G20320	599	748	824	610	719	855
AT2G16190	0	0	0	1	2	0
AT2G27300	67	67	79	25	24	48
AT2G31800	2922	3101	3295	2729	2423	3066
AT2G46420	20	14	9	7	16	11
AT2G37805	0	1	5	5	1	1
AT2G36420	1494	1472	1703	1732	2121	1846
AT2G33580	4620	6968	7776	5471	4511	6095
AT2G38010	860	875	1024	602	743	517
AT2G20625	1	0	2	2	6	2
AT2G19490	192	191	182	220	252	187
AT2G35320	307	237	229	289	352	267
AT2G47400	294	188	116	184	340	139
AT2G40360	3096	2608	2440	3426	3988	3149
AT2G42240	229	208	180	195	227	222
AT2G35270	992	1216	1253	590	634	850
AT2G46330	1967	2139	1841	2146	2625	1986
AT2G27035	122	129	135	128	118	112
AT2G03300	0	0	0	0	0	0
AT2G35610	2600	2115	2441	2246	2571	2498
AT2G30460	197	187	176	204	207	147
AT2G19560	303	380	323	319	346	328
AT2G31740	632	748	626	719	793	672
AT2G14880	234	251	197	259	360	211
AT2G39725	158	126	109	103	108	83
AT2G38660	338	327	312	269	301	278
AT2G16505	0	1	0	0	0	2
AT2G07785	0	0	0	0	0	0
AT2G41082	12	12	20	5	18	12
AT2G25330	0	0	0	0	0	1
AT2G28560	6	8	13	11	19	18
AT2G21140	4	14	9	9	11	8
AT2G01300	3240	3367	3336	1017	865	1301
AT2G35240	909	718	637	963	1051	852
AT2G35960	48	60	56	72	117	32
AT2G33400	472	693	440	759	908	471
AT2G02180	796	772	685	665	738	611
AT2G42690	187	313	300	268	436	231
AT2G39570	1603	1397	1090	2251	2513	1965
AT2G23060	10	22	14	16	41	16
AT2G22120	313	297	311	327	389	317
AT2G47470	6209	5322	5041	5549	6096	4660
AT2G45110	0	0	0	0	0	0
AT2G03955	0	0	0	0	0	0
AT2G46890	746	698	416	1550	2368	952
AT2G39770	4960	5841	5538	4140	4349	4342
AT2G24180	977	1219	1099	892	1151	1240
AT2G29970	672	911	960	1140	1911	904
AT2G40340	67	61	52	26	41	45
AT2G03620	226	215	210	241	291	242
AT2G27930	59	77	68	105	125	76
AT2G25055	0	2	0	0	0	0
AT2G03230	1	2	0	2	3	1
AT2G34770	1887	1387	1352	816	896	1087
AT2G01540	732	698	695	483	501	560
AT2G16880	344	273	268	325	380	293
AT2G43790	1507	1531	1438	1502	1819	1764
AT2G33793	128	217	149	191	247	161
AT2G44030	0	0	0	0	0	0
AT2G45650	1	1	0	2	2	0
AT2G28350	426	430	486	546	800	526
AT2G44080	1237	1749	1414	985	715	884
AT2G18400	884	543	562	684	709	607
AT2G39210	1883	1966	2914	1181	1242	1726
AT2G47040	2	0	0	0	0	0
AT2G28630	20	22	19	50	57	31
AT2G03290	0	0	0	0	0	0
AT2G39320	0	5	3	0	5	0
AT2G36200	764	930	795	947	1112	802
AT2G21090	212	134	130	174	206	173
AT2G34140	269	282	224	189	289	199
AT2G05642	0	0	0	0	0	0
AT2G45450	36	38	46	27	47	30
AT2G26695	0	5	6	137	29	8
AT2G34325	27	22	17	19	24	20
AT2G16005	2550	1404	1333	852	413	156
AT2G29790	0	0	0	0	0	0
AT2G07734	0	0	0	0	0	0
AT2G03880	33	20	25	36	22	30
AT2G20784	0	0	0	0	1	0
AT2G37790	765	728	670	692	797	531
AT2G45760	425	413	496	409	381	607
AT2G03932	0	0	0	0	0	0
AT2G32910	685	631	634	730	856	700
AT2G34160	539	390	397	358	455	360
AT2G29040	0	0	0	0	0	0
AT2G05810	3072	4744	4759	3276	2484	3348
AT2G30750	338	499	218	54	58	963
AT2G37010	0	0	1	0	0	2
AT2G26820	18	29	20	143	159	211
AT2G24340	0	0	0	0	0	0
AT2G14395	0	0	0	0	0	0
AT2G28880	162	220	215	285	305	232
AT2G21490	27	27	22	10	7	22
AT2G24700	89	130	114	178	224	105
AT2G21280	66	55	64	55	81	44
AT2G01290	203	229	221	167	184	179
AT2G12935	0	0	0	0	0	0
AT2G03500	107	130	132	185	246	195
AT2G03937	0	0	0	0	0	0
AT2G15760	360	419	459	255	195	303
AT2G07701	0	0	0	0	0	0
AT2G37660	211	199	123	209	312	153
AT2G36160	7774	4777	4849	6841	7081	6207
AT2G24800	1	0	0	1	0	2
AT2G20450	3131	1783	1640	2200	2543	2048
AT2G35780	762	671	629	841	933	689
AT2G31020	480	440	423	861	1085	735
AT2G27775	272	169	148	213	242	175
AT2G24410	0	0	0	0	0	0
AT2G36740	303	340	297	335	389	337
AT2G38130	581	453	368	480	588	438
AT2G34650	85	57	73	129	170	109
AT2G27570	0	0	0	0	0	0
AT2G35020	680	693	718	711	758	606
AT2G16535	0	0	0	0	0	0
AT2G31670	1284	1122	1147	1320	1331	1010
AT2G18880	3	0	1	2	1	0
AT2G16400	293	396	318	556	843	370
AT2G43880	349	240	279	335	290	315
AT2G19260	233	244	241	282	333	255
AT2G02220	1105	1362	1369	959	1091	1147
AT2G14820	225	114	126	306	249	268
AT2G14945	0	0	0	0	0	0
AT2G28725	0	0	0	0	0	0
AT2G42130	101	107	100	100	126	94
AT2G22941	0	0	0	0	0	0
AT2G23130	44	37	26	19	21	17
AT2G16940	2122	1931	2087	2194	2345	2110
AT2G21030	5	4	2	2	8	3
AT2G22310	114	115	107	149	217	151
AT2G32300	790	560	588	489	564	529
AT2G02630	175	173	169	76	90	126
AT2G14000	0	0	0	0	0	0
AT2G31082	2	3	0	14	13	0
AT2G42475	0	0	0	0	0	0
AT2G03830	21	7	9	26	27	22
AT2G04622	0	0	0	0	0	0
AT2G01990	12	32	15	76	162	21
AT2G36750	0	0	0	0	0	0
AT2G40720	44	50	36	56	83	38
AT2G39010	148	271	52	175	355	17
AT2G27380	1	0	0	0	0	1
AT2G33000	28	22	36	28	16	19
AT2G27535	19	8	2	26	16	3
AT2G24030	26	22	23	40	47	22
AT2G21890	0	0	0	0	2	0
AT2G34870	0	0	0	0	0	0
AT2G37370	6	7	3	13	10	13
AT2G06908	0	0	0	0	0	0
AT2G15580	362	331	308	316	403	231
AT2G13430	0	0	0	0	0	0
AT2G01320	100	65	60	86	92	45
AT2G07621	0	0	0	0	0	0
AT2G37610	13	16	12	6	14	18
AT2G42350	127	177	225	118	89	185
AT2G28710	24	28	17	16	29	36
AT2G24740	2	7	6	2	5	1
AT2G17350	215	214	193	190	240	231
AT2G43795	0	0	0	0	0	0
AT2G33260	30	15	26	23	16	16
AT2G40070	1046	1173	976	987	1286	1059
AT2G07674	2	1	1	0	1	0
AT2G40380	969	1184	1055	832	825	734
AT2G46110	94	120	96	116	127	94
AT2G46660	23	16	11	76	122	15
AT2G39720	620	755	623	603	640	481
AT2G44195	11	14	11	9	11	8
AT2G47844	3	1	1	1	2	0
AT2G25830	262	234	257	236	292	240
AT2G39435	155	180	221	168	281	144
AT2G03240	5038	5390	6631	3148	2676	4914
AT2G04378	798	832	817	930	1144	889
AT2G31210	17	13	7	11	3	7
AT2G47880	0	1	3	0	0	0
AT2G07560	0	0	0	0	0	0
AT2G28140	123	187	122	218	409	117
AT2G07631	0	0	0	0	0	0
AT2G18320	0	0	0	0	0	0
AT2G02080	92	51	53	96	99	97
AT2G39910	131	167	138	145	191	151
AT2G39090	421	412	431	412	534	412
AT2G35620	1034	1255	1108	1087	1285	872
AT2G23670	129	62	92	78	71	49
AT2G17190	1798	1793	1798	1596	1914	1578
AT2G15400	80	74	81	107	144	91
AT2G43330	556	507	518	596	620	478
AT2G11623	0	0	0	0	0	0
AT2G43370	181	156	147	223	235	204
AT2G04230	43	77	60	85	120	45
AT2G37650	171	120	152	158	249	133
AT2G31141	37	40	25	34	59	28
AT2G18970	0	0	0	0	0	2
AT2G20208	0	0	0	0	0	0
AT2G30380	18	16	15	29	23	17
AT2G34440	0	0	0	0	0	0
AT2G04870	0	0	0	0	0	0
AT2G01905	23	29	28	25	28	29
AT2G46430	115	111	190	110	144	227
AT2G14288	2	3	4	1	4	3
AT2G41460	223	223	226	277	319	288
AT2G42500	2410	2304	2285	2645	2936	2453
AT2G32240	4786	6446	6142	4848	5912	5860
AT2G47650	4321	3753	4247	3060	3260	3362
AT2G46308	0	0	0	0	0	0
AT2G36970	1	3	1	3	5	2
AT2G37630	387	393	456	384	410	368
AT2G27790	80	55	55	55	81	49
AT2G17420	6341	5151	4948	5507	6244	5663
AT2G02250	93	66	87	18	27	42
AT2G45590	316	349	311	254	350	247
AT2G03180	0	0	0	0	0	0
AT2G29410	21	22	25	26	30	20
AT2G33570	1079	1662	1218	857	875	634
AT2G41590	0	0	0	2	4	1
AT2G34320	1	0	0	3	6	3
AT2G39930	615	692	738	728	904	662
AT2G18500	27	28	31	56	129	14
AT2G19530	63	56	53	41	77	52
AT2G33160	0	0	0	0	1	2
AT2G21470	1028	1022	984	995	1097	994
AT2G24710	2	4	0	25	35	12
AT2G16890	156	114	215	36	46	18
AT2G26790	48	59	41	69	76	56
AT2G25600	0	0	0	2	0	0
AT2G23090	4324	3559	3996	3951	4074	3258
AT2G46520	1533	1529	1552	1257	1339	1221
AT2G44581	1	1	1	0	1	1
AT2G19180	359	359	342	371	462	357
AT2G26690	806	806	750	516	777	327
AT2G24530	155	148	155	136	160	127
AT2G34340	56	63	40	43	41	35
AT2G02290	0	0	0	0	0	0
AT2G33460	30	27	20	13	15	25
AT2G24020	305	270	215	257	338	229
AT2G44730	334	354	282	324	457	283
AT2G36960	400	334	379	404	452	440
AT2G11626	0	0	0	0	0	0
AT2G19760	4370	3798	3532	4067	4577	3898
AT2G24200	7028	6784	6681	6791	7772	5953
AT2G05790	2230	2740	2326	2719	3193	1988
AT2G41231	1	0	0	0	1	0
AT2G13960	30	21	24	31	28	14
AT2G01880	582	426	455	298	296	345
AT2G34700	0	0	0	0	0	0
AT2G31470	2	5	2	1	4	1
AT2G31820	1340	1564	1697	1314	1505	1378
AT2G42530	13	5	5	2	2	0
AT2G20310	212	225	250	192	272	208
AT2G11773	0	0	0	0	0	0
AT2G42410	0	0	0	0	0	0
AT2G34180	158	120	44	159	146	167
AT2G05400	1	3	0	5	13	11
AT2G42975	21	14	25	15	18	19
AT2G38750	5209	4913	5288	2043	1870	2099
AT2G37570	495	491	505	507	755	418
AT2G20400	160	150	156	156	211	145
AT2G28180	3	0	1	1	4	2
AT2G44890	3	3	0	4	1	4
AT2G18490	0	0	0	0	0	0
AT2G46940	93	68	90	119	162	77
AT2G30820	87	137	105	166	232	107
AT2G36560	2	0	0	2	2	1
AT2G30290	1	2	0	0	0	0
AT2G26520	20	14	18	43	34	22
AT2G43745	3	1	0	4	1	2
AT2G13440	431	397	361	477	511	458
AT2G44525	216	183	154	166	230	175
AT2G33150	5118	5201	4659	4172	4841	4201
AT2G24480	0	4	0	0	1	0
AT2G17740	0	0	0	0	2	2
AT2G31425	1	2	0	0	1	0
AT2G01850	1032	1037	891	956	1157	847
AT2G15010	0	2	0	0	0	0
AT2G44925	0	0	0	0	0	0
AT2G42600	2344	3343	2731	2300	3710	2995
AT2G39590	0	0	0	0	0	0
AT2G13985	0	0	0	0	0	0
AT2G25990	1	0	0	0	0	1
AT2G07690	685	663	577	980	940	805
AT2G07640	0	1	0	0	0	0
AT2G38960	540	456	425	482	557	481
AT2G43570	317	420	169	178	117	283
AT2G40760	383	322	288	361	464	415
AT2G18150	2003	3374	2945	3934	4127	2381
AT2G29260	19	17	17	26	29	18
AT2G47580	971	809	777	976	1007	803
AT2G26580	0	0	0	0	0	0
AT2G32415	404	325	272	379	432	352
AT2G25565	0	0	0	0	0	0
AT2G05752	0	0	0	0	0	0
AT2G30150	183	191	161	141	183	139
AT2G36710	17	52	21	31	57	52
AT2G32380	546	360	368	406	536	393
AT2G07360	3210	3367	3343	3456	3694	3106
AT2G40080	354	344	150	79	125	96
AT2G04790	1	1	0	0	2	1
AT2G25482	0	0	1	0	0	0
AT2G19350	120	110	118	128	154	134
AT2G07695	0	0	0	0	0	0
AT2G42960	266	256	287	295	361	285
AT2G29870	0	0	0	0	0	0
AT2G46600	1365	1780	1743	1339	1405	1238
AT2G15260	0	0	0	1	1	0
AT2G21080	72	64	81	73	63	50
AT2G35615	0	0	0	0	0	0
AT2G35770	275	281	334	191	231	232
AT2G02390	2004	1600	1710	1047	1148	1169
AT2G01780	0	0	0	0	0	0
AT2G25735	1322	1552	1804	903	771	1746
AT2G25409	0	0	0	0	0	0
AT2G07777	0	0	0	0	0	0
AT2G29320	11	5	11	14	13	7
AT2G46470	874	662	650	784	858	698
AT2G35080	0	0	0	0	0	0
AT2G47930	168	219	119	145	161	91
AT2G36630	35	29	49	4	7	8
AT2G27860	5723	5129	4899	5168	5554	4442
AT2G32850	992	1040	947	1054	1261	942
AT2G18530	0	0	0	0	0	0
AT2G01008	9	4	6	5	5	2
AT2G39060	0	0	0	0	0	0
AT2G34670	306	287	281	385	411	363
AT2G35310	10	29	26	23	22	18
AT2G32150	10322	11301	12138	6875	5530	9348
AT2G17010	9	4	6	9	8	7
AT2G34030	15	4	1	4	5	6
AT2G22155	0	0	0	0	0	0
AT2G40670	14	7	7	3	10	7
AT2G36440	13	9	9	6	6	18
AT2G18700	995	872	382	1177	1889	1092
AT2G20463	0	0	0	0	0	0
AT2G01021	0	0	1	2	0	1
AT2G13422	0	0	0	0	0	0
AT2G23260	0	0	0	0	1	3
AT2G42040	262	294	205	218	315	212
AT2G25180	613	567	540	748	1020	736
AT2G37520	647	615	700	677	703	663
AT2G23370	389	262	253	259	370	305
AT2G07721	0	0	0	0	0	0
AT2G39220	338	647	581	932	1458	431
AT2G22920	703	1007	1250	691	729	463
AT2G34655	6	4	4	4	4	2
AT2G34300	9922	12529	10960	7567	6391	7256
AT2G41820	740	1073	1079	1096	1428	783
AT2G29065	324	355	422	156	198	262
AT2G36695	1	2	1	1	2	2
AT2G41280	1	1	2	1	1	3
AT2G08986	0	0	0	0	0	0
AT2G33240	121	82	120	65	60	82
AT2G10455	0	0	0	0	0	0
AT2G26360	406	339	271	337	363	325
AT2G42120	238	209	220	277	270	273
AT2G02240	16	24	10	15	9	11
AT2G44690	182	249	215	213	211	174
AT2G07120	0	0	0	0	0	0
AT2G22990	49	42	17	63	81	118
AT2G17290	3811	4505	4418	2925	2904	3482
AT2G19960	0	0	0	0	2	1
AT2G11015	0	0	0	0	0	0
AT2G32788	0	0	0	0	0	0
AT2G15630	51	58	46	53	57	49
AT2G44390	12	8	9	10	20	15
AT2G22125	5278	6949	6405	6418	7769	6370
AT2G39550	638	525	551	500	607	544
AT2G40830	514	528	526	604	698	510
AT2G22140	36	26	50	63	59	41
AT2G24850	4473	2846	4750	911	940	1801
AT2G31320	364	435	379	528	636	435
AT2G18730	1172	1575	1308	1137	1296	1131
AT2G16230	137	88	83	161	151	112
AT2G24120	439	455	481	509	541	484
AT2G24510	0	0	0	0	0	0
AT2G42885	1	0	2	1	1	0
AT2G38690	0	1	0	1	0	0
AT2G36895	244	173	175	130	192	130
AT2G39870	2303	2343	2122	1763	2327	1563
AT2G23150	410	415	424	405	568	403
AT2G40630	250	214	220	213	299	244
AT2G39670	335	303	268	344	477	315
AT2G24692	0	0	0	0	0	0
AT2G01090	254	227	224	239	258	231
AT2G35736	99	79	68	66	85	76
AT2G45000	894	832	749	905	1049	832
AT2G38700	3176	2304	2834	2160	2428	2200
AT2G27389	277	300	364	168	153	291
AT2G20260	66	42	21	29	119	5
AT2G16380	86	118	71	233	283	409
AT2G01520	28928	36521	46898	18118	17816	16832
AT2G22850	634	673	390	596	637	635
AT2G45360	39	15	11	102	141	120
AT2G46020	4161	4921	4709	4364	4777	4462
AT2G04040	8	9	6	6	4	22
AT2G38050	543	573	633	463	415	376
AT2G16405	381	359	349	389	467	334
AT2G23770	91	104	90	125	129	159
AT2G20930	622	465	431	530	608	470
AT2G44175	0	1	0	0	0	0
AT2G31430	0	0	0	0	0	0
AT2G34010	19	7	13	15	17	11
AT2G22760	1971	2105	2650	966	668	1381
AT2G04050	14	7	10	1	2	2
AT2G07798	0	0	0	0	2	3
AT2G35510	1173	1205	1121	1079	1221	1083
AT2G03070	463	443	381	466	607	423
AT2G27190	1424	1148	975	1027	1218	1089
AT2G32200	144	158	212	113	76	168
AT2G33670	0	0	0	0	0	0
AT2G45610	0	0	0	0	0	0
AT2G14080	95	103	119	151	110	127
AT2G24090	188	173	141	207	255	169
AT2G40370	1346	2015	2563	817	984	1199
AT2G05760	103	113	97	130	199	128
AT2G15900	686	774	735	786	1063	786
AT2G35550	20	26	27	32	48	20
AT2G26160	0	0	0	0	0	0
AT2G03560	0	0	0	0	0	0
AT2G35585	69	57	77	43	52	48
AT2G19520	1634	1551	1430	1724	2045	1604
AT2G38320	264	319	322	287	388	318
AT2G40260	240	160	168	197	187	223
AT2G17830	26	26	22	28	37	17
AT2G33410	1806	1926	1859	1988	2312	1771
AT2G35820	11	11	10	14	9	2
AT2G26400	55	26	40	31	29	57
AT2G02320	22	21	18	20	14	49
AT2G41310	330	241	194	580	962	348
AT2G33835	161	165	135	147	225	199
AT2G20635	329	387	427	438	433	321
AT2G42710	852	650	588	751	834	624
AT2G10615	0	0	0	0	0	0
AT2G12280	0	0	0	0	0	0
AT2G23910	83	51	48	35	31	41
AT2G20880	12	17	6	34	41	26
AT2G28230	390	295	290	325	348	307
AT2G33250	40	39	49	36	41	23
AT2G28440	58	37	63	40	39	37
AT2G01400	69	41	43	58	55	66
AT2G26260	415	408	304	384	483	333
AT2G13290	102	95	98	112	164	74
AT2G37580	89	97	100	68	89	68
AT2G47450	72	48	25	121	224	127
AT2G37320	39	46	21	37	55	25
AT2G23780	687	684	664	626	736	601
AT2G36550	0	0	0	0	0	0
AT2G45050	393	244	222	527	584	480
AT2G16910	1	2	6	0	1	0
AT2G17430	166	163	126	160	131	133
AT2G03730	511	484	491	742	998	670
AT2G27320	0	2	0	0	0	0
AT2G20921	0	3	0	1	0	2
AT2G43950	447	460	405	424	554	415
AT2G40113	116	71	93	101	118	105
AT2G45550	38	68	126	150	162	191
AT2G43810	499	460	467	491	532	417
AT2G33990	592	524	512	572	714	589
AT2G28240	204	180	165	225	275	217
AT2G17250	842	625	646	759	859	668
AT2G46370	1739	1881	1952	1894	2578	2050
AT2G35630	4327	4783	5040	4572	5311	4526
AT2G31760	0	0	0	0	0	0
AT2G38610	742	766	675	566	715	474
AT2G02070	161	144	112	197	283	155
AT2G22426	0	0	0	0	1	0
AT2G18420	1	0	0	0	0	0
AT2G17650	88	65	76	75	70	74
AT2G42550	0	0	0	0	0	0
AT2G31710	304	240	248	292	298	265
AT2G41475	1512	1450	1395	775	827	762
AT2G47280	0	0	0	0	0	0
AT2G18060	32	21	29	53	71	42
AT2G05160	122	138	106	151	203	183
AT2G43410	886	1029	968	1132	1171	1085
AT2G23290	494	428	523	355	359	432
AT2G17900	220	200	171	229	231	196
AT2G19620	738	687	549	517	542	480
AT2G18290	199	170	147	214	249	149
AT2G32750	20	24	25	27	27	17
AT2G46580	253	285	254	262	265	167
AT2G47680	459	749	589	560	499	362
AT2G44370	283	337	274	341	391	460
AT2G37190	7365	5135	4810	6621	7382	6445
AT2G19720	297	189	184	215	269	196
AT2G16500	1810	1822	1674	1789	2204	1531
AT2G36305	122	122	109	101	153	120
AT2G21180	89	58	46	75	89	56
AT2G04850	360	427	341	381	489	259
AT2G19060	124	84	75	170	195	220
AT2G19045	0	0	0	0	0	0
AT2G32560	941	1228	713	363	566	357
AT2G29350	12	0	2	0	0	3
AT2G36340	227	178	220	245	320	246
AT2G07830	0	0	0	0	0	0
AT2G20613	0	0	0	0	0	0
AT2G35200	38	24	30	28	66	43
AT2G25355	242	182	181	188	223	184
AT2G07774	1	2	8	1	1	4
AT2G29420	1388	1418	1952	836	845	975
AT2G33560	331	320	287	347	387	338
AT2G24765	2295	1900	1774	1979	2134	1840
AT2G30810	0	0	0	0	0	0
AT2G07180	452	386	381	688	763	671
AT2G27950	974	940	982	947	1165	1052
AT2G04920	0	0	0	0	0	0
AT2G04890	272	207	178	232	275	216
AT2G17036	22	15	21	28	29	45
AT2G48060	1158	1173	1331	1175	1409	1138
AT2G41770	602	738	712	634	756	576
AT2G29480	390	321	392	284	324	372
AT2G20815	177	152	145	147	137	135
AT2G25685	0	0	0	0	0	0
AT2G30500	7023	8280	8896	5881	4906	7548
AT2G34185	17	6	9	11	15	13
AT2G38440	1554	1773	1706	1832	2202	1794
AT2G03850	15	10	15	4	8	12
AT2G25300	152	169	150	180	217	146
AT2G16440	617	590	510	792	932	640
AT2G40980	344	372	343	402	544	353
AT2G22830	200	227	199	206	248	175
AT2G35760	1418	1941	1843	744	533	680
AT2G36360	543	581	536	554	659	544
AT2G03110	12	8	15	22	26	20
AT2G32830	5	10	9	4	2	3
AT2G18020	17269	12190	11285	14679	16720	13305
AT2G39420	6117	7908	8274	2715	2325	3914
AT2G46590	666	969	842	682	959	556
AT2G43490	651	517	592	526	579	534
AT2G35460	0	0	0	0	0	0
AT2G05105	0	0	0	0	0	0
AT2G28940	523	421	484	480	581	606
AT2G31490	2261	1453	1477	1687	1852	1509
AT2G07725	0	0	0	0	1	0
AT2G25360	0	0	0	0	0	0
AT2G20520	21	14	10	21	30	55
AT2G40840	1436	1537	1628	1396	1528	1145
AT2G40510	2395	1545	1474	2051	2107	1794
AT2G04830	0	0	0	0	0	0
AT2G38270	269	200	201	219	276	201
AT2G16950	1687	1913	1683	1951	2217	1892
AT2G15820	72	105	78	101	164	82
AT2G19940	707	665	623	745	916	644
AT2G28840	3856	3455	3720	4707	5323	4424
AT2G21500	1695	2268	2017	1427	1077	1632
AT2G28225	0	0	0	0	0	0
AT2G36320	1801	1589	1265	2129	2757	2152
AT2G32070	1233	1200	1067	917	1174	885
AT2G25890	8	0	0	0	2	2
AT2G05335	0	0	0	0	0	0
AT2G41750	107	100	80	126	118	85
AT2G35215	0	0	0	0	0	0
AT2G36010	217	183	167	269	301	198
AT2G44470	0	2	0	0	0	2
AT2G05850	1	0	0	0	1	0
AT2G01890	582	506	598	260	283	273
AT2G41650	1085	668	907	889	905	717
AT2G42000	0	0	0	0	0	0
AT2G42900	44	39	44	48	51	81
AT2G33170	921	954	1004	792	1108	757
AT2G25790	937	1663	1647	1202	1639	1260
AT2G22860	4938	5718	6343	2187	1712	4093
AT2G42640	144	90	123	175	173	108
AT2G44930	0	1	0	1	3	1
AT2G40150	177	291	302	430	614	299
AT2G37280	764	1536	1606	1355	1725	929
AT2G40316	563	450	467	468	593	453
AT2G45530	188	157	177	239	250	160
AT2G07698	5	2	9	6	5	8
AT2G03040	0	0	0	0	0	0
AT2G15290	608	649	561	600	796	513
AT2G35160	168	140	149	201	236	151
AT2G16640	1807	1782	1744	1962	2418	2017
AT2G35600	172	133	181	125	172	166
AT2G47320	2040	1548	1646	1571	1788	1415
AT2G34780	466	393	429	552	614	456
AT2G43090	2482	2041	1781	2186	2517	2000
AT2G47760	390	342	293	313	348	269
AT2G47900	1179	1111	1067	1293	1619	1364
AT2G47010	167	381	275	236	313	113
AT2G35580	0	0	0	0	0	0
AT2G30350	118	88	78	106	131	102
AT2G42800	7	26	2	19	30	4
AT2G39200	1450	1408	1475	900	1152	1796
AT2G28780	960	854	609	1330	1921	1306
AT2G38970	336	396	388	525	936	392
AT2G07440	0	0	0	0	0	0
AT2G35210	116	79	87	97	87	94
AT2G05990	3138	2507	2276	2621	2854	2286
AT2G34840	277	208	198	265	239	194
AT2G16980	669	601	726	445	443	535
AT2G34570	361	279	269	340	355	294
AT2G28085	0	0	0	0	0	0
AT2G30410	1123	1016	914	937	1155	849
AT2G15730	221	231	179	199	214	187
AT2G17680	3	1	0	1	0	1
AT2G35980	692	781	827	408	400	651
AT2G25200	88	70	61	66	56	72
AT2G45740	113	152	118	119	119	102
AT2G37050	1905	2251	2047	2367	2889	2432
AT2G47950	1007	1652	1523	685	368	698
AT2G11778	0	0	0	0	0	0
AT2G25580	208	206	174	212	253	205
AT2G29180	19	11	7	10	28	16
AT2G37620	744	860	666	815	897	680
AT2G46760	173	280	243	181	228	142
AT2G41250	613	546	505	724	911	797
AT2G35120	4997	3921	3696	4025	4760	3872
AT2G22640	256	201	216	225	274	221
AT2G45405	0	0	0	0	0	0
AT2G06166	0	0	0	0	0	0
AT2G01500	0	0	0	0	0	0
AT2G21750	0	0	0	0	0	0
AT2G44410	848	649	659	698	824	665
AT2G03520	0	0	1	0	0	1
AT2G41630	2949	2596	2644	2305	2238	2657
AT2G28040	11	9	8	12	19	14
AT2G45180	20	12	6	113	97	86
AT2G23445	0	0	3	0	0	0
AT2G26120	0	0	0	0	0	0
AT2G01120	275	239	226	294	364	276
AT2G26550	196	185	182	203	268	252
AT2G43200	175	158	143	214	311	199
AT2G15090	67	45	66	88	73	48
AT2G27505	58	52	46	38	24	19
AT2G04360	232	193	198	263	278	205
AT2G26940	2	2	2	0	3	1
AT2G41225	0	0	0	0	0	0
AT2G26250	622	677	688	528	627	573
AT2G30080	113	124	137	129	172	135
AT2G45340	367	321	267	492	630	419
AT2G34640	313	306	286	434	454	363
AT2G32520	1401	1102	1008	1244	1450	1177
AT2G26150	73	43	50	38	36	52
AT2G15970	12520	10233	9855	1561	2033	1418
AT2G35765	3	2	1	0	3	1
AT2G01900	13	11	13	84	111	85
AT2G28755	5	3	2	7	9	8
AT2G37450	125	79	50	155	242	108
AT2G29670	666	906	1005	412	473	417
AT2G18980	628	556	519	722	879	884
AT2G47110	12219	8031	7831	9871	11083	9389
AT2G31190	211	201	164	237	284	191
AT2G18120	9	8	6	8	6	7
AT2G34500	317	237	314	251	202	264
AT2G41920	0	2	0	0	0	0
AT2G04621	0	0	0	0	0	0
AT2G07672	0	0	0	0	0	0
AT2G30570	120	49	10	49	214	10
AT2G20780	1085	1136	1234	751	883	917
AT2G31160	43	75	40	119	306	66
AT2G11000	492	503	436	537	635	542
AT2G26040	8	8	6	13	13	9
AT2G35030	107	119	82	106	139	108
AT2G06990	1042	929	859	1135	1250	1117
AT2G05120	450	541	461	639	788	549
AT2G29710	213	397	297	280	262	210
AT2G43235	190	162	155	168	213	173
AT2G04650	318	266	302	306	340	317
AT2G44750	148	129	158	182	207	145
AT2G40450	19	11	9	7	8	7
AT2G18040	3001	2376	2417	2446	2676	2049
AT2G03220	756	585	556	565	760	586
AT2G23820	466	407	386	449	374	372
AT2G12905	0	0	0	0	0	0
AT2G19220	0	0	0	0	0	0
AT2G39705	38	39	41	64	123	33
AT2G18740	918	572	507	710	812	639
AT2G44550	0	0	0	0	0	0
AT2G47590	649	659	540	761	880	584
AT2G15690	525	400	333	513	556	370
AT2G43220	4	17	9	16	4	10
AT2G20725	294	217	241	271	326	260
AT2G41370	42	85	39	182	475	19
AT2G37940	2588	2694	2741	1866	1790	2042
AT2G38890	4	1	7	12	5	4
AT2G25760	1335	1387	1445	1336	1534	1252
AT2G10955	0	0	0	0	0	0
AT2G07708	0	0	0	0	0	0
AT2G46494	0	1	2	0	1	2
AT2G43800	878	1647	1425	1266	1905	815
AT2G37070	33	37	28	34	38	26
AT2G36355	30	63	33	62	89	56
AT2G48120	333	230	239	269	294	247
AT2G15780	35	29	30	33	101	19
AT2G14920	21	16	14	49	66	73
AT2G19660	153	90	82	133	142	120
AT2G48140	626	579	645	413	546	431
AT2G35520	305	275	219	214	260	191
AT2G23990	0	0	0	0	0	0
AT2G20060	1040	858	792	1060	1237	994
AT2G01045	0	0	0	0	0	0
AT2G16595	300	235	272	244	339	274
AT2G20510	13	12	9	19	21	24
AT2G04020	0	0	1	1	0	2
AT2G15240	521	464	481	512	622	474
AT2G19910	17	11	14	12	13	11
AT2G40390	47	75	85	149	196	87
AT2G28110	153	144	125	189	334	190
AT2G36640	211	185	189	52	36	33
AT2G45770	288	299	316	266	310	249
AT2G30790	16	11	5	2	17	1
AT2G40060	3852	3091	3073	2980	3510	2745
AT2G25110	1566	1279	1216	1533	1670	1354
AT2G20100	220	262	282	338	515	280
AT2G31725	243	145	102	192	172	124
AT2G46450	499	560	510	377	360	248
AT2G18710	387	387	338	417	426	441
AT2G40490	419	379	337	424	551	358
AT2G42465	0	0	0	0	0	0
AT2G24350	54	62	54	76	76	61
AT2G32230	339	279	238	277	334	234
AT2G19790	977	837	800	754	855	674
AT2G03610	3	2	1	3	3	9
AT2G04045	0	0	0	0	0	0
AT2G30400	103	82	85	43	70	48
AT2G29760	73	70	62	66	95	82
AT2G45120	17	19	16	23	32	14
AT2G22795	3153	3417	3501	2826	3173	2393
AT2G14700	0	0	0	0	0	0
AT2G01200	19	15	7	10	6	7
AT2G45490	126	103	110	108	134	124
AT2G28671	3	3	0	7	8	3
AT2G41140	642	718	682	682	894	727
AT2G23580	0	0	0	0	0	0
AT2G04235	253	261	267	353	335	307
AT2G28100	317	370	341	412	457	376
AT2G26850	1	0	0	0	0	3
AT2G06000	179	183	170	192	236	173
AT2G36885	460	463	537	309	346	345
AT2G29600	0	0	0	0	0	0
AT2G17785	0	0	0	0	0	0
AT2G31270	391	262	246	436	503	329
AT2G25460	9650	9407	11372	7295	5508	11625
AT2G33810	142	127	157	202	241	161
AT2G42370	51	54	40	61	63	43
AT2G34310	584	655	656	563	647	478
AT2G36300	538	512	545	449	479	451
AT2G44040	316	224	183	281	351	221
AT2G36780	18	4	13	1	0	4
AT2G29628	0	0	0	0	0	0
AT2G24080	0	0	0	0	0	0
AT2G19930	445	453	461	480	544	452
AT2G02750	13	27	14	22	38	12
AT2G16520	0	0	0	0	0	0
AT2G03150	1791	1784	1757	1864	2071	1747
AT2G28605	0	0	0	0	3	1
AT2G26960	0	0	0	1	1	0
AT2G24195	49	71	64	94	68	91
AT2G38620	198	232	184	221	245	194
AT2G40530	37	44	63	34	56	30
AT2G02690	93	73	81	51	47	62
AT2G37435	5	6	7	0	0	3
AT2G42140	28	51	31	7	21	28
AT2G33080	1	1	0	1	2	0
AT2G04046	0	0	0	0	0	0
AT2G33655	0	0	0	0	0	0
AT2G33610	681	705	695	783	965	734
AT2G40165	35	27	28	28	39	19
AT2G07661	0	0	0	0	0	0
AT2G44540	0	0	0	0	0	0
AT2G05270	0	2	3	5	2	1
AT2G34120	0	0	0	0	0	0
AT2G43770	728	669	683	776	950	763
AT2G34730	524	478	485	674	881	627
AT2G38600	171	100	100	239	356	260
AT2G07170	456	425	370	621	714	504
AT2G10025	0	0	0	0	0	0
AT2G18000	72	62	64	63	78	67
AT2G34990	8	4	4	0	1	3
AT2G38580	644	569	599	594	672	536
AT2G06520	197	162	57	131	414	65
AT2G47485	213	194	239	173	169	198
AT2G07806	0	0	0	0	0	0
AT2G17890	30	26	33	15	15	19
AT2G30800	722	746	712	750	922	785
AT2G44180	1388	1320	1436	1396	1611	1721
AT2G40940	2112	1790	1783	1480	1863	1475
AT2G14100	358	319	345	380	441	452
AT2G11520	1222	1220	1262	1008	980	1174
AT2G03450	253	271	311	253	342	267
AT2G07724	0	0	0	0	0	0
AT2G31970	762	822	872	913	1023	806
AT2G39450	746	704	617	770	1012	677
AT2G33233	0	0	0	0	0	0
AT2G47360	186	159	140	103	149	133
AT2G39975	0	0	0	0	0	0
AT2G36590	10	16	23	8	7	10
AT2G21800	66	75	78	117	133	80
AT2G23590	3	2	1	1	2	2
AT2G32170	868	799	777	821	1029	736
AT2G41350	429	389	406	416	460	378
AT2G01800	0	0	0	0	0	0
AT2G45330	350	317	285	369	409	422
AT2G19860	410	341	354	197	287	246
AT2G27060	119	204	156	254	525	158
AT2G35800	658	564	511	655	799	601
AT2G35658	277	317	347	192	139	251
AT2G25420	284	283	275	303	316	280
AT2G33220	2366	1699	1825	1854	1878	1615
AT2G01390	69	82	75	62	112	72
AT2G41960	1537	1638	1525	1588	1709	1583
AT2G32220	378	290	244	281	276	260
AT2G18840	519	439	462	438	472	440
AT2G23800	0	0	0	1	5	0
AT2G31460	0	0	0	0	0	0
AT2G34330	4	0	3	3	0	5
AT2G21150	678	525	595	648	686	565
AT2G44480	164	194	113	211	293	158
AT2G23510	1	0	1	0	1	0
AT2G22890	99	147	134	135	157	107
AT2G23321	2	1	4	1	1	5
AT2G21850	360	349	319	367	476	451
AT2G18810	0	0	0	0	0	0
AT2G39490	23	66	59	32	46	23
AT2G46910	153	128	106	104	122	100
AT2G47070	4595	5064	5651	4412	4468	5199
AT2G45520	835	599	617	717	769	640
AT2G01980	447	587	535	520	645	526
AT2G43920	25	18	6	59	80	125
AT2G26510	1348	1363	1409	1230	1515	1274
AT2G30300	2	3	2	1	3	2
AT2G19150	15	14	17	26	34	22
AT2G44990	3	10	3	20	42	0
AT2G32760	388	384	350	308	323	299
AT2G13542	0	0	0	0	0	0
AT2G14255	822	719	690	732	807	706
AT2G14720	2448	2164	2207	2047	2257	2166
AT2G30110	5190	5996	5828	4952	5911	4941
AT2G26270	127	138	113	164	200	168
AT2G40540	975	1119	972	912	1342	761
AT2G18193	907	1016	1092	658	686	806
AT2G32060	4424	2837	2649	3426	3647	3157
AT2G24010	37	116	158	24	22	54
AT2G22490	528	429	423	473	565	458
AT2G04675	0	0	0	0	0	0
AT2G27130	154	183	122	158	176	103
AT2G26730	1402	1371	1370	1449	1723	952
AT2G05410	0	0	0	0	1	0
AT2G12200	0	0	0	0	0	0
AT2G46540	1342	882	944	926	984	815
AT2G26650	1465	1729	1849	2258	2825	2249
AT2G04930	0	0	0	0	0	0
AT2G16460	340	289	346	323	333	297
AT2G46040	129	114	99	171	198	131
AT2G43910	1160	1433	1743	1273	1341	1198
AT2G42340	2	2	5	3	6	0
AT2G14290	921	1314	1558	1246	909	1355
AT2G43050	515	327	414	272	216	413
AT2G25770	48	34	23	13	15	18
AT2G01960	0	0	0	2	0	0
AT2G25270	312	320	277	377	499	250
AT2G45630	69	68	65	59	50	50
AT2G33175	0	0	0	0	0	1
AT2G02960	1394	1052	961	1014	1041	1120
AT2G46320	163	169	155	168	196	127
AT2G07636	0	0	0	0	0	0
AT2G28210	441	666	602	219	228	877
AT2G01667	0	0	0	0	0	0
AT2G25010	391	391	407	450	558	482
AT2G44820	455	319	353	343	411	355
AT2G25740	416	396	423	411	439	367
AT2G22241	0	0	0	0	0	0
AT2G18721	0	0	0	0	0	0
AT2G31690	445	391	547	260	266	465
AT2G38250	280	344	363	140	132	182
AT2G07681	0	0	0	0	0	0
AT2G19400	32	34	29	37	52	23
AT2G18360	627	969	1071	486	571	412
AT2G17265	872	638	670	855	978	773
AT2G32275	0	1	0	0	1	0
AT2G05070	52	22	3	22	187	1
AT2G25570	239	229	211	235	284	212
AT2G46060	276	309	335	333	445	316
AT2G36830	16133	9929	7596	14044	17180	15173
AT2G41300	398	487	412	398	488	413
AT2G04160	814	568	692	607	616	981
AT2G02370	402	413	464	378	373	370
AT2G33850	872	1563	1061	3036	3621	1579
AT2G46250	90	161	96	152	172	125
AT2G17560	3790	2871	2890	2843	3132	2569
AT2G04340	299	212	248	265	254	240
AT2G01970	2054	2234	1961	2071	2548	1881
AT2G14170	1933	1855	1734	2088	2351	2259
AT2G01720	2337	1986	1909	2195	2442	1953
AT2G19240	30	21	18	24	40	44
AT2G09970	0	0	0	0	1	1
AT2G18620	119	129	124	122	153	137
AT2G03820	2314	1878	1902	2095	2368	1876
AT2G30760	0	0	0	2	0	2
AT2G16650	354	312	278	436	510	363
AT2G07750	0	0	0	1	2	0
AT2G24617	0	0	0	0	0	0
AT2G46650	883	1242	1512	1109	1021	1103
AT2G31050	0	0	0	0	0	0
AT2G47000	5843	7716	9243	3800	4213	5230
AT2G33385	151	252	185	124	182	105
AT2G33310	1281	1990	2270	1312	1670	1273
AT2G34600	4351	5223	4667	2196	1371	2626
AT2G42955	10	4	3	7	9	6
AT2G38150	0	0	0	0	0	0
AT2G25190	436	457	408	349	373	379
AT2G04515	2	7	3	8	10	3
AT2G44870	332	304	292	291	311	320
AT2G13905	0	0	0	0	0	0
AT2G44100	4102	4448	4153	4134	5173	3782
AT2G36100	1589	1057	1109	1088	1232	1543
AT2G07827	0	0	1	0	0	0
AT2G38450	310	253	275	262	307	257
AT2G39310	4459	5814	5649	4771	4439	2008
AT2G03567	0	0	0	0	0	0
AT2G04062	0	0	0	0	0	0
AT2G36720	919	910	874	1053	1238	1057
AT2G07715	4	4	3	4	21	4
AT2G18600	140	165	146	123	154	102
AT2G17700	617	700	678	504	658	508
AT2G42320	986	1344	927	844	1156	543
AT2G46050	2	8	6	6	3	5
AT2G47940	715	964	854	1011	1258	836
AT2G05320	310	289	307	329	364	269
AT2G29860	0	0	0	0	0	0
AT2G15490	451	524	565	238	256	558
AT2G19470	920	926	904	810	914	723
AT2G44980	214	245	271	315	389	322
AT2G20362	62	84	83	102	95	85
AT2G01060	982	714	676	782	980	876
AT2G22475	776	800	717	611	651	636
AT2G44400	0	1	1	0	0	0
AT2G45290	3101	3916	3730	3335	4265	2968
AT2G34250	10376	9099	8832	9179	10164	9178
AT2G28920	1	2	0	0	1	0
AT2G28580	0	2	1	0	0	0
AT2G18250	297	258	295	270	364	300
AT2G44420	266	264	231	254	327	278
AT2G23660	0	0	0	1	0	0
AT2G27390	2	2	3	0	4	1
AT2G20110	120	102	86	120	146	106
AT2G29200	763	552	519	928	1090	809
AT2G28190	2877	2043	2035	3072	4136	3141
AT2G44330	0	0	1	2	0	0
AT2G38240	1222	1497	1053	74	100	190
AT2G35810	974	892	973	958	1006	795
AT2G15220	409	545	342	250	297	351
AT2G24762	326	282	189	290	472	140
AT2G25880	432	426	281	431	502	359
AT2G21370	79	88	79	95	135	110
AT2G46735	110	105	129	184	155	135
AT2G11010	0	0	0	0	0	0
AT2G44020	243	235	219	223	273	281
AT2G03810	301	322	370	421	526	401
AT2G41500	734	618	617	833	996	902
AT2G40930	597	639	632	810	868	758
AT2G15910	541	364	347	444	523	421
AT2G01379	5	9	2	2	0	20
AT2G46765	2	0	0	0	0	0
AT2G32660	149	156	156	126	103	107
AT2G18640	11	18	13	7	10	17
AT2G40435	6	12	2	11	28	1
AT2G31240	319	299	245	319	353	288
AT2G29730	705	774	677	680	791	615
AT2G27960	641	692	635	595	687	568
AT2G25530	49	92	104	76	69	36
AT2G21640	45	34	27	30	44	23
AT2G38230	158	110	53	236	196	249
AT2G05180	83	50	99	79	98	83
AT2G23430	92	89	118	87	93	80
AT2G41220	6356	7185	9170	5182	5794	5257
AT2G35920	814	861	786	1203	1500	1082
AT2G19690	79	66	60	54	65	59
AT2G45240	910	850	758	924	1077	917
AT2G32350	0	1	0	0	0	2
AT2G05520	276	197	175	33	74	63
AT2G41420	2664	2618	2721	2094	1912	2099
AT2G34430	9	6	3	32	24	3
AT2G04220	3	0	0	6	0	2
AT2G07702	0	0	0	0	0	0
AT2G11851	0	0	0	0	0	0
AT2G18170	328	346	331	296	397	332
AT2G43620	111	109	103	104	193	129
AT2G06960	0	0	0	0	0	0
AT2G03840	0	0	0	0	0	0
AT2G37025	46	52	18	39	19	31
AT2G43945	167	173	147	182	272	172
AT2G16930	769	603	681	693	751	632
AT2G43465	96	67	90	94	137	96
AT2G31230	93	96	70	70	110	82
AT2G38290	577	720	985	477	619	651
AT2G27330	274	177	190	248	250	224
AT2G22600	65	35	48	62	55	37
AT2G03530	241	285	286	279	209	350
AT2G18350	32	23	26	10	12	17
AT2G14120	1976	2214	2231	2163	2294	2024
AT2G28250	885	1077	1149	1503	2157	1193
AT2G30933	148	136	187	119	130	128
AT2G20300	1442	1446	1404	1612	1791	1360
AT2G05786	0	0	0	0	0	0
AT2G19310	52	50	49	32	49	27
AT2G18685	0	1	0	0	0	1
AT2G38410	609	656	591	649	843	700
AT2G27980	716	769	693	919	1159	894
AT2G05117	0	0	0	0	0	0
AT2G40890	2797	3182	2894	2324	3161	2376
AT2G32780	0	2	0	1	1	1
AT2G02660	0	0	0	0	0	0
AT2G41520	756	745	716	760	992	767
AT2G34390	19	24	12	9	6	3
AT2G07667	2	0	1	0	0	0
AT2G24280	368	402	447	358	406	473
AT2G17170	0	0	0	0	0	0
AT2G11225	3607	3520	3491	3373	3957	3488
AT2G41060	569	573	641	619	691	608
AT2G39940	897	655	688	872	1209	899
AT2G45910	1306	1531	1523	1203	1246	1322
AT2G12480	18	34	36	40	51	24
AT2G37330	109	109	128	79	109	106
AT2G17470	0	0	0	0	0	0
AT2G31980	55	46	34	34	27	14
AT2G18750	1969	2092	1763	2340	3731	2534
AT2G03170	0	0	0	0	0	0
AT2G38905	6	2	2	0	0	0
AT2G15670	0	0	0	0	0	0
AT2G40520	30	48	45	19	28	25
AT2G02790	708	881	766	1035	1267	773
AT2G25210	3624	2203	2107	2753	3016	2754
AT2G22530	279	224	249	291	370	303
AT2G15590	9	1	5	6	2	6
AT2G18080	0	0	0	0	0	0
AT2G05970	0	0	0	0	0	0
AT2G07739	0	0	0	0	0	0
AT2G23360	423	379	396	285	359	298
AT2G22050	0	0	0	0	0	0
AT2G26640	495	468	400	435	612	425
AT2G46700	465	540	520	484	599	449
AT2G35330	1201	991	1054	1138	1302	1152
AT2G35410	207	209	146	194	261	201
AT2G42450	175	179	156	161	227	157
AT2G05510	9762	5908	4786	3234	2992	2223
AT2G26380	1129	1811	1712	1308	1042	1844
AT2G21810	0	1	0	0	0	0
AT2G33730	1917	1701	1679	1709	2062	1667
AT2G37810	12	21	35	1	1	5
AT2G31440	509	450	395	453	495	436
AT2G16620	0	0	0	0	0	0
AT2G40400	304	250	191	392	446	312
AT2G30440	4172	4846	5099	4669	4692	5410
AT2G13790	978	1164	1083	858	631	914
AT2G26280	1496	1416	1328	1575	1755	1643
AT2G11005	0	0	0	0	0	0
AT2G17480	3697	4377	4564	3043	2508	3039
AT2G20618	0	0	0	0	0	0
AT2G13800	313	353	348	244	206	304
AT2G21960	8	8	7	7	18	7
AT2G02050	2153	1544	1512	1555	1756	1497
AT2G02970	704	767	725	722	779	650
AT2G40030	446	551	524	543	679	510
AT2G43230	18	42	31	38	38	40
AT2G30840	218	281	342	233	297	304
AT2G15610	0	0	0	0	0	0
AT2G30020	9903	11618	15552	8509	9173	10847
AT2G43510	28	36	39	9	31	115
AT2G09990	1902	1315	1210	1594	1788	1535
AT2G36854	0	0	0	0	0	0
AT2G02795	0	0	0	0	0	0
AT2G05330	3	4	2	8	9	15
AT2G41950	54	27	14	34	50	20
AT2G43640	813	569	585	567	708	572
AT2G21010	0	1	0	0	1	3
AT2G15025	1	0	0	1	4	0
AT2G04900	875	756	781	734	904	685
AT2G38760	2102	2198	2333	1221	1025	1126
AT2G02700	101	77	72	46	32	42
AT2G47520	250	537	532	314	175	146
AT2G19365	0	0	0	0	0	0
AT2G35170	126	92	86	107	161	128
AT2G04350	2284	2475	2778	1161	1307	1209
AT2G28305	430	633	524	361	432	694
AT2G39700	618	828	864	1556	3059	790
AT2G33550	323	303	345	460	680	410
AT2G04425	0	0	0	0	0	0
AT2G03590	140	136	176	87	87	147
AT2G25450	6828	6708	5365	5282	5000	5182
AT2G28050	46	49	39	47	60	40
AT2G47440	1474	1920	1355	1136	1003	939
AT2G32280	261	275	185	289	335	181
AT2G22170	3918	3412	2322	3316	3602	2021
AT2G20550	360	493	542	479	713	579
AT2G02455	0	0	0	0	3	0
AT2G04495	8	6	6	6	9	5
AT2G17860	1	1	3	0	3	2
AT2G35670	1	1	1	0	0	3
AT2G43030	482	493	422	590	810	592
AT2G14910	1026	950	1034	936	1174	1150
AT2G04030	2074	1656	1465	2147	2342	1697
AT2G03020	3	3	2	3	3	4
AT2G29690	636	550	478	547	677	509
AT2G13100	575	558	563	457	674	460
AT2G44745	0	3	2	3	6	0
AT2G38100	13	9	10	6	9	13
AT2G07673	0	0	0	0	0	0
AT2G34110	0	0	0	0	0	0
AT2G37160	456	451	387	539	646	467
AT2G42380	42	51	55	48	60	58
AT2G39030	10	39	2	7	14	0
AT2G34790	808	1584	1432	812	1040	1028
AT2G26670	997	1248	1122	961	1220	1203
AT2G05915	0	0	0	0	0	0
AT2G33500	133	134	112	173	215	107
AT2G33760	26	18	10	20	16	15
AT2G41730	20	12	10	7	11	28
AT2G41830	766	922	741	450	444	509
AT2G28610	0	0	0	0	0	0
AT2G14500	0	0	0	0	0	0
AT2G46850	94	55	40	120	131	117
AT2G31081	22	3	0	74	174	42
AT2G13680	17	21	17	16	20	8
AT2G47690	1452	1020	1030	1192	1188	1089
AT2G47230	145	204	219	291	359	220
AT2G34170	196	136	121	292	277	284
AT2G28426	19	3	8	5	3	4
AT2G29640	141	99	116	86	107	82
AT2G43270	3	2	0	0	1	0
AT2G18300	9	5	12	11	65	9
AT2G38020	903	1039	1015	902	1131	1012
AT2G45980	1261	1254	1145	1158	1306	1220
AT2G20130	494	435	339	387	402	365
AT2G32550	9	3	2	21	34	16
AT2G31680	673	615	600	451	446	515
AT2G20030	10	5	11	5	5	2
AT2G33705	0	0	0	0	0	0
AT2G47090	257	205	206	297	399	261
AT2G29263	0	0	0	0	0	0
AT2G28220	13	6	2	7	6	12
AT2G17510	872	945	893	1037	1265	1132
AT2G40110	548	586	553	476	527	489
AT2G22650	119	97	59	106	119	113
AT2G26660	395	336	296	321	428	310
AT2G17820	466	477	432	1151	1939	989
AT2G34210	0	1	0	0	0	2
AT2G28010	0	0	0	0	0	0
AT2G16070	186	213	185	178	239	149
AT2G15450	0	0	0	0	0	0
AT2G35935	3	7	1	6	4	0
AT2G18969	0	0	1	0	0	1
AT2G12550	309	319	367	327	367	250
AT2G45960	14127	11802	12268	11758	15315	14054
AT2G22690	116	87	113	106	134	94
AT2G03640	1261	997	1029	1170	1245	1136
AT2G16810	0	0	0	0	0	0
AT2G19830	1700	1654	1653	1416	1640	1424
AT2G27150	737	600	600	518	631	574
AT2G42080	260	209	209	241	251	220
AT2G18130	0	0	0	0	1	0
AT2G24450	1	0	0	0	0	0
AT2G33880	12	1	3	4	0	1
AT2G10550	0	0	0	0	0	0
AT2G44760	225	159	151	196	294	216
AT2G04039	4	13	8	3	9	0
AT2G16770	137	99	109	121	145	86
AT2G27410	0	0	0	0	0	0
AT2G33620	1527	1800	1432	1986	2383	1049
AT2G23960	59	70	92	40	64	74
AT2G41180	70	109	93	146	267	58
AT2G14289	0	0	0	1	0	0
AT2G36110	29	9	1	10	13	10
AT2G38060	266	349	333	286	261	254
AT2G20840	828	757	682	530	542	547
AT2G31005	0	0	0	0	0	0
AT2G26130	1	0	0	0	1	0
AT2G44620	1506	1096	1206	1253	1434	1024
AT2G21550	86	110	121	204	216	208
AT2G18690	2970	3710	3627	2151	1609	3897
AT2G47890	559	778	939	475	686	647
AT2G37240	87	72	67	54	62	39
AT2G14050	98	123	111	137	147	136
AT2G40600	494	391	469	394	461	448
AT2G21300	1605	1212	1400	1382	1611	1466
AT2G20140	1719	1662	1384	1568	1730	1521
AT2G37910	0	0	0	0	0	0
AT2G03780	292	248	231	306	322	218
AT2G20920	207	173	174	195	288	201
AT2G16030	0	0	0	0	0	0
AT2G42460	0	0	0	0	0	0
AT2G20850	503	654	589	692	808	595
AT2G23070	2432	2456	2305	2523	2847	2727
AT2G01130	1229	1082	1230	1227	1259	1221
AT2G44210	346	601	507	469	723	334
AT2G31410	1637	1161	1093	1561	1661	1404
AT2G03310	2	0	0	2	0	0
AT2G35910	94	81	93	82	84	80
AT2G36430	144	102	162	159	160	167
AT2G28620	809	1106	804	1179	1451	905
AT2G20430	0	0	0	0	0	0
AT2G26800	707	776	763	575	718	624
AT2G26310	127	80	94	77	89	102
AT2G05840	2448	2120	2057	2158	2471	2068
AT2G04420	0	0	0	0	0	0
AT2G42510	46	51	34	45	81	47
AT2G30310	4	1	1	0	4	0
AT2G04810	0	0	0	0	0	0
AT2G03931	0	0	0	0	0	0
AT2G27420	0	0	0	0	0	0
AT2G07644	0	0	0	0	0	0
AT2G34740	0	0	0	0	0	0
AT2G19950	1444	1387	1369	1367	1504	1449
AT2G29679	0	0	0	0	0	0
AT2G21630	231	227	223	234	267	216
AT2G14560	3	2	0	5	12	5
AT2G18340	4	1	3	1	1	7
AT2G12875	0	0	0	0	0	0
AT2G22400	1716	1642	1659	1931	2335	1918
AT2G44810	0	0	0	0	0	0
AT2G47970	1287	1284	1168	1179	1261	1027
AT2G48080	168	139	232	266	323	295
AT2G24690	395	367	407	430	567	500
AT2G41930	0	0	0	0	0	0
AT2G41400	0	0	0	0	0	0
AT2G36840	207	277	272	189	216	208
AT2G41550	217	170	196	156	189	174
AT2G46140	1691	1349	1447	1196	1208	1214
AT2G04840	1	0	0	0	0	0
AT2G02990	124	130	157	4	9	75
AT2G19130	174	293	240	311	494	360
AT2G10535	0	0	0	0	0	0
AT2G22880	1697	2196	2883	1507	1373	2731
AT2G34080	5	2	4	1	3	3
AT2G14110	175	149	140	133	157	110
AT2G32860	245	944	753	170	220	138
AT2G39340	1367	1384	1583	1617	1807	1632
AT2G41170	152	153	150	118	157	124
AT2G18990	481	409	331	423	500	339
AT2G20660	0	0	0	0	0	0
AT2G43320	1725	1807	2118	1456	1176	1995
AT2G41640	6479	7406	8205	4729	3846	7015
AT2G26340	148	159	141	157	191	162
AT2G19630	0	0	0	0	0	0
AT2G40920	51	67	52	74	132	65
AT2G25150	696	398	415	155	269	232
AT2G42865	43	23	31	48	33	37
AT2G21100	348	339	463	235	287	224
AT2G22440	0	0	0	0	0	0
AT2G45280	133	109	108	142	169	131
AT2G21120	3669	4243	4676	2611	1885	3364
AT2G37020	295	238	217	282	327	233
AT2G29700	1033	1064	1051	808	1017	781
AT2G31420	0	0	0	0	0	0
AT2G21060	1350	1243	1302	1056	1329	1408
AT2G27313	0	0	0	0	0	0
AT2G18780	56	65	85	70	99	52
AT2G47850	683	703	659	710	868	617
AT2G31955	412	382	395	307	421	321
AT2G46495	17	6	25	17	30	31
AT2G25000	62	78	97	57	61	69
AT2G01735	262	270	302	329	429	318
AT2G45200	1045	945	802	838	966	749
AT2G04740	235	233	253	300	323	267
AT2G36930	1741	1270	1274	1475	1701	1608
AT2G39270	570	501	473	399	458	368
AT2G33330	438	585	428	488	586	416
AT2G01180	2897	2776	3770	1929	1566	2538
AT2G33770	8888	16537	24015	13118	13882	13155
AT2G07696	0	0	0	1	0	0
AT2G23985	148	120	147	93	111	87
AT2G26170	778	790	912	543	627	614
AT2G29950	7	17	29	19	12	6
AT2G47990	655	410	403	546	654	550
AT2G17033	119	131	82	155	154	160
AT2G17920	0	0	0	0	1	0
AT2G05632	74	66	90	60	85	47
AT2G32180	21	19	16	30	16	16
AT2G42210	2855	2329	2197	2270	2596	2111
AT2G18090	2258	2615	2768	2372	2229	2386
AT2G12945	0	0	0	0	0	0
AT2G25905	0	0	0	0	0	0
AT2G38460	155	172	194	270	429	317
AT2G36000	65	72	61	101	151	85
AT2G12290	0	0	0	0	0	0
AT2G27402	125	90	148	163	163	172
AT2G36760	1	0	0	0	0	0
AT2G15620	5406	4035	7197	6951	11649	8265
AT2G36920	1	0	0	0	0	1
AT2G13547	0	1	0	0	0	0
AT2G26230	1098	962	1051	881	986	808
AT2G32370	0	0	0	0	0	0
AT2G13540	1311	1308	1237	1431	1632	1422
AT2G25090	21	7	16	26	46	19
AT2G40010	471	348	254	366	417	311
AT2G07728	0	0	0	0	1	0
AT2G27370	406	268	289	289	342	419
AT2G37950	26	22	10	57	95	48
AT2G15370	279	199	272	158	153	173
AT2G32020	244	352	342	507	495	668
AT2G46130	30	41	44	11	29	16
AT2G28570	1128	1328	1555	881	779	1257
AT2G30695	83	76	69	74	85	60
AT2G16290	0	0	0	0	0	0
AT2G34100	3	2	2	2	1	0
AT2G40410	858	881	826	904	1195	951
AT2G39355	0	0	0	0	0	0
AT2G22942	2	0	2	0	1	0
AT2G25080	436	398	322	429	515	446
AT2G34490	589	857	865	606	648	315
AT2G36610	0	0	0	0	0	0
AT2G37080	1408	1390	1316	1807	2156	1586
AT2G33210	2334	2036	1535	2379	2639	1975
AT2G24940	3440	4005	4129	2970	3385	2649
AT2G35350	421	396	536	536	623	440
AT2G32770	8	17	6	11	8	7
AT2G37980	198	136	148	239	294	189
AT2G22250	912	1072	1072	1025	1252	1041
AT2G31510	1109	1265	1287	1210	1497	1184
AT2G07505	0	0	0	0	0	0
AT2G16120	0	0	0	0	0	0
AT2G32010	182	185	197	310	478	299
AT2G35660	11	12	13	10	8	22
AT2G30140	193	150	176	87	83	120
AT2G25215	0	0	0	0	0	0
AT2G05060	0	0	0	0	0	0
AT2G18190	0	0	1	1	1	1
AT2G24270	55	52	47	40	52	24
AT2G13295	0	0	0	0	0	0
AT2G36770	7	4	3	3	1	12
AT2G42930	0	0	0	0	0	0
AT2G01580	76	81	80	57	95	36
AT2G06555	0	0	0	0	0	0
AT2G43460	7043	4447	4330	5314	5934	4800
AT2G41355	0	0	0	0	0	0
AT2G38365	0	0	0	0	0	0
AT2G01913	104	138	83	169	309	89
AT2G02570	1986	1945	2023	1744	1912	1756
AT2G07613	0	0	0	0	0	0
AT2G03800	718	801	722	601	573	702
AT2G26890	2695	3700	3309	3104	3517	2946
AT2G37530	16	15	18	16	40	19
AT2G46740	536	405	553	387	458	653
AT2G17260	204	324	298	255	320	246
AT2G26020	0	0	0	0	0	0
AT2G03120	1584	1320	1281	1398	1727	1353
AT2G28400	1496	1459	2019	1723	1656	2051
AT2G38080	1848	2674	2316	1756	2311	1758
AT2G42590	4747	5127	5036	4035	4038	4170
AT2G38695	98	66	63	87	87	65
AT2G16510	1666	1262	1296	1255	1412	1156
AT2G17990	2242	2183	2365	2030	2506	2155
AT2G03870	812	668	609	610	730	531
AT2G47500	2047	2562	2619	2336	2827	2037
AT2G21420	0	0	1	3	0	1
AT2G22807	0	0	0	0	0	0
AT2G30220	10	3	7	20	6	8
AT2G47210	705	782	863	720	859	750
AT2G36985	8	3	1	7	20	0
AT2G47120	2	3	1	2	1	4
AT2G41490	331	301	290	316	370	274
AT2G42620	213	213	195	264	416	148
AT2G19020	0	0	0	0	0	0
AT2G01918	0	0	0	0	0	0
AT2G19980	0	0	0	0	2	0
AT2G21040	9	2	4	6	0	5
AT2G40660	1360	1147	1087	1295	1327	1141
AT2G19610	18	9	14	6	8	8
AT2G10260	0	0	0	0	0	0
AT2G32530	2	7	8	2	10	1
AT2G14285	213	180	178	149	179	169
AT2G46340	203	306	279	191	280	155
AT2G22370	135	110	115	117	119	93
AT2G44140	909	906	961	728	923	785
AT2G21240	781	710	653	792	851	862
AT2G42660	84	72	96	76	91	96
AT2G21830	233	204	210	174	254	132
AT2G17070	33	10	8	35	30	25
AT2G17580	437	359	336	415	447	377
AT2G20810	387	403	379	386	465	364
AT2G15740	0	0	0	0	0	0
AT2G16800	462	413	392	501	640	504
AT2G44060	9841	9354	9464	7272	7834	6615
AT2G12880	0	0	0	0	0	0
AT2G02170	515	521	403	552	632	423
AT2G02810	284	237	242	333	351	273
AT2G04700	374	298	259	284	331	248
AT2G05900	0	0	0	0	0	0
AT2G18070	0	0	0	0	0	0
AT2G01740	24	30	21	39	50	26
AT2G20515	580	304	324	484	452	489
AT2G31090	733	797	740	483	498	551
AT2G46610	335	347	333	273	267	279
AT2G38740	1346	1177	1518	780	812	857
AT2G47630	517	497	545	488	521	465
AT2G33280	8	8	8	6	11	0
AT2G07779	0	1	0	1	0	0
AT2G26680	494	444	397	479	591	376
AT2G35110	1557	2034	1865	2114	2355	1683
AT2G29810	0	0	0	0	0	0
AT2G39520	0	0	0	0	0	0
AT2G44150	404	326	363	456	505	364
AT2G11522	0	0	0	0	0	0
AT2G25297	54	66	54	27	34	117
AT2G16370	368	332	329	379	462	325
AT2G24100	1721	2142	2106	1740	1512	1717
AT2G28680	7	14	11	14	15	35
AT2G19230	1	0	0	0	1	0
AT2G39970	1459	1393	1388	1313	1495	1278
AT2G21170	3744	3256	3084	3296	3794	2919
AT2G02147	1	4	0	3	2	0
AT2G43445	23	5	5	35	88	35
AT2G42540	196	196	73	7	179	0
AT2G40500	0	0	0	0	0	0
AT2G34720	386	412	460	367	431	378
AT2G39000	292	347	254	337	355	274
AT2G26860	114	90	57	102	137	100
AT2G31070	56	34	51	43	64	40
AT2G14870	0	0	0	0	0	0
AT2G13690	180	176	155	230	294	152
AT2G33590	2007	1920	2014	1446	1359	1673
AT2G44580	92	95	82	124	144	110
AT2G03410	0	1	0	1	0	0
AT2G39190	382	430	399	459	555	453
AT2G23100	590	878	668	550	432	648
AT2G45990	1073	975	986	787	880	728
AT2G19770	0	0	0	0	0	0
AT2G47270	264	172	122	244	224	258
AT2G10602	0	0	0	0	0	0
AT2G14282	0	0	0	0	0	0
AT2G24870	0	0	2	0	1	0
AT2G39620	19	20	20	18	23	12
AT2G39990	2542	2203	2103	2381	2663	2370
AT2G44920	3	0	1	2	9	3
AT2G19080	679	645	589	590	725	597
AT2G27180	4	10	13	16	17	14
AT2G17055	0	4	0	4	3	10
AT2G31990	271	338	338	276	260	374
AT2G35343	7	7	8	3	5	4
AT2G16365	462	510	340	204	331	207
AT2G21710	51	48	38	72	109	43
AT2G46190	0	0	0	0	0	0
AT2G17620	95	82	120	154	173	145
AT2G31570	1858	1601	1759	1065	1098	1207
AT2G23950	739	924	1004	812	1269	874
AT2G27280	7	3	6	1	6	4
AT2G45500	318	274	258	279	303	250
AT2G15660	0	0	0	1	0	0
AT2G43760	496	387	383	506	671	453
AT2G29605	0	0	0	0	0	0
AT2G22750	40	30	28	10	10	18
AT2G26240	955	724	720	929	967	1005
AT2G36620	6048	4014	3511	4815	5179	4420
AT2G21950	307	275	244	361	427	320
AT2G17540	190	183	175	232	242	173
AT2G01590	9	11	15	11	14	7
AT2G01370	0	0	0	0	0	0
AT2G33780	0	1	0	0	3	1
AT2G28020	0	0	0	0	1	0
AT2G40700	612	450	436	615	605	544
AT2G16900	2133	2044	2660	1883	1932	2677
AT2G02760	2213	2335	2234	1784	2240	1792
AT2G04305	781	658	770	634	638	745
AT2G06645	0	0	0	0	0	0
AT2G40230	54	43	32	83	203	35
AT2G18245	205	173	208	199	251	169
AT2G33090	0	0	0	0	1	1
AT2G38570	75	85	87	98	110	83
AT2G27540	0	0	0	0	0	0
AT2G30700	587	662	566	623	811	516
AT2G12461	10	17	20	17	18	14
AT2G14660	46	33	24	48	47	27
AT2G15980	47	69	52	79	102	53
AT2G28650	149	110	162	101	155	123
AT2G42180	0	0	0	0	0	0
AT2G28160	107	80	122	205	284	256
AT2G39370	26	15	31	21	45	16
AT2G36580	3128	3501	3881	3052	3622	3076
AT2G27010	403	306	352	295	306	277
AT2G43261	19	13	17	2	1	1
AT2G42430	86	20	27	32	40	41
AT2G07628	0	0	0	0	0	0
AT2G27810	447	542	415	630	707	399
AT2G43720	116	110	141	93	113	70
AT2G07629	0	1	0	0	1	0
AT2G30340	511	311	323	352	486	476
AT2G26070	156	159	131	147	185	137
AT2G20670	616	469	75	714	694	415
AT2G37500	748	657	592	737	928	641
AT2G39855	0	0	0	2	0	1
AT2G23140	685	739	636	688	796	675
AT2G28200	118	89	79	109	177	55
AT2G07638	0	2	5	2	2	1
AT2G22180	0	0	0	0	0	0
AT2G29290	0	0	0	0	0	0
AT2G39440	148	126	113	162	164	132
AT2G39820	1	2	2	2	1	1
AT2G14890	9657	8926	6991	7559	8544	6312
AT2G41360	0	0	0	0	0	0
AT2G46390	2330	1597	1783	1474	1641	1474
AT2G07680	365	284	370	355	372	365
AT2G38870	189	107	85	145	185	376
AT2G38800	7299	9164	9386	8736	11060	8897
AT2G33420	3	7	1	2	9	0
AT2G16090	236	233	229	287	355	251
AT2G24680	67	23	29	46	32	30
AT2G26560	83	134	94	42	31	147
AT2G23148	0	0	0	0	0	0
AT2G07771	0	0	0	0	0	0
AT2G34315	0	0	0	0	0	0
AT2G25312	0	0	0	0	0	0
AT2G47540	353	316	333	188	248	342
AT2G17130	920	993	954	910	1072	1085
AT2G25050	239	234	240	307	326	229
AT2G19030	0	0	0	0	0	0
AT2G44880	35	28	47	49	45	35
AT2G15640	0	0	0	0	0	0
AT2G33070	22	38	19	22	17	5
AT2G05910	36	51	66	43	91	38
AT2G21430	70	77	69	56	45	66
AT2G14160	5	4	2	2	0	6
AT2G41415	0	0	0	0	0	0
AT2G33720	1	0	0	0	0	2
AT2G21350	52	27	34	35	48	34
AT2G41800	2049	1483	1478	1785	1931	2449
AT2G25480	687	563	566	706	780	579
AT2G35970	0	2	1	1	0	0
AT2G18370	1655	2075	2538	1006	1187	889
AT2G30740	1933	1880	2135	1821	1772	1748
AT2G43980	602	665	717	568	718	602
AT2G01175	35	33	50	24	25	43
AT2G24640	539	441	500	555	685	535
AT2G17440	1845	1353	1268	1889	2144	2264
AT2G03965	0	0	0	0	0	0
AT2G04550	309	226	228	246	302	256
AT2G31880	4716	6099	7942	6239	6130	8334
AT2G16960	8	10	10	1	10	20
AT2G27680	266	266	305	258	354	235
AT2G46930	799	875	836	828	976	564
AT2G46550	387	430	444	530	703	578
AT2G27580	424	530	474	435	451	400
AT2G45660	1272	1273	1377	780	931	1048
AT2G07652	0	0	0	0	0	0
AT2G33530	313	372	359	341	320	208
AT2G27480	76	66	77	70	83	66
AT2G17300	393	604	451	397	521	281
AT2G31770	0	0	0	0	0	0
AT2G02150	89	61	67	106	132	74
AT2G29170	0	0	0	0	0	0
AT2G40200	8	10	10	12	26	4
AT2G40820	971	1108	1130	848	1072	955
AT2G07215	0	0	0	0	0	0
AT2G35360	140	150	148	131	162	104
AT2G23440	0	4	0	1	3	1
AT2G45406	0	0	0	0	0	0
AT2G32160	17	15	15	10	9	9
AT2G20000	582	618	611	695	894	618
AT2G29500	257	185	210	130	122	86
AT2G44630	33	23	21	39	45	31
AT2G44230	809	1107	1209	552	512	578
AT2G46800	2152	1686	1534	1758	2192	1911
AT2G33450	321	282	255	337	444	312
AT2G07981	0	0	0	0	0	0
AT2G28700	0	0	0	3	1	3
AT2G35530	496	376	385	473	573	438
AT2G19893	0	0	0	0	0	0
AT2G40280	1078	1098	1049	950	953	779
AT2G17845	0	0	0	0	0	0
AT2G31085	86	12	3	287	265	82
AT2G32740	6	13	12	11	20	6
AT2G21070	270	266	236	297	329	268
AT2G04620	214	230	192	201	267	179
AT2G41670	140	128	112	133	148	128
AT2G02640	13	14	10	1	2	12
AT2G33680	153	126	133	163	164	115
AT2G04940	583	586	549	586	736	598
AT2G39782	0	0	0	0	0	0
AT2G24600	2465	3038	3320	3232	2423	4777
AT2G24320	48	62	37	27	19	62
AT2G01150	337	330	511	344	415	348
AT2G39890	893	1191	1178	892	1216	1062
AT2G42770	208	208	190	201	209	196
AT2G31870	201	186	179	157	201	157
AT2G47170	7095	6258	6339	5970	6717	5433
AT2G38720	45	41	25	44	38	48
AT2G44340	20	31	35	43	53	23
AT2G25120	0	0	0	0	0	0
AT2G40220	0	0	0	0	0	0
AT2G22570	300	296	296	320	349	321
AT2G30615	0	0	0	0	0	0
AT2G07738	0	0	0	0	0	0
AT2G17870	873	815	816	783	857	724
AT2G34910	655	473	671	293	284	594
AT2G28290	4537	5279	5410	5126	5983	5073
AT2G27100	1899	1702	1603	1846	2047	1789
AT2G25730	2080	2454	2269	2073	2455	2169
AT2G17210	15	22	39	37	42	37
AT2G18510	766	805	689	821	975	589
AT2G25170	2193	2455	2380	2392	2860	2393
AT2G27690	3734	4692	3663	961	639	1105
AT2G39080	626	554	607	533	582	523
AT2G13360	626	452	265	1472	1445	1769
AT2G32905	0	0	1	1	1	0
AT2G28310	1311	1572	1365	1368	1733	1240
AT2G39580	2105	2013	1945	1858	2046	2020
AT2G43140	125	173	165	250	280	333
AT2G38170	862	984	1323	428	489	399
AT2G07705	0	0	0	0	0	0
AT2G23834	0	0	0	0	0	0
AT2G39640	0	0	1	0	0	0
AT2G16450	4	1	0	0	2	3
AT2G32260	1267	1230	1311	1103	1311	1199
AT2G44910	59	45	43	36	40	31
AT2G44280	127	168	195	73	76	95
AT2G06210	1138	1164	1284	1213	1421	1227
AT2G42100	0	0	2	0	0	0
AT2G33750	0	2	2	4	5	4
AT2G18790	1042	1096	1092	1133	1378	1020
AT2G20420	5220	4529	4328	4793	5329	4311
AT2G43255	1	0	0	0	0	0
AT2G17972	7	4	5	11	6	3
AT2G06906	0	0	0	0	0	0
AT2G02380	43	47	46	37	46	44
AT2G35965	0	0	2	0	0	0
AT2G07671	0	0	0	0	0	0
AT2G32900	486	536	539	587	711	531
AT2G46670	4	1	0	2	1	0
AT2G33390	611	617	612	493	608	535
AT2G42220	50	37	14	23	80	3
AT2G21780	20	10	14	10	16	10
AT2G21580	4802	3509	3186	3730	4299	3574
AT2G39240	32	87	86	52	82	25
AT2G10553	0	0	0	0	0	0
AT2G42470	0	0	0	0	0	0
AT2G44490	1779	1901	1973	1720	2046	2314
AT2G20250	17	7	1	3	12	7
AT2G13125	0	0	0	0	0	0
AT2G26970	237	156	180	211	242	216
AT2G31130	93	159	137	149	206	144
AT2G26440	80	42	61	59	74	57
AT2G06845	0	0	0	0	0	0
AT2G38510	29	31	68	28	17	26
AT2G46150	493	490	776	305	301	368
AT2G39170	389	309	369	330	326	278
AT2G39790	1	1	1	2	1	0
AT2G33640	89	81	76	103	110	84
AT2G31380	26	25	12	24	34	27
AT2G33020	49	66	49	87	82	81
AT2G22425	1137	945	882	953	1065	784
AT2G22330	3519	4509	4374	5248	7074	4242
AT2G05590	367	387	396	317	337	311
AT2G29000	1	3	0	1	1	4
AT2G15790	408	347	364	387	462	441
AT2G47020	315	233	220	358	403	317
AT2G17230	2764	3150	2864	1524	1481	1500
AT2G46400	4724	5891	9893	7108	6226	8924
AT2G31862	0	1	0	0	0	0
AT2G25140	549	570	536	625	626	526
AT2G41660	595	399	395	279	326	284
AT2G29820	0	0	0	0	0	0
AT2G05440	22483	25793	7918	50398	49115	16627
AT2G44770	623	560	533	579	583	545
AT2G46950	228	236	187	117	125	57
AT2G34920	266	251	280	249	259	213
AT2G40320	409	468	431	398	529	282
AT2G20010	966	1109	1107	918	989	1003
AT2G20970	2	2	0	1	1	3
AT2G27220	8	12	31	2	1	0
AT2G17695	38	41	54	38	72	39
AT2G32990	1493	2521	2378	1647	2105	1378
AT2G28340	0	0	0	0	0	0
AT2G15830	62	28	40	27	44	36
AT2G22000	221	135	226	94	137	115
AT2G01560	0	0	0	1	0	1
AT2G24130	3020	3899	4372	2154	1908	4293
AT2G36230	349	346	282	355	383	288
AT2G17723	0	2	0	0	0	0
AT2G19570	3748	3370	4299	2612	2399	3629
AT2G06265	0	0	0	0	0	0
AT2G46270	1745	1543	1946	930	840	1295
AT2G28320	790	883	967	785	1018	709
AT2G27770	50	42	40	32	67	48
AT2G37800	0	0	0	0	0	0
AT2G32100	17	26	25	48	42	15
AT2G42820	69	102	112	116	127	95
AT2G14510	22	34	33	90	73	98
AT2G43670	83	109	133	45	59	52
AT2G28030	0	0	0	0	0	0
AT2G42560	280	63	81	9	15	29
AT2G32190	1091	957	1215	538	414	887
AT2G39300	415	322	334	517	692	450
AT2G28480	220	151	152	231	277	207
AT2G23680	254	180	258	135	70	121
AT2G31790	223	291	278	711	829	557
AT2G09388	0	0	0	0	0	0
AT2G23118	0	0	0	3	0	0
AT2G29485	0	0	0	0	0	0
AT2G21720	0	0	0	0	0	0
AT2G28090	0	0	0	0	0	1
AT2G02230	461	543	586	505	611	627
AT2G11215	33	31	33	34	42	42
AT2G41880	1117	1008	1351	664	556	876
AT2G39960	1517	1354	1259	1237	1561	1167
AT2G33010	2	0	0	1	3	1
AT2G29830	0	0	0	0	0	0
AT2G37930	103	150	147	161	288	133
AT2G26810	320	191	190	222	265	208
AT2G17530	719	652	673	669	752	646
AT2G41905	14	5	14	9	9	6
AT2G21270	1589	1366	1354	1226	1416	1135
AT2G47390	3186	3642	3642	3168	3986	3077
AT2G42520	851	831	832	870	955	720
AT2G04750	0	0	0	0	0	0
AT2G38590	0	0	0	0	0	0
AT2G19390	407	404	391	420	538	460
AT2G14935	0	0	0	0	0	0
AT2G20170	1	1	1	0	0	0
AT2G27590	308	295	291	358	489	437
AT2G20580	3722	3895	3684	3614	4410	3543
AT2G38670	1343	1119	1095	1153	1183	970
AT2G23180	0	4	2	1	1	3
AT2G40970	982	975	823	720	817	732
AT2G07760	0	0	0	0	0	0
AT2G35100	410	378	394	376	495	304
AT2G42065	2	2	1	1	2	1
AT2G46000	790	553	542	523	631	472
AT2G37380	23	14	19	22	48	21
AT2G18260	4	2	6	6	14	3
AT2G07599	0	0	0	0	0	1
AT2G28930	87	173	148	130	258	117
AT2G24970	46	42	46	35	55	33
AT2G04034	0	0	0	0	0	0
AT2G24240	64	83	57	105	158	67
AT2G27290	63	60	68	60	92	60
AT2G24330	2247	2407	2505	1254	987	1404
AT2G35450	251	270	221	265	318	223
AT2G04395	0	1	0	0	0	0
AT2G38025	207	205	185	252	266	250
AT2G41780	363	275	295	349	387	316
AT2G10560	0	0	0	0	0	0
AT2G30990	1136	1538	1036	1146	1168	862
AT2G45300	1794	2156	2147	1695	2061	1685
AT2G45135	0	0	0	2	0	0
AT2G28510	810	957	803	722	846	406
AT2G39795	289	233	207	300	406	253
AT2G38500	125	81	142	79	68	107
AT2G20570	5	5	3	6	7	10
AT2G24860	215	199	196	123	168	137
AT2G21510	1136	1038	1161	683	347	718
AT2G42680	2800	2337	2587	2416	2556	2274
AT2G27160	0	2	1	0	1	1
AT2G43940	538	484	559	474	578	496
AT2G41620	1336	1391	1345	1556	1817	1546
AT2G19920	34	52	21	25	38	12
AT2G20620	8	4	6	9	15	13
AT2G28625	0	0	0	0	0	0
AT2G37975	338	237	247	219	229	239
AT2G22460	6	5	0	6	12	2
AT2G38650	1642	1519	1499	1496	1831	1275
AT2G23340	152	160	169	129	227	114
AT2G18680	71	65	66	70	56	123
AT2G01420	664	657	700	589	798	619
AT2G45920	1131	989	1182	1370	1026	1320
AT2G13640	1	3	1	0	4	8
AT2G14265	0	0	0	0	0	0
AT2G02955	130	72	77	102	174	113
AT2G35150	190	373	276	352	533	231
AT2G38430	93	81	67	94	105	94
AT2G05310	3	2	1	2	13	0
AT2G03936	0	0	0	0	0	0
AT2G47300	90	69	78	113	124	84
AT2G46510	2339	2786	3186	1956	1609	1483
AT2G07000	2	4	1	1	0	3
AT2G32610	49	99	101	123	157	107
AT2G20360	4184	3822	3496	3901	4333	3671
AT2G04090	178	226	239	158	143	95
AT2G43680	6919	7553	8160	7129	9024	7390
AT2G06025	834	732	808	686	719	686
AT2G07768	0	0	0	0	0	0
AT2G30860	27908	30206	26605	35673	39520	27474
AT2G29100	13	8	13	1	4	23
AT2G23190	0	0	0	0	0	0
AT2G38810	356	225	190	296	364	250
AT2G33255	210	173	192	169	225	146
AT2G40100	30	29	32	12	12	17
AT2G16860	1354	1044	1022	1147	1275	991
AT2G19170	494	483	414	617	773	428
AT2G44670	530	456	304	317	413	262
AT2G17880	115	121	61	173	130	121
AT2G47750	36	42	34	31	61	10
AT2G47250	1313	1183	1249	1386	1698	1433
AT2G24696	1	0	0	0	0	0
AT2G29780	0	0	0	0	0	0
AT2G23380	1100	895	901	1216	1232	994
AT2G46030	513	465	558	398	519	439
AT2G35700	4	6	1	5	9	0
AT2G41790	1827	1876	2007	1913	2208	2169
AT2G40740	65	89	166	12	12	78
AT2G28390	1079	1066	1002	994	1067	907
AT2G25230	1	0	0	0	0	0
AT2G19460	166	174	127	128	158	158
AT2G11270	9	5	6	6	3	2
AT2G24840	0	0	0	0	0	0
AT2G43710	1493	1398	1300	1509	1661	1286
AT2G44220	46	77	16	94	111	145
AT2G18160	3338	2999	2673	2493	2590	1814
AT2G35730	76	68	58	57	49	122
AT2G18140	1	2	2	2	2	2
AT2G29510	2802	3626	3660	3401	3671	2952
AT2G06570	0	0	0	0	0	0
AT2G04530	51	34	28	58	72	44
AT2G39750	1103	1214	1141	1049	1195	916
AT2G07820	0	0	0	0	0	0
AT2G42260	66	54	39	100	109	66
AT2G43900	296	355	271	412	545	354
AT2G28380	770	839	789	989	1217	884
AT2G47800	2090	2741	3040	1953	2120	1975
AT2G47190	521	972	1339	657	523	836
AT2G36980	25	26	21	36	46	13
AT2G27385	2	0	1	4	2	0
AT2G20940	210	152	136	216	244	185
AT2G30970	1503	1270	1130	1697	1751	1401
AT2G20710	157	111	102	127	157	97
AT2G42300	183	203	200	261	459	252
AT2G01190	1731	2120	1945	1555	1664	1718
AT2G22950	0	1	1	3	4	4
AT2G45570	5	6	4	2	5	4
AT2G20240	176	131	139	156	160	122
AT2G23970	12	11	3	6	2	4
AT2G25720	186	143	143	143	157	138
AT2G30580	227	243	203	239	262	224
AT2G35390	330	318	281	311	355	312
AT2G41480	4195	4304	4780	2790	2753	4085
AT2G43690	45	40	38	55	52	45
AT2G30880	827	824	898	719	867	729
AT2G37400	358	322	317	395	495	315
AT2G46560	2040	2333	2204	2169	2593	2161
AT2G21455	0	1	0	0	0	0
AT2G31215	0	0	0	0	0	0
AT2G07689	0	0	0	0	0	0
AT2G27500	5588	6766	7090	2598	1627	2606
AT2G20630	3641	3960	4325	2476	2531	2419
AT2G43160	6203	6910	6397	5648	6267	6234
AT2G14740	1451	1611	1663	1293	1319	1338
AT2G26740	70	92	80	41	101	18
AT2G02860	1673	1687	1740	1190	1080	1431
AT2G13950	0	0	0	0	0	0
AT2G29630	91	89	22	50	217	2
AT2G26110	468	536	476	585	801	446
AT2G27710	7202	4517	4040	5563	6286	5045
AT2G46840	2	2	2	4	5	6
AT2G07617	0	0	0	0	0	0
AT2G42280	40	21	36	136	192	88
AT2G48121	8	4	5	8	2	3
AT2G27940	3	0	1	0	1	0
AT2G15390	759	799	1178	402	420	695
AT2G31100	4	2	3	2	1	0
AT2G40440	0	0	0	0	0	0
AT2G09838	0	0	0	0	0	0
AT2G45690	271	231	264	234	267	235
AT2G03050	21	31	30	42	49	28
AT2G17080	108	49	54	111	137	131
AT2G17790	1482	1548	1606	1389	1573	1294
AT2G02490	0	0	0	0	0	0
AT2G21725	0	0	0	0	0	0
AT2G37730	0	0	0	0	0	0
AT2G20480	70	36	48	39	48	41
AT2G27310	2478	3348	3866	2350	2236	2853
AT2G15430	728	585	543	694	784	608
AT2G01490	1691	1427	1369	1037	1304	1232
AT2G19740	2694	1726	1547	2232	2584	2318
AT2G16835	0	0	0	0	0	0
AT2G21230	479	480	455	523	666	498
AT2G04540	305	287	241	340	346	297
AT2G19320	4	0	1	0	0	0
AT2G40090	364	370	295	307	387	314
AT2G16850	520	510	471	575	738	588
AT2G27040	1514	2299	1937	1822	1955	1377
AT2G47380	1504	930	1042	1111	1116	1031
AT2G07020	0	0	0	0	0	0
AT2G17940	66	89	70	58	78	42
AT2G31590	5	5	0	7	5	12
AT2G21340	353	327	374	337	352	344
AT2G38880	418	343	314	313	380	354
AT2G26140	2440	2564	2484	2529	3078	2433
AT2G16340	0	0	0	0	0	0
AT2G46690	451	934	599	629	620	288
AT2G20410	333	327	295	301	277	285
AT2G39840	644	597	737	490	478	565
AT2G24150	335	351	286	446	576	353
AT2G26470	222	225	208	268	311	283
AT2G34690	1347	1263	1280	1302	1469	1378
AT2G35070	3	3	0	0	0	0
AT2G42200	39	58	72	58	88	34
AT2G26700	48	29	24	67	90	38
AT2G48070	144	164	148	155	213	157
AT2G38350	0	1	0	0	0	0
AT2G29560	917	865	856	836	952	782
AT2G40780	205	125	136	147	151	136
AT2G26750	26	18	26	7	13	6
AT2G15535	0	0	0	0	0	0
AT2G42090	2	2	0	0	0	2
AT2G45880	471	464	417	467	527	530
AT2G45243	0	0	0	0	1	0
AT2G33775	1	0	4	0	1	0
AT2G35930	6975	9227	10586	6894	5820	11197
AT2G07676	0	2	1	4	1	2
AT2G36450	4	1	5	0	2	2
AT2G44710	945	863	917	866	979	811
AT2G19010	0	0	0	0	0	0
AT2G43350	807	698	636	722	764	654
AT2G26710	93	104	112	154	204	186
AT2G29620	28	33	33	41	32	41
AT2G24693	0	0	0	0	0	0
AT2G36250	610	609	617	653	817	599
AT2G15350	15	16	11	6	8	10
AT2G34860	84	86	91	61	115	88
AT2G30040	5886	7958	9650	2491	2170	3640
AT2G14690	1	0	0	0	1	0
AT2G18330	530	398	370	472	537	441
AT2G29680	112	87	83	122	157	111
AT2G28830	173	195	225	179	209	196
AT2G23600	203	198	119	369	514	324
AT2G29770	0	0	0	0	0	0
AT2G40560	0	0	0	0	0	0
AT2G41980	193	167	173	192	257	172
AT2G37310	87	87	70	82	88	78
AT2G20873	0	0	0	0	0	0
AT2G04380	38	19	27	27	24	16
AT2G35380	590	666	936	257	363	475
AT2G22070	46	37	53	68	47	49
AT2G22720	1511	1491	1358	1560	1807	1463
AT2G25169	0	0	0	0	0	0
AT2G21560	548	469	387	361	548	294
AT2G41890	1659	1841	2336	1616	1470	1983
AT2G41330	174	169	144	140	169	164
AT2G21400	53	45	55	23	13	25
AT2G04080	68	176	170	177	182	69
AT2G17240	355	302	280	273	373	287
AT2G02590	28	36	30	35	63	24
AT2G39290	220	241	216	225	277	190
AT2G06420	0	0	0	0	0	0
AT2G44090	688	670	623	720	904	610
AT2G03360	12	7	14	11	20	18
AT2G36180	1	0	1	0	1	1
AT2G40020	36	66	53	84	81	56
AT2G41342	13	12	22	8	10	14
AT2G30210	2354	3750	3049	3780	4393	2624
AT2G38780	136	150	113	164	182	130
AT2G22121	3	0	0	2	1	3
AT2G21410	2165	2401	2285	1917	2141	1774
AT2G16592	0	0	0	0	0	0
AT2G02160	2571	2191	2270	2623	3168	2742
AT2G34220	12	19	15	14	20	20
AT2G33230	0	2	5	2	2	1
AT2G35490	358	369	297	369	456	273
AT2G43740	0	0	0	0	0	0
AT2G07825	0	0	0	0	0	0
AT2G23890	353	278	294	356	436	302
AT2G47240	116	105	100	107	138	113
AT2G43550	262	303	250	257	322	159
AT2G06255	61	41	37	42	42	38
AT2G23810	9092	9208	11025	7172	6778	8820
AT2G33585	189	153	154	154	126	99
AT2G07662	0	0	0	0	0	0
AT2G07795	0	0	0	0	0	0
AT2G41900	1358	1439	1603	1843	2701	1731
AT2G32130	239	289	374	135	111	343
AT2G07625	0	0	0	0	0	0
AT2G38540	302	188	206	62	77	62
AT2G44270	634	618	601	667	730	584
AT2G41451	1	1	1	3	1	0
AT2G27140	535	754	845	700	761	745
AT2G07200	0	0	0	0	0	0
AT2G32645	0	0	0	0	2	0
AT2G23390	180	224	160	208	276	204
AT2G22090	273	309	322	288	363	319
AT2G14960	313	263	332	260	257	256
AT2G13150	0	0	0	0	0	0
AT2G01260	309	259	260	350	407	349
AT2G36070	1097	831	798	986	1158	930
AT2G12940	0	0	0	0	0	0
AT2G38420	117	85	74	92	130	93
AT2G01860	39	60	34	49	105	65
AT2G18660	9	3	3	2	9	4
AT2G31305	136	145	123	106	146	112
AT2G21870	9856	8052	7984	8415	9281	7674
AT2G32235	93	67	62	52	57	84
AT2G05430	0	0	0	0	0	0
AT2G24560	2	7	4	2	5	2
AT2G32980	598	489	512	479	611	517
AT2G37290	93	85	95	59	58	83
AT2G44700	18	13	24	28	23	16
AT2G18220	1010	762	690	950	1078	990
AT2G13450	0	0	0	0	0	0
AT2G02560	1583	1932	1717	1909	2266	1746
AT2G32810	1383	1407	1293	1208	1475	1083
AT2G37590	65	83	65	104	155	80
AT2G41610	26	27	14	24	32	13
AT2G35900	531	420	463	377	413	355
AT2G22910	760	1052	1148	693	679	690
AT2G34280	0	0	0	0	0	0
AT2G26180	236	289	207	311	404	231
AT2G20562	418	379	442	246	206	340
AT2G45010	1022	757	785	705	762	714
AT2G02100	3490	6063	4382	2909	3427	1980
AT2G47245	3	2	1	1	2	0
AT2G03330	41	34	24	38	56	38
AT2G29190	1040	934	845	1079	1400	1135
AT2G41000	46	47	54	46	60	41
AT2G32620	41	71	80	76	109	97
AT2G38300	118	93	113	118	105	110
AT2G38070	69	82	56	110	198	80
AT2G24430	243	348	417	186	204	204
AT2G23320	1667	1964	2521	1644	1646	2351
AT2G26490	0	0	0	0	0	0
AT2G42170	3	6	6	15	22	11
AT2G23550	30	20	15	19	9	30
AT2G07280	0	0	0	0	0	0
AT2G21480	1	0	0	0	0	0
AT2G15050	14	12	15	17	30	6
AT2G02400	121	185	183	140	178	144
AT2G33820	165	184	152	182	194	221
AT2G41150	385	248	241	302	351	347
AT2G24310	13	17	14	12	18	12
AT2G25980	2805	1724	1658	3069	3382	3819
AT2G06500	0	0	0	0	0	0
AT2G02040	1029	1183	1143	941	1348	1188
AT2G31840	77	136	97	134	171	105
AT2G20950	580	784	791	721	822	684
AT2G45620	1560	1557	1645	1918	2221	1923
AT2G20230	1420	1396	1215	1576	1922	1696
AT2G17840	27849	42154	42419	19005	12647	26359
AT2G07646	0	0	0	0	0	0
AT2G01650	621	626	573	673	790	636
AT2G43590	637	616	390	787	730	1061
AT2G21520	3121	3037	3143	3064	3434	3109
AT2G35075	0	0	0	1	1	0
AT2G25630	0	0	0	0	0	0
AT2G35480	113	80	71	92	118	97
AT2G17600	10	10	10	5	6	10
AT2G29300	0	0	0	1	0	0
AT2G37550	3450	3900	3820	3376	3437	3146
AT2G20380	0	2	1	0	0	0
AT2G22960	0	0	0	0	0	0
AT2G19580	394	365	402	399	466	359
AT2G19820	0	0	0	0	0	0
AT2G45695	227	184	163	199	241	209
AT2G33130	4	2	1	2	4	4
AT2G27920	370	428	478	278	349	292
AT2G15280	230	245	213	221	245	175
AT2G31920	184	269	147	155	218	78
AT2G39100	163	136	148	125	188	156
AT2G36540	0	3	0	0	3	1
AT2G40210	0	0	0	0	0	0
AT2G42780	958	930	944	880	889	917
AT2G35155	208	260	260	323	469	221
AT2G01640	360	261	285	291	361	269
AT2G18910	404	425	376	359	448	354
AT2G02300	13	5	7	8	5	6
AT2G35635	2374	2014	2153	1914	2159	1737
AT2G28405	0	0	0	0	0	0
AT2G37195	63	43	61	66	70	62
AT2G42010	1852	2063	2050	1390	1449	1525
AT2G38860	939	1138	1035	1151	1506	1457
AT2G37230	971	820	728	1010	1190	888
AT2G26990	1433	1206	1178	1371	1590	1309
AT2G19440	52	40	34	60	91	20
AT2G07623	0	0	0	0	0	0
AT2G02820	1583	1268	1887	1031	1134	1374
AT2G38380	3068	3807	2176	5808	7109	3498
AT2G38940	201	177	141	140	208	262
AT2G19330	0	1	0	0	2	1
AT2G18950	91	82	86	101	126	69
AT2G40160	141	153	196	157	171	156
AT2G22470	12373	12003	13596	5714	3705	6373
AT2G01940	34	8	9	46	48	37
AT2G41810	285	189	87	534	449	532
AT2G43400	538	561	538	630	692	647
AT2G33540	701	875	903	1044	1139	980
AT2G28355	0	0	0	0	0	0
AT2G24960	236	213	168	253	300	222
AT2G25610	545	512	484	400	506	373
AT2G32210	1506	1371	1831	840	652	1143
AT2G17320	497	467	412	405	460	411
AT2G39415	2	0	2	1	2	0
AT2G15300	154	107	118	96	94	120
AT2G21237	1	3	2	1	3	3
AT2G25130	64	22	33	44	30	24
AT2G36325	1	0	0	0	0	1
AT2G22680	530	672	626	864	1250	729
AT2G40330	192	172	162	109	105	127
AT2G02540	6	19	8	7	9	13
AT2G03720	66	57	49	61	82	98
AT2G48100	1206	886	974	1264	1343	1109
AT2G38480	98	149	160	99	110	102
AT2G33435	976	990	1111	1071	1262	1131
AT2G02450	0	2	0	5	1	0
AT2G02440	0	0	0	0	0	0
AT2G02148	145	148	132	160	194	122
AT2G20835	13	26	14	8	12	13
AT2G27430	129	61	77	102	161	76
AT2G01330	168	178	166	172	240	146
AT2G32360	0	0	0	0	0	0
AT2G20350	165	283	367	244	143	188
AT2G35555	1	0	0	0	0	0
AT2G26530	6088	8256	9238	6388	5404	8870
AT2G41860	0	0	0	0	0	0
AT2G39760	729	696	619	697	811	665
AT2G42980	22	19	21	26	46	40
AT2G27145	0	0	0	0	0	0
AT2G29900	147	124	119	126	167	152
AT2G21220	0	0	0	0	0	0
AT2G32290	0	0	0	1	0	0
AT2G40116	2	1	0	3	0	0
AT2G03550	0	0	0	0	1	1
AT2G39850	12	40	15	3	14	1
AT2G17750	0	0	0	0	0	0
AT2G30470	757	681	694	760	840	752
AT2G18900	742	628	549	801	883	752
AT2G01554	2	1	2	2	5	0
AT2G26320	0	0	0	0	0	0
AT2G44110	91	83	82	72	98	113
AT2G06200	52	18	18	39	39	37
AT2G07641	0	0	0	0	0	0
AT2G42750	167	182	139	185	252	175
AT2G05050	0	0	0	0	0	0
AT2G20750	94	74	102	113	165	100
AT2G33270	0	0	1	0	0	0
AT2G39445	105	85	75	95	117	61
AT2G12462	127	117	133	271	458	135
AT2G28760	1306	1766	1477	1346	1775	1250
AT2G02520	0	0	0	0	0	0
AT2G36400	710	470	463	541	584	636
AT2G24880	0	0	0	0	0	1
AT2G02060	35	45	33	75	95	27
AT2G30130	399	326	324	202	208	247
AT2G24980	120	160	137	125	130	193
AT2G24630	187	206	200	279	344	224
AT2G27200	314	295	309	293	407	273
AT2G02710	761	631	343	955	1389	857
AT2G14270	0	0	0	0	0	0
AT2G46200	407	384	372	440	501	410
AT2G40290	2376	2054	1987	2253	2569	2054
AT2G04660	275	297	270	313	407	302
AT2G16575	5	3	2	1	3	3
AT2G22410	49	47	33	66	59	38
AT2G14390	0	0	0	0	0	0
AT2G32680	1	0	0	0	0	1
AT2G19890	3	3	6	5	2	0
AT2G45400	1789	1568	2407	1073	1041	1532
AT2G26480	185	241	339	153	168	300
AT2G19800	1508	1907	704	1312	1182	1485
AT2G47960	2162	2247	2066	1928	2055	1783
AT2G02580	4	11	9	12	18	13
AT2G25820	0	0	1	0	0	0
AT2G21465	0	0	0	0	1	0
AT2G28740	1317	870	906	926	1231	815
AT2G03980	94	202	204	98	70	75
AT2G36890	347	337	343	251	385	283
AT2G33740	451	328	328	370	418	368
AT2G32540	0	0	0	0	1	0
AT2G46720	9	10	5	10	6	6
AT2G28970	86	116	71	202	230	231
AT2G45830	537	573	595	487	575	542
AT2G03250	0	2	2	0	1	0
AT2G39390	4192	2412	2398	2905	3279	2755
AT2G01023	0	0	0	0	0	0
AT2G04410	1308	1167	1190	1030	1344	1077
AT2G23900	0	0	0	0	0	0
AT2G02120	1144	796	466	988	1262	426
AT2G32000	542	526	516	556	673	632
AT2G47220	100	119	123	100	135	102
AT2G30920	231	233	201	236	311	197
AT2G20080	190	110	169	196	240	203
AT2G16225	0	0	0	0	0	0
AT2G39130	917	946	1007	568	582	479
AT2G45060	614	473	481	513	564	495
AT2G30940	4	0	2	1	3	1
AT2G41705	184	134	137	137	223	182
AT2G41440	339	271	301	379	449	333
AT2G34290	0	0	0	0	0	1
AT2G35420	0	2	0	0	2	0
AT2G29720	346	485	515	276	279	347
AT2G28260	164	196	175	179	235	176
AT2G03340	300	294	294	442	688	367
AT2G41840	19201	13335	12798	17089	18244	16424
AT2G19640	249	178	159	202	232	176
AT2G01340	465	714	628	373	452	490
AT2G44993	1	0	0	0	0	0
AT2G30770	5	8	1	0	0	3
AT2G07741	0	0	0	0	0	0
AT2G38090	175	121	117	190	206	153
AT2G01950	1177	1535	1464	2779	4430	2269
AT2G26050	1	0	0	0	0	0
AT2G17150	460	477	510	593	949	493
AT2G42760	6342	8178	10457	6849	6602	6511
AT2G44560	0	0	0	0	0	0
AT2G36190	0	0	0	0	0	0
AT2G03630	0	0	0	0	0	0
AT2G13560	3908	4637	4653	4292	5113	4175
AT2G25940	93	221	148	86	144	120
AT2G06667	0	0	0	0	0	0
AT2G15230	280	325	275	298	387	307
AT2G15110	0	0	0	0	0	0
AT2G16586	4	0	0	0	0	0
AT2G37140	0	0	0	0	0	0
AT2G41040	76	93	85	67	100	59
AT2G31910	15	17	19	13	12	16
AT2G34610	161	117	222	37	46	20
AT2G33205	162	218	288	60	67	77
AT2G46640	3	2	7	1	0	0
AT2G27670	0	0	0	0	0	1
AT2G41945	324	260	252	280	282	263
AT2G13555	56	54	35	73	161	59
AT2G30710	853	927	920	815	1076	824
AT2G39530	253	229	194	398	518	622
AT2G19420	0	0	0	0	0	0
AT2G12475	0	0	0	0	0	0
AT2G29060	548	455	378	462	707	494
AT2G25160	1260	809	1037	507	631	575
AT2G32630	35	29	24	34	49	26
AT2G03821	8	2	0	1	2	2
AT2G24550	2244	2284	1881	2653	4028	2724
AT2G47260	415	395	491	496	787	414
AT2G24170	771	791	839	687	853	698
AT2G41410	2184	2384	2349	1932	2131	1772
AT2G41700	1300	1437	1416	1183	1527	1450
AT2G17590	8	7	7	10	14	20
AT2G31110	198	239	245	157	215	174
AT2G32250	423	516	488	443	576	491
AT2G34925	20	22	17	17	38	8
AT2G20590	237	223	210	220	295	180
AT2G26590	1219	1034	1002	1008	1128	1023
AT2G19880	1044	1302	1131	870	957	778
AT2G07340	848	569	548	684	790	579
AT2G38195	0	0	0	0	0	0
AT2G43060	288	258	328	188	163	136
AT2G16430	392	246	276	273	389	265
AT2G44660	185	166	122	184	226	170
AT2G37430	1300	1744	2058	741	693	1384
AT2G34580	4	11	13	9	10	13
AT2G23400	8	10	3	10	19	13
AT2G47770	385	93	183	16	38	14
AT2G07050	2906	3001	2899	3170	3490	2937
AT2G14095	42	113	92	68	102	113
AT2G44510	161	111	94	132	146	130
AT2G02340	34	23	23	28	25	54
AT2G23270	79	79	60	65	51	169
AT2G24300	1272	910	991	1183	1265	1287
AT2G43080	872	753	797	635	750	578
AT2G32890	0	0	0	0	1	0
AT2G07634	0	0	0	0	0	0
AT2G25640	399	317	301	419	519	392
AT2G15042	0	1	1	2	7	4
AT2G34880	3	10	6	8	12	3
AT2G24615	0	0	0	0	0	0
AT2G22480	1297	1414	1340	1537	1760	1458
AT2G02650	0	0	0	0	0	1
AT2G38530	2547	1122	1358	488	425	626
AT2G31560	44	73	62	28	47	30
AT2G37130	5777	3596	2723	6119	7131	7007
AT2G10931	64	75	53	86	139	88
AT2G17310	0	0	0	3	1	1
AT2G01140	9525	8865	8838	9248	10636	8497
AT2G43360	1010	939	819	1035	1244	903
AT2G46230	1085	893	824	994	1123	987
AT2G23700	329	403	377	630	1159	519
AT2G04115	0	0	0	0	0	0
AT2G40910	4	1	3	6	9	2
AT2G42650	218	145	121	175	194	128
AT2G44520	728	661	689	621	679	581
AT2G46070	34	40	38	44	43	47
AT2G16740	1011	1361	1079	1925	2449	1724
AT2G30010	462	883	669	519	600	384
AT2G37585	322	346	318	355	409	313
AT2G14460	241	137	162	181	227	144
AT2G32470	1	8	5	11	1	19
AT2G40580	0	0	0	0	0	0
AT2G31810	2113	2216	1608	2657	2915	2727
AT2G17960	0	0	0	0	0	0
AT2G39460	12123	8630	7970	10358	11781	9285
AT2G24400	50	40	14	90	83	90
AT2G29070	374	338	423	275	312	345
AT2G23520	362	396	369	437	547	435
AT2G45350	1	8	1	5	3	2
AT2G27285	722	511	568	518	606	541
AT2G03750	0	0	0	0	2	0
AT2G36480	678	686	654	676	853	698
AT2G25590	413	484	473	437	558	522
AT2G40420	131	201	160	154	202	165
AT2G32650	31	31	25	26	67	25
AT2G28470	1598	2176	2187	998	1183	1287
AT2G14695	0	0	0	0	0	0
AT2G01690	1197	1239	1156	1188	1422	1113
AT2G33040	6572	6025	5721	5983	6917	5422
AT2G25950	756	797	767	634	719	521
AT2G43150	36852	34352	37072	23184	30517	32881
AT2G25910	2088	1793	1742	1840	1988	1661
AT2G32720	1163	1152	1341	1074	1279	961
AT2G39950	708	649	586	718	916	740
AT2G46710	712	1033	930	1065	1362	662
AT2G22360	227	195	211	179	221	160
AT2G07713	0	0	0	0	0	0
AT2G01280	1	0	0	4	0	0
AT2G14670	1	0	1	0	0	0
AT2G06040	186	175	178	245	297	288
AT2G34200	113	88	80	69	141	66
AT2G22810	4	17	13	4	1	0
AT2G46820	205	202	139	234	340	188
AT2G25350	302	227	220	274	311	249
AT2G20280	1685	1249	1214	1340	1433	1287
AT2G46360	0	1	0	0	0	0
AT2G23420	522	594	564	487	575	619
AT2G18410	300	215	226	294	280	219
AT2G17380	1149	879	911	932	1064	937
AT2G29050	306	274	238	374	385	245
AT2G19500	0	0	0	0	1	0
AT2G01220	1071	900	950	881	1000	782
AT2G02020	260	260	273	313	425	301
AT2G36030	0	0	0	1	1	0
AT2G37760	787	614	628	480	558	423
AT2G47420	1029	971	1013	1116	1210	1101
AT2G30105	653	583	534	561	687	511
AT2G26080	6703	6724	5927	7031	7936	6024
AT2G31432	0	0	0	0	0	0
AT2G41515	12	2	6	5	3	4
AT2G04480	9	1	2	7	7	6
AT2G25605	97	70	72	69	68	63
AT2G01275	80	113	112	73	108	120
AT2G46220	227	136	117	285	304	258
AT2G17705	499	561	596	395	368	564
AT2G44610	2684	2412	2380	2313	2635	2328
AT2G23470	66	64	56	69	83	52
AT2G02635	0	0	0	0	0	0
AT2G04038	7	5	13	5	7	2
AT2G42570	3106	2557	2270	2419	2850	2327
AT2G39380	18	21	17	107	163	68
AT2G14860	91	79	67	85	93	80
AT2G19700	4	1	1	4	1	0
AT2G37740	53	21	51	29	43	25
AT2G18590	2	0	0	0	2	0
AT2G23010	2	2	4	3	0	2
AT2G28850	0	0	0	28	67	24
AT2G48010	2119	3045	2869	2669	2501	2516
AT2G17060	31	51	74	73	83	103
AT2G44850	116	109	105	62	87	55
AT2G19000	0	0	0	0	0	0
AT2G30230	78	41	41	28	45	41
AT2G39020	738	686	593	734	822	606
AT2G21840	299	383	337	365	434	421
AT2G19810	147	172	129	210	409	191
AT2G32670	22	49	36	35	43	16
AT2G36810	1241	1208	1277	1145	1333	1158
AT2G43500	445	458	951	186	222	250
AT2G39660	678	877	895	623	747	753
AT2G26870	27	23	24	19	22	37
AT2G31945	84	119	98	65	63	84
AT2G02280	0	0	0	0	0	0
AT2G35890	9	14	26	13	17	24
AT2G22930	484	470	534	352	371	276
AT2G13760	0	0	0	0	0	0
AT2G28315	534	665	703	416	491	327
AT2G41870	229	225	275	146	134	141
AT2G18876	240	232	227	267	297	265
AT2G30060	2408	2116	2135	2004	2106	1793
AT2G10556	0	0	0	0	0	0
AT2G24950	0	0	0	0	0	0
AT2G01080	476	502	522	423	477	364
AT2G37180	694	536	226	959	1321	649
AT2G42030	862	764	709	677	884	720
AT2G15029	0	0	0	0	0	0
AT2G38840	611	583	626	645	741	600
AT2G27720	6136	4664	4088	5541	6168	5242
AT2G35140	92	108	133	129	179	107
AT2G34710	2016	2777	2695	2772	3444	2617
AT2G39980	682	584	678	192	220	263
AT2G43580	5	2	0	0	0	0
AT2G37090	423	571	500	372	495	271
AT2G26865	0	0	0	0	0	0
AT2G31040	224	258	266	253	299	222
AT2G40650	1023	769	741	898	1002	956
AT2G35612	5	2	5	12	8	7
AT2G35470	541	661	536	580	847	360
AT2G06005	142	118	117	127	123	101
AT2G28590	126	194	186	142	257	189
AT2G37000	2	4	2	3	5	1
AT2G15000	466	381	338	485	520	412
AT2G42290	102	82	82	149	255	145
AT2G14835	1140	980	976	1055	1097	1012
AT2G14765	0	0	0	0	0	0
AT2G25680	156	78	81	229	350	205
AT2G40480	816	1458	1083	1395	1831	681
AT2G23840	9	3	2	12	25	4
AT2G17030	172	162	159	162	186	180
AT2G39518	73	81	54	102	127	108
AT2G18960	14735	16948	20105	12998	16001	14046
AT2G44590	3	0	5	0	2	5
AT2G47610	15419	10255	9740	12946	14335	11869
AT2G24520	324	240	286	232	346	251
AT2G27840	1236	704	672	954	1045	809
AT2G36870	140	228	122	354	453	70
AT2G02730	367	346	391	309	384	343
AT2G19340	193	214	181	202	236	184
AT2G13105	0	0	0	0	0	0
AT2G29490	1528	1656	2013	1104	1253	1107
AT2G48130	1133	1105	1388	530	695	708
AT2G23230	0	1	0	0	0	0
AT2G26210	758	628	657	643	735	661
AT2G23050	215	110	80	232	230	218
AT2G40850	6	5	8	4	6	11
AT2G33370	4350	2656	2684	3480	3684	3371
AT2G42920	205	199	177	217	253	242
AT2G19360	0	0	0	0	0	0
AT2G35340	305	414	375	431	555	341
AT2G20870	0	0	0	0	0	1
AT2G13810	26	28	5	40	51	20
AT2G33190	0	0	0	0	0	0
AT2G13370	1920	2132	2156	2144	2447	2455
AT2G47160	539	466	445	1109	1709	795
AT2G17905	0	0	0	0	0	0
AT2G42840	875	732	646	995	839	752
AT2G46240	542	732	543	515	556	402
AT2G34540	29	43	47	68	60	49
AT2G47410	1587	1680	1661	1480	1561	1441
AT2G45190	0	0	0	0	0	0
AT2G46880	0	0	0	2	0	0
AT2G05830	1138	1117	1062	1107	1308	1180
AT2G27470	316	255	263	321	371	265
AT2G43070	997	913	838	958	1053	900
AT2G46375	0	0	1	0	0	0
AT2G47550	1331	1923	1620	1917	1585	2375
AT2G05635	1	2	1	15	8	3
AT2G31450	207	190	193	190	263	186
AT2G37540	150	180	202	101	167	159
AT2G30430	0	0	0	0	0	0
AT2G42880	3739	4766	3606	3101	3128	2386
AT2G43530	217	504	322	218	164	114
AT2G34360	9	18	14	7	12	8
AT2G02880	115	81	77	103	119	107
AT2G03010	55	45	33	45	59	46
AT2G18850	237	225	192	236	283	197
AT2G32310	0	1	0	1	0	0
AT2G17390	3332	3008	2965	2939	3325	3051
AT2G03680	3656	3657	3234	3253	3739	2719
AT2G48110	718	645	605	665	725	656
AT2G07190	0	0	0	0	0	0
AT2G20585	276	183	178	225	203	232
AT2G42580	1367	1482	1081	1200	1626	998
AT2G18390	611	513	422	540	659	483
AT2G37750	276	245	229	390	412	414
AT2G23220	0	0	0	0	0	0
AT2G35190	1002	828	827	935	977	755
AT2G47830	378	372	315	332	442	327
AT2G41100	11388	14105	12442	13309	9544	17660
AT2G41200	170	248	285	198	239	235
AT2G31750	327	266	215	347	451	333
AT2G14775	17	15	22	28	28	8
AT2G05250	1	0	1	0	0	0
AT2G45040	13	11	18	20	38	18
AT2G01440	497	464	468	538	659	534
AT2G18010	0	0	0	0	1	0
AT2G07707	0	0	0	0	0	0
AT2G45270	129	136	110	154	136	128
AT2G02500	143	104	112	134	177	133
AT2G20720	30	77	59	47	77	46
AT2G40610	41	30	32	32	43	25
AT2G20050	704	722	694	854	952	672
AT2G34238	2	4	1	1	0	2
AT2G05720	0	1	0	0	0	0
AT2G17975	242	149	159	185	221	161
AT2G37870	3648	2557	1670	89	109	58
AT2G45380	1414	1306	1361	1089	1290	1110
AT2G20597	0	0	0	0	0	0
AT2G23560	410	418	391	232	252	302
AT2G38470	10067	13292	15824	11986	10021	18136
AT2G43240	394	460	419	333	376	258
AT2G37680	217	176	160	180	232	190
AT2G42190	489	386	317	410	386	376
AT2G01870	1	1	0	0	7	1
AT2G36460	1426	1359	1268	1033	1268	906
AT2G31180	23	28	23	27	88	27
AT2G02030	0	0	0	0	0	0
AT2G18860	420	488	354	236	381	202
AT2G16990	408	459	533	213	255	179
AT2G17660	2292	2598	2899	1469	994	2363
AT2G34380	162	168	147	131	187	114
AT2G01730	58	49	42	39	46	36
AT2G01035	0	0	0	0	0	0
AT2G36500	26	22	22	24	23	33
AT2G40590	1524	973	876	1137	1217	969
AT2G43420	495	612	520	650	787	518
AT2G03430	227	251	238	223	295	212
AT2G29980	3441	2501	2586	3448	4140	3096
AT2G10965	0	0	0	0	0	0
AT2G16630	110	79	66	49	39	29
AT2G45810	1340	1343	1173	1432	1725	1323
AT2G07658	0	1	1	1	0	0
AT2G20760	6063	5089	5185	4837	5305	4819
AT2G40570	111	101	87	132	151	151
AT2G42670	314	285	282	313	356	269
AT2G18480	35	33	16	62	54	10
AT2G43290	4074	4725	6013	3063	3400	3295
AT2G47330	657	706	574	664	892	637
AT2G38550	1318	1200	1091	1277	1452	1090
AT2G41690	35	59	109	43	43	53
AT2G05294	0	0	0	0	0	0
AT2G31035	0	0	0	0	0	0
AT2G17090	0	0	0	0	0	0
AT2G45440	851	684	629	731	885	708
AT2G27070	0	0	0	0	0	0
AT2G24650	365	273	277	419	459	359
AT2G39120	72	46	53	37	53	54
AT2G04780	3296	2997	2671	2829	3235	2489
AT2G07732	0	0	0	0	0	0
AT2G30270	213	226	220	202	209	183
AT2G34850	714	873	839	341	265	201
AT2G41505	34	15	23	14	12	10
AT2G48075	46	64	52	59	64	64
AT2G19670	492	323	308	476	497	400
AT2G05350	41	15	21	29	83	13
AT2G25660	801	973	1020	938	1170	1019
AT2G32690	13	8	8	10	9	7
AT2G10020	0	0	0	0	0	0
AT2G19680	758	590	525	630	720	521
AT2G37300	102	114	100	92	159	63
AT2G17340	863	802	801	760	845	643
AT2G23120	16216	16681	16494	7779	6500	9184
AT2G45250	366	262	277	334	371	261
AT2G14680	653	600	705	648	724	641
AT2G42230	869	908	824	888	1142	716
AT2G10450	0	3	3	1	0	1
AT2G28460	57	89	69	68	101	84
AT2G45320	141	126	103	118	174	149
AT2G28890	527	524	619	722	1074	553
AT2G16280	892	762	698	679	742	617
AT2G34470	2717	2157	2980	1696	1774	2169
AT2G41600	405	300	298	340	410	292
AT2G27020	3478	2817	2598	2968	3395	2776
AT2G42870	323	195	145	225	178	196
AT2G39470	10	9	3	10	5	3
AT2G41530	2191	1786	1629	1872	2266	1723
AT2G02765	185	133	157	166	211	167
AT2G01680	232	247	221	264	423	229
AT2G33845	611	584	531	594	727	529
AT2G19450	781	720	786	644	765	596
AT2G36210	7	9	4	12	26	12
AT2G30620	3003	2630	2628	2886	3588	3287
AT2G29740	384	428	371	203	297	293
AT2G36220	4078	5824	7371	4555	4355	5468
AT2G37710	440	722	1034	558	833	609
AT2G41560	999	900	869	1547	1787	1593
AT2G36120	14756	20176	15452	19545	24339	16934
AT2G13840	142	124	132	177	160	157
AT2G41910	0	0	0	0	0	0
AT2G18670	66	76	65	81	119	91
AT2G37150	343	324	318	301	372	336
AT2G01660	274	290	377	400	643	430
AT2G14760	8	14	14	9	13	10
AT2G24830	389	315	315	378	449	380
AT2G26720	0	0	0	0	0	0
AT2G31700	0	0	0	0	0	0
AT2G29370	0	0	0	0	0	0
AT2G44070	97	207	155	160	89	131
AT2G16780	896	763	881	1010	1148	985
AT2G26420	40	32	44	30	31	38
AT2G04170	1256	1014	1299	784	917	1111
AT2G31310	20	4	6	19	19	13
AT2G01510	56	56	49	71	83	57
AT2G18230	1551	1648	1972	822	898	781
AT2G41375	0	0	0	0	0	0
AT2G29530	1200	732	744	894	952	776
AT2G02910	195	160	168	200	263	114
AT2G32270	99	82	65	271	285	214
AT2G39630	563	545	508	507	669	501
AT2G21650	5	25	44	73	138	13
AT2G06090	0	0	0	0	0	0
AT2G01070	647	717	685	691	809	592
AT2G32940	134	196	139	176	171	79
AT2G47885	0	0	0	0	0	0
AT2G20070	0	0	0	0	0	0
AT2G38110	800	1158	1186	638	646	813
AT2G23142	0	0	0	0	0	0
AT2G15270	398	309	325	324	383	359
AT2G36295	12	10	6	14	14	5
AT2G07800	0	0	0	0	0	0
AT2G29654	0	0	0	0	0	0
AT2G13895	0	0	0	0	0	0
AT2G24535	10	5	10	10	5	10
AT2G29220	0	12	1	31	17	13
AT2G46970	8	15	15	22	54	15
AT2G34190	372	356	340	502	627	409
AT2G04450	55	38	28	76	45	37
AT2G17360	9120	6310	5905	7932	8774	7147
AT2G40955	0	0	0	0	0	0
AT2G22730	36	47	40	42	48	49
AT2G07655	0	0	0	0	0	0
AT2G32800	604	996	1196	823	742	784
AT2G34820	0	1	0	0	0	2
AT2G41090	32	22	37	32	30	31
AT2G04070	4	30	33	5	10	30
AT2G39260	1461	1409	1510	1496	1670	1506
AT2G13570	0	0	1	0	0	0
AT2G25295	0	0	0	0	0	0
AT2G45070	2382	1806	1761	1785	2006	1742
AT2G29550	6118	7234	5531	6560	7787	5300
AT2G03190	0	0	0	0	0	0
AT2G05530	13	7	0	22	17	22
AT2G26880	0	0	0	0	0	0
AT2G26450	0	8	1	6	5	0
AT2G13900	17	24	10	24	31	17
AT2G44450	3711	5924	4988	3204	2170	2505
AT2G42730	142	166	164	155	202	139
AT2G24440	271	166	183	202	254	185
AT2G37110	4758	4742	5044	4059	4156	4226
AT2G40690	87	62	77	92	108	81
AT2G03823	0	0	0	0	0	0
AT2G38180	382	252	458	205	209	248
AT2G42400	573	534	460	549	623	572
AT2G12900	0	0	0	0	0	0
AT2G31953	0	3	4	0	0	0
AT2G34890	0	2	1	0	0	0
AT2G41105	2	9	0	1	0	0
AT2G34230	9	9	3	7	6	9
AT2G45790	2376	1977	1976	2053	2311	1864
AT2G24500	1417	1082	1055	1169	1271	1208
AT2G30680	0	0	0	0	0	0
AT2G04680	28	28	40	21	43	35
AT2G21195	139	122	152	113	125	131
AT2G03380	25	30	30	41	72	32
AT2G18630	1218	1366	1497	1259	1268	1186
AT2G38340	29	20	22	9	6	12
AT2G16720	865	1589	1486	1094	1154	670
AT2G24780	0	0	0	0	0	0
AT2G18030	464	405	396	383	500	369
AT2G48160	1387	1552	1555	1701	1966	1562
AT2G38330	51	53	34	72	85	57
AT2G40460	437	678	512	456	494	423
AT2G20330	1004	878	862	891	1063	855
AT2G16016	0	0	0	0	0	0
AT2G31340	270	220	223	331	313	242
AT2G41020	338	306	303	297	382	301
AT2G32640	20	36	15	27	36	15
AT2G34317	3	1	0	46	55	21
AT2G37860	781	651	669	853	941	698
AT2G38185	65	59	76	68	73	57
AT2G27900	1442	1533	1487	1549	1839	1503
AT2G34240	27	15	15	22	25	18
AT2G40880	115	114	122	63	87	103
AT2G34460	58	66	33	59	81	38
AT2G13770	0	0	0	0	0	0
AT2G14610	0	0	0	0	0	0
AT2G01410	231	237	210	221	326	183
AT2G20142	580	524	452	423	435	841
AT2G30090	2	0	1	0	0	0
AT2G03470	791	758	655	703	759	743
AT2G36090	241	148	145	27	62	33
AT2G12205	0	0	0	0	0	0
AT2G14710	0	0	0	0	0	0
AT2G17220	2399	3256	4078	1798	1351	2363
AT2G29120	24	26	26	7	17	21
AT2G22510	2835	3685	4035	1340	1721	1940
AT2G11462	0	0	0	0	0	0
AT2G43730	0	0	0	0	0	0
AT2G19090	262	242	199	319	443	329
AT2G01430	113	112	202	96	91	97
AT2G28900	849	1144	967	602	837	506
AT2G03460	10	4	8	5	3	5
AT2G38280	2553	2315	2473	1735	1997	1833
AT2G46170	1045	899	939	816	1050	800
AT2G42910	1926	1454	1319	1608	1873	1484
AT2G33870	0	0	0	0	0	0
AT2G45430	876	602	620	853	1032	1045
AT2G38730	333	326	302	297	378	275
AT2G36670	555	535	592	392	463	411
AT2G05230	0	1	0	1	0	1
AT2G15185	0	0	0	0	0	0
AT2G45940	57	101	87	79	39	72
AT2G21185	16	14	18	23	36	25
AT2G27315	0	0	0	0	0	0
AT2G16300	0	0	0	0	0	0
AT2G43130	581	508	553	454	456	437
AT2G29525	151	125	146	128	155	101
AT2G18550	20	24	5	37	40	17
AT2G30490	13803	19052	17894	12262	14545	14396
AT2G11620	48	11	23	77	94	28
AT2G24230	124	98	69	188	289	115
AT2G22970	1820	1658	1868	845	937	885
AT2G16570	474	395	354	411	478	418
AT2G46160	65	63	79	53	67	63
AT2G46915	300	271	282	251	330	259
AT2G02770	0	0	0	0	0	0
AT2G18380	36	51	35	60	92	38
AT2G23000	17	24	8	7	56	1
AT2G29140	1745	1516	1623	1543	1925	1547
AT2G14045	475	416	378	324	368	324
AT2G28000	2733	1956	1792	2712	3135	2515
AT2G22230	546	408	365	480	567	339
AT2G29210	1758	1528	1330	1867	2299	1680
AT2G25060	920	968	689	1037	1224	717
AT2G17270	135	99	133	118	130	124
AT2G01790	0	0	0	0	0	0
AT2G18570	480	518	461	666	1180	477
AT2G47180	642	1212	1720	1472	1843	988
AT2G04063	0	0	0	0	0	0
AT2G16700	697	851	697	591	830	403
AT2G21385	219	211	230	238	275	183
AT2G45720	457	511	615	462	588	442
AT2G39410	181	185	160	274	418	382
AT2G39900	1777	2137	1721	1532	1947	1432
AT2G47700	769	628	593	778	921	772
AT2G13965	0	3	0	0	0	0
AT2G24250	34	32	30	36	60	37
AT2G04795	367	368	343	167	176	148
AT2G39250	2	3	0	2	6	6
AT2G41473	1	0	0	2	0	3
AT2G30575	321	380	378	323	335	255
AT2G40640	359	367	338	486	694	498
AT2G44065	1131	768	759	826	839	741
AT2G34357	1643	1525	1374	1965	2056	1698
AT2G46210	60	50	32	69	86	44
AT2G28600	594	552	507	690	775	616
AT2G27610	38	41	23	38	49	30
AT2G16200	0	0	0	0	0	0
AT2G31650	327	291	277	389	411	331
AT2G41080	131	124	128	152	222	116
AT2G42330	519	665	598	553	593	565
AT2G18460	0	0	2	3	0	1
AT2G13600	57	47	51	77	57	56
AT2G03260	29	28	40	71	84	87
AT2G16530	630	580	605	589	798	715
AT2G42270	1109	1272	1270	1093	1350	1068
AT2G26010	0	0	0	0	0	0
AT2G37600	1216	785	709	1058	1183	981
AT2G07290	0	0	0	0	0	0
AT2G28640	0	0	0	0	0	0
AT2G43450	0	0	2	0	0	0
AT2G32340	98	117	116	124	123	118
AT2G41340	3	0	0	1	1	1
AT2G24255	0	0	0	0	0	0
AT2G25840	338	302	277	357	357	303
AT2G25240	27	38	28	30	38	82
AT2G34224	0	0	1	8	1	1
AT2G32880	0	0	0	0	0	0
AT2G47640	1145	841	821	983	1157	883
AT2G31335	0	1	3	0	0	1
AT2G06983	0	0	0	0	0	0
AT2G07110	0	0	0	0	0	0
AT2G34930	10437	11234	13392	5375	4647	8737
AT2G40960	121	117	85	144	170	119
AT2G26540	139	119	101	109	144	87
AT2G22190	983	1258	1694	1517	2144	1803
AT2G07727	0	1	0	0	0	0
AT2G36310	1316	1266	1167	1152	1321	1256
AT2G03280	152	114	137	160	204	149
AT2G41445	3	3	3	1	4	1
AT2G45410	2	2	1	3	3	2
AT2G20190	2035	2539	2272	2633	3169	2404
AT2G29250	0	1	0	4	2	1
AT2G37920	59	48	20	50	63	24
AT2G46460	0	0	0	0	0	0
AT2G19146	0	0	0	0	0	1
AT2G31960	3785	4617	4955	3458	3950	3449
AT2G07691	0	0	0	0	0	0
AT2G32140	3536	3882	5025	2097	1254	2615
AT2G40730	1617	1637	1703	1592	1787	1547
AT2G29380	234	68	125	10	24	16
AT2G37420	468	697	542	692	827	559
AT2G25340	9	1	5	0	0	2
AT2G22805	0	0	0	0	0	0
AT2G46100	399	436	542	354	418	310
AT2G06530	5040	4715	5247	3769	3561	4120
AT2G20150	28	16	21	40	53	101
AT2G20800	3	6	3	6	2	6
AT2G07787	0	0	2	1	0	0
AT2G45510	1137	990	1095	1018	1095	1136
AT2G40790	6	3	7	8	7	4
AT2G02023	0	0	0	0	0	0
AT2G05645	0	0	0	0	0	0
AT2G20020	187	145	136	195	252	138
AT2G03913	0	0	0	0	0	0
AT2G38160	162	148	127	185	207	141
AT2G28910	5827	5529	5552	5299	6465	5354
AT2G26500	66	31	7	16	74	11
AT2G06095	0	0	0	0	0	0
AT2G12405	0	0	0	0	0	0
AT2G46870	14	21	24	7	19	14
AT2G42150	11	11	11	9	10	8
AT2G29130	1257	1640	1407	961	1280	1144
AT2G28540	490	509	530	650	812	643
AT2G26460	530	494	509	540	644	483
AT2G01818	79	92	76	137	147	92
AT2G25700	0	0	0	0	0	0
AT2G15360	0	0	0	0	0	0
AT2G37460	1109	1739	1905	1041	2096	1377
AT2G20290	368	382	463	472	574	482
AT2G41260	0	0	0	0	0	0
AT2G15327	1	0	0	1	0	1
AT2G16490	0	0	0	0	0	0
AT2G25185	0	0	0	0	0	0
AT2G30630	2	2	4	7	7	9
AT2G38400	3620	2949	3169	1707	2401	2899
AT2G30250	463	575	489	421	447	658
AT2G04570	1	1	0	0	1	0
AT2G45970	271	296	263	168	297	226
AT2G27110	391	454	443	515	648	496
AT2G38920	21	14	26	1	5	5
AT2G44260	186	687	578	305	486	591
AT2G47350	410	371	311	311	427	299
AT2G24720	6	33	16	123	176	77
AT2G15320	515	860	693	425	713	393
AT2G16019	0	0	0	0	0	0
AT2G15460	0	0	0	0	0	0
AT2G21770	17	40	24	22	36	17
AT2G25290	262	319	355	273	386	254
AT2G46920	864	930	961	1063	1323	881
AT2G15325	0	0	0	0	0	0
AT2G34020	930	574	561	687	710	800
AT2G25900	1148	902	489	1977	2922	1573
AT2G24620	0	0	0	0	0	0
AT2G42720	36	30	43	30	30	23
AT2G22940	0	0	0	0	0	0
AT2G33800	474	376	341	526	682	547
AT2G24610	1029	928	910	921	865	1227
AT2G23530	252	267	198	314	430	275
AT2G46300	5	6	4	5	8	4
AT2G31350	1162	1295	1376	874	1083	1034
AT2G25810	896	578	652	614	653	714
AT2G03600	15	12	11	31	37	32
AT2G33300	0	0	0	0	2	0
AT2G31400	1815	2105	2062	1992	2555	1984
AT2G29430	14	10	7	7	4	9
AT2G03160	1	0	0	0	0	0
AT2G22055	0	0	0	0	0	0
AT2G04270	86	85	74	106	130	79
AT2G23987	2	3	0	1	1	2
AT2G04060	0	0	0	0	0	0
AT2G20465	0	0	0	0	0	0
AT2G39830	211	237	245	274	274	258
AT2G14620	100	105	117	108	116	114
AT2G26350	226	230	201	220	254	200
AT2G11205	0	0	0	0	0	2
AT2G35950	18	7	20	6	5	14
AT2G31150	171	156	128	225	263	165
AT2G42455	0	0	0	0	0	0
AT2G30280	381	420	418	414	423	358
AT2G02498	0	0	0	0	0	0
AT2G33340	3773	3516	3454	4152	4800	4069
AT2G33790	2806	1187	766	3097	2824	2881
AT2G16600	18925	17590	14392	17375	21103	13355
AT2G31850	0	0	0	0	0	0
AT2G30930	5878	6411	6318	4118	3667	4868
AT2G45670	3104	3220	3531	2758	3017	3262
AT2G19160	508	480	544	507	637	531
AT2G19270	861	746	644	776	920	816
AT2G32885	0	0	0	0	0	0
AT2G36020	3	1	2	0	2	0
AT2G21590	128	102	90	65	71	51
AT2G42890	1379	1957	1877	1154	1315	1455
AT2G40310	0	0	0	0	0	0
AT2G20820	4597	3705	3660	3799	4055	3690
AT2G33980	105	101	142	109	130	106
AT2G25070	1263	1169	1037	1089	1388	1202
AT2G32840	162	149	147	174	217	161
AT2G02620	34	42	32	15	29	15
AT2G26515	31	26	29	22	27	30
AT2G23350	4761	3745	3263	4770	5446	4400
AT2G47870	7	5	5	0	0	0
AT2G23540	2102	2959	3801	1442	1710	1667
AT2G13620	0	0	0	0	0	0
AT2G43430	986	1006	1095	799	773	933
AT2G32090	434	447	452	290	351	309
AT2G01460	729	854	865	788	857	818
AT2G07675	9	2	4	2	1	3
AT2G46080	445	572	462	395	475	385
AT2G30720	809	1033	987	644	585	700
AT2G26840	85	70	57	88	113	79
AT2G27800	26	33	29	44	34	24
AT2G29310	0	2	3	4	14	2
AT2G27360	250	192	213	249	307	215
AT2G31900	1351	1499	1586	1625	1992	1798
AT2G30830	154	203	349	85	54	110
AT2G02840	0	0	0	0	0	0
AT2G12170	11	13	15	13	20	11
AT2G41997	0	0	0	0	0	0
AT2G40130	208	462	478	511	1465	285
AT2G24681	13	5	13	15	8	11
AT2G22122	554	196	39	2755	4062	2698
AT2G31890	102	117	119	145	190	137
AT2G27000	622	435	547	574	622	667
AT2G37270	4630	3237	2937	3952	4582	3555
AT2G05380	6	2	5	26	24	14
AT2G31345	100	84	124	28	41	108
AT2G45403	0	0	1	0	0	0
AT2G04880	776	832	775	762	1102	750
AT2G27650	7	3	0	4	10	1
AT2G42740	766	540	488	733	807	700
AT2G22770	970	1349	1383	1000	961	768
AT2G03420	5	7	6	7	14	5
AT2G01770	2	1	0	2	3	2
AT2G16390	194	213	195	274	397	244
AT2G12465	0	0	0	0	0	0
AT2G37470	1502	1148	1223	1181	1411	1141
AT2G11890	666	553	507	629	720	527
AT2G29590	147	112	139	127	164	103
AT2G21200	0	0	1	4	10	0
AT2G15880	586	338	247	558	639	766
AT2G36050	44	42	27	110	124	89
AT2G22420	197	223	187	265	429	166
AT2G37250	2368	1895	1855	1798	2022	1838
AT2G30432	0	0	0	0	0	0
AT2G15770	0	0	0	0	0	0
AT2G23740	731	744	703	822	954	823
AT2G44650	494	413	335	339	471	363
AT2G28860	78	50	42	38	41	67
AT2G23030	327	349	323	425	653	577
AT2G02000	29	23	21	39	56	27
AT2G43865	0	0	0	0	0	0
AT2G25620	620	482	469	394	454	351
AT2G31600	75	59	61	80	85	64
AT2G43870	30	20	18	13	18	26
AT2G45870	56	59	57	67	92	37
AT2G47150	0	0	5	3	0	2
AT2G41540	771	829	897	600	741	444
AT2G02780	682	443	460	470	513	499
AT2G38710	903	799	929	700	738	626
AT2G05540	42	33	8	15	15	30
AT2G43930	5	4	4	1	8	3
AT2G44430	654	639	674	629	602	536
AT2G32970	408	418	394	442	501	440
AT2G39480	1107	1385	1328	1281	1523	1352
AT2G34480	18645	11660	10966	16392	16639	13909
AT2G43780	544	360	343	386	450	296
AT2G04800	1249	1281	1253	1123	1282	1197
AT2G21250	1803	1628	1373	1591	1782	1130
AT2G37200	244	299	314	321	332	194
AT2G04240	141	71	66	130	233	120
AT2G28950	494	622	569	1034	1368	414
AT2G18100	265	236	210	178	194	210
AT2G31730	179	228	150	232	275	135
AT2G30424	3	3	4	4	2	5
AT2G01600	1998	2091	2304	1880	2034	2016
AT2G25650	397	288	306	331	430	292
AT2G29995	102	109	109	129	161	195
AT2G29110	51	95	76	48	39	86
AT2G15890	942	765	506	1160	2036	1212
AT2G31940	44	28	30	25	33	27
AT2G28870	54	33	34	87	142	25
AT2G43386	0	0	0	0	0	0
AT2G20990	5055	4727	4872	4250	5373	4221
AT2G45560	17	22	35	16	19	17
AT2G23830	2	1	1	1	4	6
AT2G21820	141	55	72	20	14	22
AT2G42610	908	2246	1094	2065	3240	407
AT2G37925	54	35	30	50	81	46
AT2G05185	7	4	4	16	15	9
AT2G07626	0	0	0	0	0	0
AT2G27507	0	1	0	1	0	1
AT2G45260	374	428	379	346	442	385
AT2G45420	19	25	30	19	29	11
AT2G36815	0	0	0	1	3	0
AT2G38640	335	326	353	270	405	293
AT2G27050	823	882	894	872	1124	922
AT2G47460	13	6	13	14	5	18
AT2G21990	0	0	0	0	0	0
AT2G15170	0	0	0	0	0	0
AT2G22340	0	0	3	1	6	0
AT2G14060	0	0	0	0	0	0
AT2G36910	3724	3962	4463	4227	5347	4029
AT2G07654	0	0	0	0	0	0
AT2G31030	0	1	0	0	0	0
AT2G27350	1144	1020	1062	1078	1247	960
AT2G26975	4	1	2	2	4	1
AT2G15860	1048	1113	1083	1075	1322	1005
AT2G36570	2253	4707	3358	4829	7055	2153
AT2G42395	39	27	21	37	46	13
AT2G40120	314	553	510	499	642	394
AT2G28660	107	83	87	194	286	155
AT2G25490	6639	7016	7958	4868	5833	4782
AT2G20370	3052	3207	3425	1853	1649	1798
AT2G28170	0	0	0	0	0	0
AT2G20270	483	439	406	406	476	410
AT2G13350	1	0	0	0	0	0
AT2G43020	1081	922	747	722	1055	566
AT2G43970	10374	9507	9812	9468	11511	9232
AT2G30505	80	89	58	89	83	83
AT2G01270	1039	891	888	969	1114	913
AT2G35880	1834	1749	1601	1506	1526	1438
AT2G34750	1941	1757	1674	1996	2425	2087
AT2G22088	0	0	0	0	0	0
AT2G20805	0	0	0	0	0	0
AT2G44578	235	375	469	152	103	263
AT2G02800	2250	2538	2423	1782	2092	2138
AT2G20495	132	127	134	119	190	96
AT2G42070	234	212	218	285	352	257
AT2G41940	0	0	0	0	1	0
AT2G35050	3790	4880	5179	4095	4820	4077
AT2G21600	1076	920	893	895	1240	958
AT2G03440	634	685	897	781	910	711
AT2G40350	0	1	1	1	0	0
AT2G33840	1258	1090	1042	1164	1274	1164
AT2G33490	415	409	452	453	596	420
AT2G01930	260	288	216	408	685	333
AT2G14755	0	2	0	1	0	1
AT2G38255	5	4	7	3	3	0
AT2G03480	680	828	734	788	989	602
AT2G41510	44	101	96	180	338	97
AT2G25800	1683	1763	1430	1478	1660	1315
AT2G01100	1484	1061	968	1257	1522	1286
AT2G02470	458	423	414	449	545	423
AT2G34450	112	90	53	115	123	97
AT2G21680	0	0	0	0	0	0
AT2G05755	201	167	163	184	249	150
AT2G29660	283	298	390	531	934	485
AT2G22870	106	134	114	112	109	96
AT2G44250	4	7	2	4	7	8
AT2G33120	2120	2816	2727	1716	1824	2217
AT2G19780	217	385	228	141	224	98
AT2G10625	0	0	0	0	0	0
AT2G25690	387	407	404	369	402	302
AT2G30260	1023	867	823	989	1008	966
AT2G01505	65	33	28	79	98	85
AT2G41417	0	0	0	0	0	0
AT2G23080	450	471	434	403	515	380
AT2G28105	27	18	10	20	28	16
AT2G05710	9892	10581	10530	9808	11643	9700
AT2G35230	386	409	373	321	398	307
AT2G36170	4151	2945	2714	3564	3943	3264
AT2G25540	7	4	4	6	5	9
AT2G17720	2363	2022	2033	1918	2118	2087
AT2G40550	281	358	278	415	454	324
AT2G37780	0	0	0	1	2	1
AT2G17570	183	176	154	159	200	158
AT2G37990	1966	1415	1362	1819	1902	1636
AT2G30960	110	111	102	135	195	95
AT2G31250	35	31	16	38	35	33
AT2G38900	0	0	0	0	0	0
AT2G18830	1	0	0	0	0	0
AT2G16485	1295	1488	1453	1643	1923	1554
AT2G43520	9	19	12	11	12	8
AT2G47780	101	196	138	50	42	17
AT2G03000	0	0	0	0	0	0
AT2G27990	8	14	11	8	13	7
AT2G03200	920	1195	1045	683	773	751
AT2G35000	212	196	258	187	269	220
AT2G15310	274	310	326	117	100	159
AT2G13610	19	55	14	16	33	1
AT2G21655	0	0	0	0	0	0
AT2G16020	0	0	0	0	0	0
AT2G47200	127	210	227	125	175	79
AT2G25710	545	463	427	428	539	467
AT2G05580	579	1174	1362	409	173	432
AT2G18890	76	95	99	93	273	72
AT2G35710	4414	5833	6721	3208	2525	5003
AT2G46535	430	472	585	503	647	411
AT2G44000	20	33	26	18	30	31
AT2G28080	1188	1352	1230	1002	1245	1003
AT2G14520	197	171	199	138	202	122
AT2G43190	91	77	68	89	116	66
AT2G17120	1097	1106	1166	873	991	1125
AT2G25280	878	811	771	813	902	782
AT2G31010	1338	1748	1229	719	623	752
AT2G20490	1428	875	845	1088	1190	1089
AT2G40770	527	584	659	616	734	613
AT2G43280	175	171	161	176	176	139
AT2G35280	1	2	1	1	1	0
AT2G43480	117	71	49	108	126	80
AT2G44300	1338	1473	1346	740	982	713
AT2G23980	1458	1477	1424	1297	1485	1422
AT2G27450	994	940	1025	1036	1090	902
AT2G41430	23380	26185	25503	17869	17384	20918
AT2G25920	307	273	262	279	332	270
AT2G32580	1674	1686	1802	1153	1277	1147
AT2G31170	235	210	168	188	327	151
AT2G39510	1035	730	892	145	127	40
AT2G23570	0	0	0	0	0	0
AT2G27260	1188	1311	1235	953	1040	997
AT2G22465	0	1	1	2	5	2
AT2G47050	1	0	3	2	6	1
AT2G29880	0	0	0	0	1	0
AT2G23945	0	0	1	0	0	0
AT2G43630	493	386	365	371	483	389
AT2G21540	158	124	147	167	210	171
AT2G47140	390	358	442	333	441	415
AT2G07706	0	0	0	0	0	0
AT2G01760	60	66	34	78	132	43
AT2G18560	9	12	12	29	87	15
AT2G33360	199	272	222	225	405	177
AT2G11271	0	0	0	0	0	0
AT2G40050	2	4	2	7	4	6
AT2G43250	127	124	72	109	148	102
AT2G11810	17	45	53	25	33	49
AT2G23760	142	165	187	94	136	193
AT2G33050	67	131	103	157	213	141
AT2G24625	0	0	0	0	0	0
AT2G31720	0	0	0	0	0	0
AT2G19040	0	0	0	0	0	0
AT2G45840	0	0	0	0	0	0
AT2G26030	128	134	129	127	204	144
AT2G31540	46	48	53	33	46	30
AT2G27030	2966	2906	3152	2696	3134	2828
AT2G31660	1841	1884	1785	2024	2446	1904
AT2G45900	75	67	67	77	107	60
AT2G18920	0	0	0	0	1	0
AT2G36700	0	0	0	0	0	0
AT2G22290	12	15	7	8	13	9
AT2G48030	452	339	315	401	578	481
AT2G33855	21	13	14	25	32	16
AT2G42830	4	4	7	2	3	8
AT2G07775	1	0	0	0	0	0
AT2G46995	2	4	7	1	3	9
AT2G22900	938	1201	1159	969	1234	792
AT2G30942	43	48	37	43	69	40
AT2G21900	137	254	326	262	221	381
AT2G38220	0	0	0	0	1	1
AT2G46567	0	0	0	0	0	0
AT2G44600	54	70	82	95	133	86
AT2G34620	9	3	6	2	31	2
AT2G18760	406	426	419	474	552	475
AT2G39690	8	7	2	6	6	1
AT2G22780	2699	2775	2981	1990	2239	1898
AT2G46830	241	149	472	254	308	122
AT2G23210	139	110	92	88	128	97
AT2G35740	4	1	0	0	0	0
AT2G31370	1911	2158	2300	1743	1529	1682
AT2G15530	588	667	594	573	698	580
AT2G02680	3228	3032	2838	641	588	877
AT2G43600	31	17	13	64	41	63
AT2G28410	57	69	58	110	164	70
AT2G07714	0	0	0	0	0	0
AT2G06105	0	0	0	0	0	0
AT2G39710	505	795	698	532	583	300
AT2G02510	1385	992	1037	1024	1144	1019
AT2G17980	1457	1309	1282	1347	1517	1153
AT2G04100	332	263	304	217	231	212
AT2G20790	1000	1011	1004	882	1068	849
AT2G18328	4	10	14	19	34	5
AT2G42700	627	555	532	577	654	561
AT2G31780	0	0	0	0	0	0
AT2G42060	103	108	155	177	166	279
AT2G41380	155	135	193	52	69	48
AT2G45950	329	247	275	273	325	266
AT2G21380	876	775	831	1064	1139	989
AT2G11405	0	0	0	0	0	0
AT2G38465	221	291	285	60	38	78
AT2G19210	4	4	4	50	40	28
AT2G36130	1258	1053	994	1101	1299	940
AT2G21210	1	0	0	7	22	1
AT2G42110	284	208	204	251	294	179
AT2G17305	0	0	0	0	0	0
AT2G17160	0	0	0	0	0	0
AT2G24260	1240	882	953	1033	1030	980
AT2G06541	0	0	0	0	0	0
AT2G21910	2	1	3	0	1	1
AT2G37480	1769	1558	1512	1641	2049	1845
AT2G42990	1	1	0	3	0	0
AT2G26370	153	119	86	53	44	75
AT2G22145	0	0	0	0	0	0
AT2G19650	8	5	4	4	9	13
AT2G24590	1191	849	802	970	1068	872
AT2G01480	623	496	428	535	668	519
AT2G35830	0	0	0	1	1	2
AT2G28420	4	7	2	2	2	4
AT2G04520	1674	1491	1497	1392	1565	1348
AT2G20980	206	148	126	178	195	167
AT2G27750	0	0	0	0	0	0
AT2G43610	3098	2528	2447	4709	5573	7215
AT2G45310	994	905	1292	631	692	797
AT2G06425	0	0	0	0	0	0
AT2G35680	2172	2117	2094	2229	2555	2320
AT2G46860	78	68	82	46	46	81
AT2G44240	1	4	2	1	0	4
AT2G39920	1	2	1	3	3	0
AT2G07722	0	0	0	0	0	0
AT2G19990	14	22	14	49	68	42
AT2G35720	348	300	272	283	355	269
AT2G47810	50	72	62	30	32	26
AT2G24390	178	174	187	134	155	120
AT2G16270	372	377	331	474	538	374
AT2G42440	8	6	5	5	4	2
AT2G37510	84	68	41	95	102	71
AT2G34520	820	697	614	792	893	738
AT2G44120	8036	5582	5028	6767	7648	6448
AT2G20680	329	228	237	197	243	186
AT2G28810	366	441	522	473	682	462
AT2G22060	0	0	0	0	0	1
AT2G21690	0	0	0	0	0	0
AT2G27780	0	0	0	1	0	0
AT2G18915	308	228	225	248	353	266
AT2G42725	0	0	0	0	0	0
AT2G07632	0	0	0	0	0	0
AT2G34530	69	137	96	79	108	86
AT2G19050	15	18	8	21	20	20
AT2G12400	8614	8220	9822	4676	3998	5314
AT2G30000	238	178	153	178	175	146
AT2G46455	10	16	15	20	30	5
AT2G37100	95	47	46	84	95	67
AT2G15440	226	248	232	148	195	107
AT2G29890	740	809	750	938	1094	720
AT2G30870	21717	23127	22343	18189	17731	19503
AT2G43960	0	0	0	0	0	1
AT2G03565	0	0	0	0	0	0
AT2G24190	33	46	44	35	44	11
AT2G01170	762	704	685	591	739	703
AT2G43820	548	324	238	596	678	704
AT2G22560	781	760	804	518	568	547
AT2G39800	5440	3703	4172	1544	1660	894
AT2G03030	0	0	0	0	0	0
AT2G43010	78	109	69	68	241	34
AT2G27970	480	402	407	483	504	397
AT2G41760	324	286	270	329	370	277
AT2G46490	1243	1057	1199	1139	1357	1025
AT2G25260	676	575	621	496	608	732
AT2G02140	0	0	0	0	0	0
AT2G17050	11	25	36	64	81	115
AT2G13650	527	433	465	445	473	431
AT2G31957	0	0	0	0	0	3
AT2G35500	94	108	86	132	165	81
AT2G47910	13	24	11	22	42	15
AT2G14846	0	0	0	0	0	0
AT2G23640	1	0	0	0	1	0
AT2G11025	0	0	0	0	0	0
AT2G01210	339	358	345	425	632	390
AT2G46493	0	0	0	1	0	0
AT2G25520	2880	2763	2809	2336	2877	2225
AT2G38360	1223	1253	1266	914	935	799
AT2G34630	781	591	639	633	768	595
AT2G35733	0	0	2	0	2	0
AT2G29910	143	176	142	176	236	167
AT2G19900	891	600	691	53	50	80
AT2G18050	256	148	210	64	51	52
AT2G43990	70	61	43	95	105	61
AT2G07749	0	0	0	0	0	0
AT2G05940	5524	9903	10174	7543	6843	6816
AT2G03760	279	184	179	124	174	227
AT2G27460	644	716	644	719	849	691
AT2G01470	1784	1564	1514	1171	1338	1317
AT2G34960	0	0	0	1	0	0
AT2G39375	57	45	44	57	70	67
AT2G11200	0	0	0	0	0	0
AT2G42950	171	137	140	128	170	180
AT2G47130	449	476	650	329	297	483
AT2G16790	187	197	204	148	239	199
AT2G40990	0	0	1	1	1	3
AT2G14750	1580	1779	1777	1817	1977	1436
AT2G18025	1	0	0	0	0	1
AT2G43210	1076	850	881	974	1132	1031
AT2G45470	2141	1719	1609	2431	3014	2268
AT2G24645	0	7	4	6	9	1
AT2G14540	0	0	0	0	0	0
AT2G27510	3751	3167	3748	3163	3812	2775
AT2G21610	22	30	21	12	22	18
AT2G26830	366	366	360	393	393	391
AT2G41450	80	65	49	70	91	50
AT2G22660	4339	4321	4383	5353	6954	4962
AT2G39050	1704	1727	2011	567	604	764
AT2G33690	0	0	0	0	0	0
AT2G24683	0	0	0	0	0	0
AT2G22800	25	26	35	36	50	34
AT2G37770	89	33	45	6	8	5
AT2G02720	0	0	0	0	0	0
AT2G24050	918	868	838	871	1107	773
AT2G35540	108	100	91	122	154	112
AT2G41970	152	134	107	122	109	157
AT2G07656	0	0	0	0	0	0
AT2G13463	0	0	0	0	0	0
AT2G36530	22527	18163	16988	21886	24933	18007
AT2G16750	891	897	991	927	1291	1101
AT2G43040	373	318	347	377	399	367
AT2G45750	944	900	978	708	730	868
AT2G43560	51	55	39	55	97	63
AT2G09840	0	0	0	0	0	0
AT2G44010	101	79	100	89	116	95
AT2G44860	1973	1609	1450	1894	1988	1848
AT2G23170	27	14	24	8	15	11
AT2G39180	299	253	218	235	239	292
AT2G19550	0	0	0	0	1	0
AT2G14580	0	0	0	0	0	0
AT2G28070	604	607	643	679	772	606
AT2G04500	99	70	47	102	143	181
AT2G02061	4	12	9	17	29	10
AT2G45100	408	414	468	278	274	292
AT2G21530	10	7	2	13	22	2
AT2G17525	94	108	118	146	163	114
AT2G29125	55	55	39	46	65	37
AT2G24290	420	335	299	401	467	356
AT2G35345	6	10	15	11	8	10
AT2G05170	901	987	862	980	1266	1006
AT2G03670	187	146	145	218	254	182
AT2G20770	175	150	195	161	159	170
AT2G21050	943	1257	1068	1421	1811	1196
AT2G36330	222	282	239	249	376	210
AT2G23200	46	65	63	65	98	71
AT2G31300	171	155	122	200	211	135
AT2G47620	366	360	316	353	441	336
AT2G19280	174	160	178	184	218	185
AT2G19590	928	1528	792	1054	1096	371
AT2G15180	0	0	0	0	0	0
AT2G27170	1178	1379	1309	1307	1686	1381
AT2G32930	778	827	777	669	615	689
AT2G33710	152	185	214	15	19	54
AT2G04925	0	0	0	0	0	0
AT2G23240	1	2	0	0	0	0
AT2G47720	0	0	0	0	0	0
AT2G21260	10	2	2	4	1	1
AT2G07310	0	0	0	0	0	0
AT2G41070	533	302	355	402	392	394
AT2G22820	0	0	0	0	2	1
AT2G05600	0	0	0	0	0	0
AT2G30530	487	480	415	391	565	437
AT2G21920	0	0	0	0	0	0
AT2G45220	803	728	777	882	865	1528
AT2G17850	27	30	18	14	3	12
AT2G20540	31	19	22	21	26	12
AT2G19120	96	94	74	130	139	115
AT2G34400	61	74	57	66	79	82
AT2G46410	178	108	115	116	149	160
AT2G25780	0	2	0	1	0	0
AT2G31480	3	3	1	3	6	5
AT2G37880	3	6	3	6	10	6
AT2G02103	0	0	0	0	0	0
AT2G17640	221	303	251	338	418	375
AT2G35060	352	237	251	321	375	353
AT2G30160	335	294	291	315	415	327
AT2G19070	0	1	0	0	0	2
AT2G02026	1	0	0	0	0	0
AT2G33100	56	31	32	49	52	121
AT2G20530	1327	1113	1051	1210	1366	1135
AT2G41720	121	118	117	141	194	139
AT2G01570	1455	1334	1196	1561	2156	1357
AT2G17280	731	670	618	331	340	358
AT2G25220	85	49	49	75	66	83
AT2G44800	0	0	0	0	0	1
AT2G28330	35	30	28	50	48	32
AT2G28550	166	252	160	352	741	144
AT2G15560	370	315	271	292	354	231
AT2G17690	0	0	0	2	1	0
AT2G27120	7	6	5	6	10	12
AT2G17800	568	448	438	550	582	456
AT2G33700	638	577	584	436	601	532
AT2G30560	0	0	1	0	0	0
AT2G16060	691	743	479	429	555	408
AT2G24810	0	0	0	0	0	0
AT2G30170	62	55	73	75	87	75
AT2G05753	0	0	0	0	0	0
AT2G25964	326	211	201	205	240	178
AT2G46980	383	397	374	368	437	329
AT2G34040	1500	1309	1280	1383	1571	1349
AT2G46505	1453	1375	1325	1484	1515	1205
AT2G18196	509	548	589	449	578	499
AT2G16660	4921	5792	5244	1445	2047	2707
AT2G20605	0	0	0	0	0	0
AT2G40935	83	87	79	116	123	102
AT2G39865	0	0	0	0	0	0
AT2G32730	3981	3947	3778	4151	4739	3838
AT2G20560	237	204	215	140	110	170
AT2G13660	5	8	10	4	7	9
AT2G42005	9	9	2	6	12	11
AT2G04137	0	1	2	0	0	0
AT2G12646	374	204	156	408	375	480
AT2G16220	0	0	0	0	0	0
AT2G04630	1203	815	782	915	1128	909
AT2G27660	879	1213	1351	981	1049	1514
AT2G22610	714	949	709	1089	1224	768
AT2G18240	231	173	198	166	189	181
AT2G44970	1577	1567	1636	1296	1231	1354
AT2G32440	319	323	270	480	576	326
AT2G17770	42	66	67	47	51	21
AT2G45460	206	188	208	268	357	258
AT2G16050	42	74	77	88	88	74
AT2G01360	0	0	0	0	0	0
AT2G01620	131	98	94	52	59	68
AT2G46810	10	5	4	11	0	4
AT2G05360	0	0	0	0	0	0
AT2G36680	402	381	406	312	389	390
AT2G14850	211	208	207	167	199	206
AT2G03580	0	0	1	0	0	0
AT2G27520	0	0	0	0	0	0
AT2G25560	208	240	199	232	286	264
AT2G02010	363	534	880	427	197	480
AT2G22590	39	18	15	11	12	3
AT2G28370	415	303	359	415	418	350
AT2G29400	1941	1853	1658	2151	2606	2071
AT2G24540	27	26	13	20	21	16
AT2G37410	2565	2253	2271	2523	2821	2537
AT2G40765	1873	1229	1317	1420	1493	1170
AT2G11815	17	24	17	31	25	23
AT2G38120	2293	2954	2884	3200	4443	3021
AT2G43100	242	181	203	718	895	708
AT2G34060	103	86	70	174	202	89
AT2G23096	5	2	5	5	1	1
AT2G32410	233	258	205	197	197	174
AT2G36900	582	525	452	690	861	675
AT2G30370	33	17	9	21	23	26
AT2G13510	0	0	0	0	0	0
AT2G31550	2	8	7	6	9	5
AT2G37170	6788	4106	3921	9896	12174	9594
AT2G29570	752	722	648	860	946	731
AT2G46290	302	245	207	307	334	246
AT2G05920	13243	18092	16535	12908	13904	11472
AT2G26430	1052	935	825	1031	1121	994
AT2G39730	182	196	176	150	333	83
AT2G26200	523	479	500	508	601	508
AT2G29940	11	2	3	0	2	1
AT2G28120	128	209	123	124	218	117
AT2G38140	335	263	265	344	426	296
AT2G14692	0	0	0	0	0	0
AT2G23410	33	56	40	51	105	70
AT2G27080	14320	18596	18608	12665	11591	13790
AT2G41240	0	0	0	0	0	0
AT2G10920	0	0	0	0	0	0
AT2G40095	294	418	449	263	245	402
AT2G37690	581	481	429	704	754	595
AT2G02835	0	2	2	1	0	1
AT2G34260	431	337	319	405	411	345
AT2G25370	0	1	0	0	0	1
AT2G20900	1478	1542	1637	1486	1378	1674
AT2G26770	933	1118	1133	1023	1130	968
AT2G34000	9	0	3	22	44	15
AT2G14900	317	223	166	309	342	339
AT2G18938	0	1	0	1	1	0
AT2G31985	4	3	5	3	2	2
AT2G41210	122	96	107	77	80	78
AT2G37340	2943	2420	2469	2745	3028	2751
AT2G42850	87	43	32	60	76	37
AT2G07665	0	0	0	0	0	0
AT2G17442	94	98	79	97	83	47
AT2G37640	54	60	48	66	71	59
AT2G40000	27424	36078	40198	27694	27706	37757
AT2G46570	92	128	92	118	116	98
AT2G47980	1939	2062	2102	2056	2431	2031
AT2G47115	0	0	0	0	0	0
AT2G43890	119	95	46	133	151	88
AT2G18470	134	202	103	299	352	47
AT2G03890	916	756	765	1219	1711	1023
AT2G19385	513	339	323	478	496	396
AT2G24210	0	0	0	0	0	0
AT2G07565	0	0	0	0	0	0
AT2G19510	0	0	0	0	0	0
AT2G27600	2804	2640	2715	2625	3053	2602
AT2G44050	862	767	766	949	994	769
AT2G25670	2515	1695	1789	2103	2277	1920
AT2G45640	1381	1014	972	1032	1299	1045
AT2G36880	14380	16156	15788	13551	15724	11440
AT2G35690	268	288	272	241	328	273
AT2G27250	8	0	0	0	0	0
AT2G04300	0	0	0	0	0	0
AT2G37440	1182	1032	1437	467	511	805
AT2G30766	0	0	0	2	2	0
AT2G20700	2	3	1	2	0	0
AT2G30660	0	0	0	0	5	2
AT2G35650	449	503	535	503	579	460
AT2G34050	287	245	223	222	309	208
AT2G03822	1	1	0	1	6	1
AT2G32460	2	0	4	0	4	1
AT2G22520	0	0	0	0	0	0
AT2G36790	0	0	0	0	0	0
AT2G17140	77	86	55	67	106	62
AT2G39230	29	50	20	68	114	32
AT2G25850	607	628	649	664	791	735
AT2G22905	30	42	40	29	32	17
AT2G39740	248	230	204	293	329	282
AT2G28270	0	0	1	32	45	12
AT2G47310	215	130	145	186	198	161
AT2G02493	0	0	0	0	1	0
AT2G36390	2143	2189	2147	1350	1584	1406
AT2G23620	73	112	53	139	161	81
AT2G21190	768	759	755	622	677	661
AT2G27880	2	5	4	3	4	2
AT2G40800	754	608	632	616	655	564
AT2G46990	3	5	6	10	8	16
AT2G17020	477	432	339	565	759	507
AT2G06010	222	176	159	275	310	233
AT2G19750	2059	1303	1248	1639	1620	1361
AT2G03350	564	486	463	508	598	421
AT2G37210	54	68	83	89	111	99
AT2G47530	63	64	62	24	43	38
AT2G26100	360	359	330	363	452	290
AT2G32790	5	6	2	1	2	1
AT2G20830	428	345	325	397	481	374
AT2G41050	207	170	183	100	143	78
AT2G02090	947	937	991	941	1119	945
AT2G44198	0	0	0	0	0	0
AT2G04041	0	0	0	0	0	0
AT2G30050	1965	1641	1503	1620	1797	1645
AT2G36290	1174	1153	1177	835	1053	933
AT2G23300	335	419	409	436	655	365
AT2G25320	881	905	870	912	1109	954
AT2G03930	0	0	0	0	0	0
AT2G32590	320	343	278	391	466	334
AT2G20390	520	360	368	388	428	363
AT2G35040	1528	1252	1101	1331	1504	1258
AT2G20160	0	0	0	0	0	0
AT2G03140	812	915	962	822	880	835
AT2G31620	0	0	0	0	0	0
AT2G13550	22	15	6	32	23	24
AT2G13820	1672	1494	1171	1803	2034	1360
AT2G46090	319	260	217	264	291	250
AT2G06510	339	314	312	334	375	348
AT2G33350	0	0	0	0	1	0
AT2G36800	10	3	10	4	2	5
AT2G11045	0	0	0	0	0	0
AT2G43540	209	182	233	157	209	133
AT2G13980	0	0	0	0	0	0
AT2G34270	0	0	0	0	0	0
AT2G01630	488	453	421	552	649	453
AT2G17180	1	0	1	0	0	0
AT2G14530	417	357	327	393	445	353
AT2G04560	45	45	31	52	79	50
AT2G28060	323	265	258	288	261	260
AT2G34350	479	411	518	169	192	248
AT2G33480	74	66	71	124	209	104
AT2G34900	679	559	573	659	766	654
AT2G34830	190	153	149	140	167	194
AT2G01750	290	347	308	431	489	342
AT2G13126	0	0	0	0	0	0
AT2G14810	0	0	0	0	0	0
AT2G31830	41	21	42	48	51	43
AT2G05655	0	0	0	0	0	0
AT2G03505	71	43	48	90	88	83
AT2G45680	1226	1265	1573	1129	1199	1178
AT2G36690	21	7	12	187	286	130
AT2G34555	4	7	7	0	2	0
AT2G41740	3659	4302	4214	3756	4589	3766
AT2G37840	1025	1018	929	1103	1268	1082
AT2G11035	3	6	4	9	2	2
AT2G30780	245	176	123	218	298	214
AT2G46530	309	363	588	265	332	351
AT2G13500	0	0	0	0	0	0
AT2G34680	5107	7928	7841	7167	8716	6675
AT2G39330	7	115	33	62	76	2
AT2G20616	1	0	0	0	0	0
AT2G16676	0	0	0	0	1	0
AT2G41130	139	201	154	232	300	195
AT2G07637	0	0	0	0	0	0
AT2G22260	99	90	77	99	144	87
AT2G43110	511	292	295	429	482	363
AT2G31140	588	503	492	473	579	447
AT2G25870	972	807	794	1051	1105	1066
AT2G22450	732	824	813	659	831	633
AT2G20650	338	272	301	247	307	300
AT2G38790	940	1172	1639	863	714	1255
AT2G22010	1522	2053	2032	1342	1496	1532
AT2G41850	4	2	3	6	11	2
AT2G20860	1267	1065	1041	1133	1283	1135
AT2G43310	29	23	41	18	34	28
AT2G41680	388	388	375	428	573	425
AT2G27090	581	620	544	563	730	640
AT2G35605	521	302	308	426	415	297
AT2G23610	1715	2222	1642	1304	1762	1066
AT2G29450	1475	2357	2540	561	360	475
AT2G28990	56	67	83	179	132	157
AT2G47060	3757	4232	5041	3587	2804	4107
AT2G33180	32	22	27	34	30	24
AT2G43180	78	77	77	119	141	96
AT2G27270	13	6	8	3	11	20
AT2G10970	0	0	0	0	0	0
AT2G30890	17	14	6	24	16	25
AT2G01610	460	738	535	763	1148	269
AT2G29800	0	0	0	0	0	0
AT2G38630	272	206	237	255	304	215
AT2G02890	0	0	0	0	0	0
AT2G41110	8264	8599	9496	6192	6147	7182
AT2G05260	581	654	629	434	532	523
AT2G36724	0	0	1	0	0	0
AT2G25470	0	1	2	0	1	3
AT2G45700	789	805	764	840	931	770
AT2G06020	0	1	0	0	0	0
AT2G36660	50	27	30	59	34	19
AT2G17000	0	0	0	0	0	0
AT2G23460	1021	1148	1069	1165	1652	984
AT2G31530	212	210	184	200	251	207
AT2G04865	730	751	778	839	1011	754
AT2G44640	224	187	156	262	295	218
AT2G23940	551	438	413	398	476	389
AT2G19290	0	0	0	0	0	0
AT2G30520	152	101	88	118	153	158
AT2G33685	0	0	0	0	0	0
AT2G24040	76	77	68	34	52	50
AT2G38770	1456	1324	1267	1597	1794	1556
AT2G01250	15236	10429	9692	13679	15277	12306
AT2G20340	341	533	526	332	319	213
AT2G21110	1	1	0	2	1	1
AT2G38560	495	359	352	465	552	409
AT2G20180	28	23	24	32	62	33
AT2G46310	68	86	88	158	257	114
AT2G48090	686	952	1035	199	229	275
AT2G32960	99	127	83	238	245	97
AT2G03710	24	20	14	16	19	19
AT2G17710	869	920	872	872	928	1428
AT2G14365	0	0	0	0	0	0
AT2G07772	0	0	0	0	0	0
AT2G20210	44	58	51	129	121	84
AT2G36026	26	16	16	29	30	35
AT2G48000	272	249	245	288	321	240
AT2G30480	238	215	254	209	239	202
AT2G33735	24	23	31	21	26	22
AT2G29440	2198	2367	2140	1153	816	808
AT2G04845	229	253	184	223	271	199
AT2G21790	1250	1325	1225	1720	2139	1579
AT2G02950	34	59	19	30	47	11
AT2G02870	1251	1240	1132	988	1153	961
AT2G18540	6	1	0	3	1	0
AT2G10557	0	0	0	0	0	0
AT2G10440	0	0	0	0	0	0
AT2G33290	198	187	178	256	284	194
AT2G32765	69	73	69	60	52	49
AT2G19300	0	0	0	0	0	0
AT2G04390	2272	1417	1382	1629	1805	1462
AT2G04860	45	52	52	50	80	42
AT2G47370	29	46	49	38	74	34
AT2G29580	299	261	248	308	391	287
AT2G38646	0	0	0	0	0	0
AT2G29750	1793	2321	2791	1567	1705	2264
AT2G33110	303	277	288	217	203	278
AT2G43440	7	6	11	2	10	10
AT2G10975	0	0	0	0	1	0
AT2G07040	0	0	0	0	0	0
AT2G21860	135	109	107	116	151	113
AT2G39160	2	0	3	1	1	1
AT2G48150	21	10	25	22	19	27
AT2G45150	81	75	83	87	102	83
AT2G03060	154	101	101	150	172	97
AT2G30420	0	0	0	0	1	0
AT2G02610	49	52	48	51	59	53
AT2G21727	0	0	0	0	0	0
AT2G47570	0	0	0	0	1	0
AT2G47670	29	146	104	74	133	139
AT2G01710	436	384	380	446	641	371
AT2G18280	2811	2624	2642	3179	3633	3350
AT2G46680	1148	1045	1159	658	971	440
AT2G29960	2848	2509	2612	2247	2754	2101
AT2G30900	3	3	2	3	4	1
AT2G28720	134	186	185	143	192	164
AT2G35260	22	27	0	9	123	0
AT2G28430	333	289	269	260	342	223
AT2G41230	50	75	34	45	66	26
AT2G46750	84	172	86	145	220	254
AT2G28500	45	103	76	100	129	60
AT2G43390	12	29	33	20	35	22
AT2G45600	2	1	0	2	3	0
AT2G39360	297	364	302	257	327	234
AT2G23110	56	29	38	8	7	17
AT2G29360	4	1	1	1	5	1
AT2G44350	3976	3880	3883	3677	4088	3533
AT2G04037	0	0	0	0	0	0
AT2G30590	555	652	565	596	742	477
AT2G36380	8240	9708	11555	5564	5784	7086
AT2G25625	58	72	75	30	14	21
AT2G24945	170	156	141	171	226	147
AT2G21160	5615	4276	4223	4501	5179	4443
AT2G40925	5	2	3	1	7	11
AT2G21290	542	336	379	423	438	438
AT2G20825	9	16	3	4	6	2
AT2G26620	2	3	1	5	3	0
AT2G34510	1774	2046	1495	1069	721	1058
AT2G26390	920	888	1302	381	365	626
AT2G18520	156	119	118	146	197	134
AT2G38820	124	112	68	178	271	102
AT2G27760	200	159	137	204	199	159
AT2G23930	1675	1211	1104	1549	1652	1260
AT2G02525	0	0	0	0	0	0
AT2G01920	1	0	0	0	1	0
AT2G29990	286	245	317	199	253	298
AT2G05140	0	0	0	0	0	0
AT2G32820	1	0	0	0	0	0
AT2G18110	2786	2395	2213	2511	2984	2523
AT2G28815	56	41	43	41	38	49
AT2G19480	5184	4803	4768	5447	6011	5005
AT2G47430	0	0	0	0	0	0
AT2G17760	1344	1654	1990	1088	1243	1270
AT2G28450	1121	994	969	1544	1623	1439
AT2G35035	122	86	94	96	103	95
AT2G33510	677	718	825	558	579	551
AT2G29045	0	0	0	0	0	0
AT2G37960	50	33	22	52	65	33
AT2G43340	201	153	112	200	313	160
AT2G33630	1763	1527	1629	1520	1730	1526
AT2G30395	71	48	39	49	59	39
AT2G27240	3	0	0	1	1	0
AT2G24570	893	712	816	1056	1429	858
AT2G14825	75	78	92	96	95	104
AT2G32050	5	5	3	11	9	5
AT2G07642	0	0	0	0	0	0
AT2G40715	9	5	2	7	5	7
AT2G30070	864	892	915	680	650	763
AT2G30650	0	2	0	0	0	0
AT2G31930	22	16	18	8	15	9
AT2G38950	836	741	759	732	869	753
AT2G36650	7279	9756	11331	7372	4619	7132
AT2G32500	100	114	90	111	141	86
AT2G37220	1916	1378	1410	1432	1805	1351
AT2G29930	0	0	0	0	0	0
AT2G39350	491	888	983	795	990	734
AT2G36370	157	136	183	143	195	200
AT2G40300	498	370	298	290	374	311
AT2G45820	19738	22592	23203	13413	11066	16122
AT2G43650	1505	1165	1077	1620	1628	1442
AT2G45480	69	25	23	47	57	37
AT2G26300	2206	1959	1995	1791	1984	1967
AT2G40995	0	0	0	0	0	0
AT2G24060	198	131	158	186	272	198
AT2G19730	9854	6213	5831	7772	8760	7446
AT2G43860	0	0	1	0	0	0
AT2G21440	1125	951	907	1324	1370	1126
AT2G31060	1382	1037	1064	1295	1393	1107
AT2G25970	2857	2610	2501	2733	3151	2619
AT2G06565	0	0	0	0	0	0
AT2G28790	849	687	557	998	1234	672
AT2G10940	0	0	0	9	3	0
AT2G07692	0	0	0	0	0	0
AT2G25100	264	225	188	228	282	212
AT2G05220	3153	2097	1898	2580	2885	2423
AT2G30550	1206	1176	1282	204	260	311
AT2G47510	3833	3193	3101	3499	4083	3601
AT2G40810	128	122	128	113	116	84
AT2G19380	107	72	102	95	125	89
AT2G24470	0	0	0	1	0	0
AT2G43840	59	51	61	56	94	56
AT2G44530	811	831	761	815	1027	864
AT2G29840	0	0	0	0	0	0
AT2G35430	109	91	90	140	196	145
AT2G33796	0	0	0	0	0	0
AT2G01350	1755	1671	1675	1402	1635	1385
AT2G14440	2	9	2	1	6	3
AT2G29925	0	0	0	0	0	0
AT2G14070	1	1	1	2	2	0
AT2G39430	1029	642	682	791	844	782
AT2G35940	1062	1697	1757	1158	1719	1000
AT2G44940	912	882	889	367	499	285
AT2G22790	145	184	161	147	122	162
AT2G01910	1884	2451	2274	2154	2965	2260
AT2G03690	520	396	397	372	454	451
AT2G25344	0	0	0	0	0	0
AT2G01110	254	275	279	203	326	232
AT2G18465	183	124	145	165	241	144
AT2G19430	399	401	409	368	456	359
AT2G14830	3	2	0	0	0	1
AT2G45170	604	567	472	736	769	721
AT2G45710	777	571	530	560	658	473
AT2G17670	164	127	120	158	214	133
AT2G45850	20	52	24	34	89	16
AT2G01810	2	2	0	5	9	2
AT2G26930	166	134	148	141	171	137
AT2G36410	3589	3666	3767	3105	3514	3979
AT2G03090	300	257	315	500	990	291
AT2G38995	0	0	1	0	0	0
AT2G47030	0	0	0	0	0	0
AT2G22430	2144	2341	2114	2626	4000	1800
AT2G16385	48	68	67	33	64	57
AT2G41120	4	6	11	4	10	12
AT2G45030	793	682	612	781	917	670
AT2G31290	75	75	69	78	118	70
AT2G03933	0	0	0	0	0	0
AT2G29330	352	319	271	356	427	585
AT2G33320	3	3	3	3	5	1
AT2G44740	145	99	64	121	178	77
AT2G32295	159	146	125	160	240	151
AT2G07718	0	0	0	0	0	0
AT2G33470	1679	1450	1458	1362	1606	1306
AT2G02695	0	0	0	0	0	0
AT2G26190	7190	8928	10296	8670	6811	10976
AT2G15130	0	1	2	1	0	0
AT2G41390	0	0	0	0	0	0
AT2G25440	9	22	11	9	7	26
AT2G26600	948	1018	945	697	696	737
AT2G17950	0	0	0	0	0	0
AT2G14800	6	7	8	9	9	3
AT2G02350	123	89	93	80	78	100
AT2G44735	1	3	0	4	1	1
AT2G28130	208	244	215	189	237	157
AT2G44900	391	394	377	448	493	434
AT2G07659	0	0	0	0	0	0
AT2G40475	37	27	30	52	82	65
AT2G33380	25	11	8	5	4	5
AT2G22980	44	23	22	47	39	45
AT2G29470	25	20	22	10	9	6
AT2G20890	571	538	490	572	756	457
AT2G17110	224	193	200	264	345	305
AT2G40205	1814	981	975	1163	1313	1049
AT2G17450	573	417	519	370	436	478
AT2G37060	253	226	180	210	246	216
AT2G29735	0	0	0	0	0	0
AT2G37040	11131	17967	18243	9313	10863	10804
AT2G16015	0	0	0	0	0	0
AT2G36835	456	328	342	338	357	338
AT2G42940	0	0	0	0	0	0
AT2G34585	1068	931	987	883	880	779
AT2G02410	49	49	41	45	85	71
AT2G02850	340	463	563	352	383	301
AT2G07240	0	0	0	0	0	0
AT2G32785	0	0	0	0	0	0
AT2G11910	2747	2168	2076	2545	2653	2284
AT2G30950	548	665	571	612	855	547
AT2G36270	68	54	49	26	20	34
AT2G30985	0	0	0	0	0	0
AT2G36850	3428	4308	4011	3478	4089	3266
AT2G33860	431	578	479	737	1104	465
AT2G37720	1	4	8	7	1	6
AT2G31220	13	10	20	10	12	11
AT2G32480	221	215	173	202	271	154
AT2G06675	0	0	0	0	0	0
AT2G24670	0	0	0	0	0	0
AT2G42490	2519	2184	2011	2827	3459	2576
AT2G37125	0	0	0	0	0	0
AT2G45800	3	2	0	0	0	0
AT2G40815	142	161	167	195	268	175
AT2G39805	351	367	352	348	347	314
AT2G29850	0	0	0	0	0	0
AT2G04910	0	0	0	0	0	1
AT2G16360	4	0	1	3	5	0
AT2G18210	2985	3797	4325	2118	1842	2960
AT2G25737	287	370	368	184	193	155
AT2G45160	817	685	673	656	810	570
AT2G32030	406	454	484	470	433	702
AT2G19850	0	2	0	2	1	0
AT2G22040	0	0	0	0	0	0
AT2G22620	303	367	366	370	424	319
AT2G10930	12	15	11	17	18	19
AT2G03510	1126	856	880	985	1214	991
AT2G26060	921	746	744	745	883	784
AT2G05630	298	347	333	238	328	291
AT2G33200	0	0	0	0	0	0
AT2G15500	0	0	0	0	0	0
AT2G20440	220	232	207	271	296	206
AT2G18450	114	94	135	118	166	208
AT2G37560	50	52	59	69	75	54
AT2G45930	181	311	259	321	233	165
AT2G30330	247	213	197	186	248	170
AT2G22200	41	36	45	42	57	54
AT2G01450	7686	7410	6993	5971	5517	6492
AT2G38000	435	429	480	366	417	369
AT2G39560	8	14	6	12	19	9
AT2G48020	962	777	801	998	1146	921
AT2G27340	121	127	105	106	149	93
AT2G16018	0	0	0	0	0	0
AT2G26950	0	0	0	0	0	0
AT2G37700	74	137	153	196	267	274
AT2G35010	645	547	572	638	708	495
AT2G47920	43	38	43	74	62	37
AT2G29390	684	530	497	577	627	573
AT2G31610	7948	5867	5247	6487	7436	6127
AT2G16250	451	439	410	368	466	402
AT2G31260	516	603	524	597	633	557
AT2G36470	55	50	69	83	123	91
AT2G47860	431	503	594	596	989	479
AT2G43700	60	41	57	59	58	58
AT2G16040	0	0	0	0	0	0
AT2G24140	71	68	75	84	109	78
AT2G47340	3	3	2	1	3	0
AT2G24285	2	2	3	6	4	1
AT2G10545	0	0	0	0	0	0
AT2G22540	1053	930	1146	1344	1774	952
AT2G18180	1	0	0	3	1	1
AT2G34070	901	1027	769	698	866	522
AT2G05620	34	25	73	51	81	25
AT2G37035	197	170	144	151	210	99
AT2G11891	19	12	12	10	14	15
AT2G40085	50	40	29	33	46	39
AT2G32920	1759	1489	1368	1635	1796	1313
AT2G19110	2500	2505	2833	4036	5313	4648
AT2G33830	14359	12203	8492	15123	20105	21012
AT2G15680	65	67	56	89	87	89
AT2G16594	0	0	0	0	0	0
AT2G17787	209	171	161	207	253	206
AT2G17780	9	6	4	2	7	7
AT2G34980	17	26	18	21	38	19
AT2G38370	411	433	409	501	576	384
AT2G14260	650	510	568	545	622	590
AT2G34370	4	0	2	0	1	2
AT2G43535	5298	5122	3612	4651	4709	3712
AT2G44200	1554	1623	1512	1241	1241	1424
AT2G16730	0	1	0	0	0	0
AT2G07648	0	0	0	0	0	0
AT2G18940	197	172	165	238	335	198
AT2G35370	46	35	15	31	32	31
AT2G30600	1794	1634	1183	1787	1875	1620
AT2G13630	0	0	0	0	0	0
AT2G37890	157	148	130	141	161	128
AT2G15340	11	5	8	3	7	5
AT2G07678	0	0	0	0	0	0
AT2G30200	1432	1115	1094	1255	1385	1201
AT2G30120	279	249	224	211	263	187
AT2G40860	289	272	273	268	359	277
AT2G14247	108	171	113	102	61	108
AT2G02360	397	338	399	276	317	334
AT2G15480	757	1078	1359	476	408	1155
AT2G40270	3437	4441	4305	3782	3589	3860
AT2G39650	1016	972	1101	1120	1196	1220
AT2G33847	21	23	15	22	28	24
AT2G28150	229	250	181	372	523	254
AT2G24360	2105	2160	2301	2204	2696	2325
AT2G06925	196	274	188	209	344	145
AT2G47490	688	703	818	709	729	820
AT2G29452	0	0	0	0	0	0
AT2G01240	0	0	0	0	0	0
AT2G30980	2126	2367	2115	2216	2620	2057
AT2G26135	0	0	0	0	0	0
AT2G46960	3	3	5	0	1	0
AT2G46630	1166	1685	1319	1639	2143	1810
AT2G41470	8	3	5	3	5	11
AT2G36490	1094	1462	1525	1325	1394	1346
AT2G42790	2301	1917	1905	1114	1360	1288
AT2G27820	316	296	282	286	483	213
AT2G30320	287	276	233	266	251	203
AT2G43260	238	244	208	195	231	182
AT2G27830	1062	1276	1186	1093	1254	987
AT2G18800	504	192	131	228	288	328
AT2G35850	0	0	0	0	0	0
AT2G42860	12	2	2	3	1	0
AT2G23348	1	3	3	3	2	1
AT2G33030	0	0	0	0	0	0
AT2G34186	0	0	0	0	0	0
AT2G22670	4340	4731	4365	4020	5254	3907
AT2G26910	240	273	345	131	151	147
AT2G42360	94	120	108	125	79	159
AT2G20875	0	0	0	1	0	0
AT2G47600	719	584	585	426	523	415
AT2G31580	152	150	145	138	194	119
AT2G12190	3	1	2	4	0	0
AT2G38830	12	12	13	31	43	42
AT2G27740	274	294	319	286	375	304
AT2G34590	2684	2138	2016	2142	2191	2232
AT2G01670	1190	1576	1856	1985	1759	2225
AT2G06850	3530	3118	1841	2932	3560	2057
AT2G25310	964	975	907	872	987	820
AT2G07773	0	0	0	0	0	0
AT2G40250	73	35	71	9	15	12
AT2G30540	4	1	5	25	52	5
AT2G30100	462	410	527	293	299	346
AT2G44460	7	2	8	0	2	1
AT2G17520	1461	1899	1839	1473	1619	1621
AT2G39810	899	749	849	1023	1186	1043
AT2G17410	1477	1606	1524	1539	1678	1557
AT2G05370	0	0	0	1	0	0
AT2G21940	295	347	318	313	404	326
AT2G45140	1347	1255	1160	1094	1141	1220
AT2G44190	133	155	105	173	222	133
AT2G40620	1013	687	746	937	898	1092
AT2G35090	0	0	0	0	0	0
AT2G30385	0	0	0	0	0	0
AT2G01820	2136	2633	2267	2985	3655	1934
AT2G45730	586	437	428	570	679	476
AT2G35860	3123	4368	4662	2881	2983	2470
AT2G22740	365	348	404	335	366	360
AT2G45890	168	203	207	181	217	210
AT2G07627	0	0	0	0	0	0
AT2G32870	0	0	1	1	0	0
AT2G21730	1	1	2	0	5	0
AT2G34355	325	334	352	144	152	176
AT2G19802	0	0	0	0	0	0
AT2G47480	38	31	39	28	12	23
AT2G26760	603	578	588	666	733	539
AT2G34420	234	95	21	89	1498	7
AT2G16870	137	103	106	140	159	117
AT2G14378	0	0	0	0	0	0
AT2G16920	823	941	937	942	1114	984
AT2G18770	411	303	285	288	373	306
AT2G23630	278	256	242	337	402	361
AT2G02980	17	22	15	24	33	14
AT2G21970	399	341	418	280	346	225
AT2G11570	0	0	0	0	0	0
AT2G26780	1283	1673	1611	1477	1788	1419
AT2G38680	230	239	217	176	212	197
AT2G05210	304	378	321	373	453	295
AT2G21235	1	1	0	4	0	2
AT2G35840	1235	1266	1266	616	828	621
AT2G44290	97	69	111	46	25	47
AT2G36145	4	7	6	8	12	2
AT2G02550	0	0	0	0	0	0
AT2G13720	0	0	0	0	0	0
AT2G31018	0	0	0	1	0	0
AT2G42250	415	516	925	431	615	426
AT2G36255	3	2	0	0	0	1
AT2G24990	484	411	373	481	564	399
AT2G40180	20	23	35	8	20	37
AT2G22840	608	408	419	536	551	490
AT2G44840	5370	5839	8155	5670	4685	7299
AT2G46380	69	94	73	96	135	93
AT2G21130	497	395	326	204	209	217
AT2G32390	102	80	60	133	116	102
AT2G39540	0	0	0	0	2	0
AT2G20960	1311	1355	1748	990	1029	1602
AT2G41990	49	34	41	43	50	51
AT2G45860	448	291	278	348	353	306
AT2G17040	75	140	147	64	105	119
AT2G37360	387	535	500	346	528	322
AT2G33600	380	309	254	322	383	309
AT2G44130	541	688	768	353	391	462
AT2G34970	698	678	615	627	776	561
AT2G22630	155	116	138	224	239	270
AT2G19710	1614	1415	1864	1376	1199	2012
AT2G47820	217	228	258	197	221	233
AT2G22240	609	1273	1456	760	1344	492
AT2G18270	0	0	0	0	1	2
AT2G35640	15	18	30	22	19	21
AT2G15960	276	210	87	115	124	69
AT2G22300	4358	5369	4939	3762	3273	4737
AT2G17550	676	725	656	624	693	861
AT2G17200	2063	2162	2048	1831	2192	2042
AT2G44790	8326	5978	5322	9663	10507	12415
AT2G17970	224	237	237	265	316	208
AT2G22160	0	0	0	0	0	0
AT2G04025	107	53	84	99	130	132
AT2G42390	407	307	333	316	382	313
AT2G35290	3574	4926	4853	2063	1364	2352
AT2G02515	0	0	0	0	0	0
AT2G44380	318	320	214	482	417	547
AT2G26290	191	196	136	125	175	167
AT2G45080	176	127	142	170	262	220
AT2G16760	186	221	289	153	190	174
AT2G34150	308	228	248	308	325	286
AT2G37120	1169	882	920	957	1076	1018
AT2G10608	0	0	0	0	0	0
AT2G30910	260	194	192	220	255	233
AT2G42160	460	399	369	474	503	426
AT2G47840	394	473	422	401	624	337
AT2G22080	1042	1137	1120	1146	1375	1029
AT2G36730	114	85	63	96	115	85
AT2G26610	6	5	2	3	4	12
AT2G27530	10970	8044	7391	9739	10704	8897
AT2G32120	128	129	107	103	112	111
AT2G22030	0	0	0	0	0	0
AT2G40470	115	78	74	75	101	71
AT2G27550	1477	1165	1215	892	707	572
AT2G04440	3	3	3	4	13	15
AT2G27230	1667	1840	1756	1976	2707	1879
AT2G45540	4076	5455	5490	5003	5941	5347
AT2G21980	0	0	0	0	0	1
AT2G21740	0	0	0	0	0	0
AT2G38152	9	9	13	10	12	19
AT2G32700	2939	3228	3132	3052	3445	3104
AT2G41190	881	755	589	173	164	178
AT2G37670	141	130	164	83	81	103
AT2G35750	0	0	0	0	1	1
AT2G07669	0	0	0	0	0	0
AT2G17930	3132	3926	3761	3774	4637	3513
AT2G03740	0	2	2	0	0	0
AT2G31500	0	0	0	0	0	1
AT2G24205	0	0	0	0	0	0
AT2G36260	0	0	0	0	1	0
AT2G40745	0	1	0	0	1	0
AT2G39040	314	193	157	316	344	321
AT2G13845	0	0	0	0	0	0
AT2G36990	87	90	55	125	163	123
AT2G24370	0	1	1	0	2	0
AT2G29540	289	189	225	244	281	187
AT2G36350	499	341	352	524	628	508
AT2G34660	2883	3153	4130	1888	1925	2182
AT2G32430	258	243	253	314	438	232
AT2G31280	1083	1323	1354	1468	1856	1276
AT2G22500	7789	9549	12237	6057	4803	5688
AT2G31981	0	0	0	0	0	0
AT2G04690	337	281	243	372	513	404
AT2G02740	151	111	88	146	139	104
AT2G06904	0	0	0	0	0	0
AT2G17730	83	92	70	87	124	74
AT2G40430	1615	1316	1249	1583	1726	1502
AT2G24395	26	36	35	31	43	24
AT2G21620	5596	6621	5795	5092	6077	4316
AT2G42480	1	1	1	5	1	5
AT2G39500	262	165	175	206	242	178
AT2G02497	1	4	10	1	2	9
AT2G03130	1	0	0	0	1	3
AT2G07633	0	0	0	0	0	1
AT2G44950	622	726	711	822	988	815
AT2G20500	119	112	104	166	229	141
AT2G46770	20	11	37	4	7	2
AT2G23450	1902	1991	2089	1386	1288	1658
AT2G46260	1026	926	908	1062	1277	1290
AT2G41710	567	675	652	810	942	671
AT2G32510	654	732	747	318	347	282
AT2G43470	19	14	11	19	30	18
AT2G40140	6287	6904	6646	9542	11314	11614
AT2G03370	41	34	49	12	12	26
AT2G05420	0	0	0	1	0	0
AT2G29090	16	11	22	5	4	7
AT2G07776	0	0	0	0	0	0
AT2G46790	46	51	93	110	144	96
AT2G44310	1009	924	837	700	883	661
AT2G15318	8	17	2	7	9	4
AT2G47935	1	7	3	1	2	2
AT2G22100	206	161	152	171	194	151
AT2G26980	823	586	490	1479	2299	1235
AT2G35300	74	30	39	13	20	37
AT2G07140	0	0	0	0	0	0
AT2G46780	1161	1485	1286	1153	1230	1197
AT2G44500	5821	6767	7152	5168	4260	5864
AT2G10950	428	389	366	353	470	351
AT2G20470	12	2	8	13	10	17
AT2G39780	1316	973	1140	924	1002	1061
AT2G27730	3584	2572	2450	2563	2900	2313
AT2G01310	0	0	0	0	0	0
AT2G17500	3691	4676	6080	1244	888	1194
AT2G24790	1087	992	1146	969	1295	856
AT2G32450	588	769	612	496	568	480
AT2G21320	31	21	31	37	78	37
AT2G17043	0	0	0	0	0	0
AT2G38490	23	22	24	19	30	22
AT2G30360	2120	2371	2548	1698	1610	1768
AT2G25930	922	865	723	1118	1432	1107
AT2G29650	32	35	56	77	131	31
AT2G32487	6	14	1	6	11	4
AT2G21595	0	0	0	0	0	0
AT2G40004	1	0	0	0	0	0
AT2G41160	808	727	743	542	604	610
AT2G31083	26	3	0	137	111	21
AT2G20595	0	0	0	0	0	0
AT2G23310	788	608	579	684	798	713
AT2G27210	972	1000	993	1074	1208	1113
AT2G24070	78	50	48	88	126	96
AT2G24220	31	37	36	25	38	28
AT2G29920	0	0	0	0	0	0
AT2G34560	3178	2657	2574	2872	3289	2625
AT2G21450	71	137	93	130	161	53
AT2G18650	14	21	13	30	30	35
AT2G23067	0	0	0	0	0	0
AT2G38210	13	2	4	16	4	8
AT2G34825	0	0	0	0	0	0
AT2G46480	9	9	6	9	29	17
AT2G41290	58	46	42	76	99	64
AT2G36240	462	396	411	467	532	430
AT2G44570	0	0	0	0	0	0
AT2G26410	41	32	42	100	103	123
AT2G07810	0	0	0	0	0	0
AT2G38823	3	2	7	6	5	10
AT2G46500	5502	6312	6587	5680	4786	6714
AT2G34123	0	0	0	0	0	0
AT2G25430	4297	4977	4841	3197	3463	3476
AT2G15570	514	455	462	424	537	498
AT2G28670	2036	1354	1424	1539	1764	2027
AT2G44830	820	1209	900	1136	1961	759
AT2G02480	824	776	783	1004	1193	962
AT2G39880	61	56	42	67	94	66
AT2G42310	1938	1491	1504	1692	1859	1551
AT2G04280	1693	1810	1789	1825	2171	1467
AT2G35990	4	5	7	3	9	3
AT2G29020	1059	841	815	878	1088	881
AT2G30670	0	1	2	2	3	11
AT2G21880	172	146	184	139	157	173
AT2G30240	0	1	1	1	1	1
AT2G25510	1	2	1	8	7	8
AT2G21330	55	92	45	72	140	2
AT2G15695	275	295	298	306	344	276
AT2G28800	967	891	986	941	1180	1101
AT2G01530	3852	3219	3059	3258	3170	3483
AT2G07815	0	0	0	0	0	0
AT2G27229	0	1	0	2	2	2
AT2G04430	205	161	208	177	207	262
AT2G44680	727	769	640	576	733	651
AT2G37820	38	41	49	17	26	19
AT2G07643	0	0	0	0	0	0
AT2G15345	0	0	0	0	0	0
AT2G16210	3	1	4	0	1	0
AT2G03320	0	0	0	0	0	0
AT2G23790	1461	1507	1549	647	689	744
AT2G19410	11	6	10	13	13	9
AT2G15420	0	0	0	0	0	0
AT2G21045	524	435	410	1132	1327	1180
AT2G40170	14	8	21	5	10	4
AT2G23755	23	18	14	19	23	12
AT2G47710	880	995	1177	403	422	442
AT2G30390	207	226	190	186	244	163
AT2G18200	10	8	7	2	6	7
AT2G34410	529	646	602	564	673	444
AT2G04190	6	8	3	30	37	34
AT2G32320	375	334	370	376	380	333
AT2G39851	0	0	0	0	0	0
AT2G42810	1175	1068	1032	1427	1755	1489
AT2G35130	21	21	11	16	32	9
AT2G25500	0	0	0	0	0	0
AT2G24000	3	15	24	2	2	4
AT2G25410	1	2	2	15	15	11
AT2G32080	1588	1524	1433	1771	1946	1516
AT2G19600	412	465	440	468	639	436
AT2G36950	1476	1399	1682	1241	1594	1460
AT2G07835	0	0	0	0	0	1
AT2G35795	520	412	410	443	415	348
AT2G37030	0	0	0	0	0	0
AT2G32400	560	620	557	506	527	501
AT2G29340	60	42	27	66	64	77
AT2G03270	277	252	215	250	272	209
AT2G40711	25	18	14	19	30	17
AT2G35790	940	634	550	835	901	711
AT2G29460	327	446	472	166	108	92
AT2G31200	697	900	692	664	654	491
AT2G24580	328	351	392	530	825	443
AT2G38040	8437	9200	8876	7178	6905	7580
AT2G25305	0	0	0	0	0	0
AT2G34810	14	44	23	11	31	10
AT2G44160	5886	6496	7056	4975	5973	4927
AT2G03770	3	7	1	7	7	6
AT2G07687	0	0	0	0	0	0
AT2G24460	1	1	0	0	0	0
AT2G04066	0	0	0	0	0	0
AT2G26920	479	492	441	468	614	464
AT2G28490	2	0	0	1	0	1
AT2G32835	0	0	0	0	0	0
AT2G19540	1766	1591	1506	1808	2021	1662
AT2G40190	337	310	270	334	388	292
AT2G33060	29	44	65	53	55	38
AT2G37900	206	610	339	188	407	33
AT2G29150	1	1	0	1	0	7
AT2G04400	1430	1543	1520	1395	1473	1347
AT2G23250	1	0	0	0	0	0
AT2G14635	1	0	0	0	0	0
AT2G31390	8171	8876	7023	9806	11481	7468
AT2G27630	4	5	8	16	20	14
AT2G03210	8	11	7	11	13	21
AT2G01755	1	0	0	3	6	1
AT2G45210	138	95	52	162	341	71
AT2G21660	56684	53568	51341	40472	47766	42987
AT2G25125	0	1	1	0	2	3
AT2G03570	0	0	0	0	0	0
AT2G02130	2383	1548	1019	1554	1802	1172
AT2G37970	143	102	115	23	34	36
AT2G15020	0	0	0	0	0	0
AT2G43000	42	54	34	16	16	83
AT2G43850	349	418	323	446	625	450
AT2G30690	0	0	0	0	0	0
AT2G20120	748	641	609	698	846	679
AT2G24820	10	9	10	11	21	6
AT2G03667	165	191	180	209	226	176
AT2G46900	1191	1068	1005	1360	1771	1290
AT2G36080	131	87	79	48	59	54
AT2G23093	75	69	49	81	99	67
AT2G03390	270	218	213	248	333	268
AT2G26000	167	159	173	170	197	210
AT2G20740	467	464	442	419	533	459
AT2G32600	659	540	539	622	633	610
AT2G41010	3317	4083	4850	4794	4625	4411
AT2G04032	0	0	2	0	0	0
AT2G19970	121	119	130	248	362	159
AT2G28360	1103	1048	1050	1033	1121	1017
AT2G22270	477	515	402	513	674	400
AT2G43660	16	12	9	5	1	3
AT2G46180	715	809	775	848	921	731
AT2G39400	200	181	173	78	120	277
AT2G20610	2798	2917	3119	3047	3523	2920
AT2G26570	690	666	643	692	811	670
AT2G28690	6	17	5	50	147	30
AT2G20619	0	0	0	0	0	0
AT2G40240	39	35	33	39	52	30
AT2G07751	0	0	0	0	0	1
AT2G01050	0	0	0	0	0	0
AT2G34090	488	501	459	379	393	350
AT2G17370	734	566	620	691	791	718
AT2G27490	375	293	311	248	327	294
AT2G04195	0	0	0	0	0	0
AT2G08990	3	0	0	3	3	2
AT2G07595	0	0	1	0	1	0
AT2G09135	0	0	0	0	0	0
AT2G06395	0	0	0	0	1	0
AT2G09755	0	0	0	0	0	0
AT2G04835	0	0	0	0	0	0
AT2G05005	0	0	0	0	0	0
AT2G08365	0	0	0	0	0	0
AT2G09180	0	0	0	0	0	0
AT2G05495	0	0	0	0	0	0
AT2G07885	0	0	0	0	0	0
AT2G09170	0	0	0	0	0	0
AT2G03885	0	0	0	0	0	0
AT2G08465	0	0	0	0	0	0
AT2G08355	0	0	0	0	0	0
AT2G09955	0	1	0	0	0	1
AT2G08075	0	0	0	0	0	0
AT2G04085	0	0	0	0	0	0
AT2G08545	0	0	0	0	0	0
AT2G09265	0	0	0	0	0	0
AT2G08220	0	0	0	0	0	0
AT2G09270	1	0	1	0	0	0
AT2G05875	2	1	0	2	4	2
AT2G06365	0	0	0	0	0	0
AT2G08175	0	0	0	0	0	0
AT2G05865	0	0	0	0	0	0
AT2G09005	0	0	0	0	0	0
AT2G07645	0	0	0	1	0	1
AT2G09285	0	0	0	0	0	0
AT2G08450	4	5	2	1	1	8
AT2G09185	0	0	1	1	1	0
AT2G07285	0	0	0	0	0	0
AT2G09250	0	0	0	0	0	0
AT2G08675	0	0	0	0	0	0
AT2G04785	1	3	1	0	0	0
AT2G23040	81	50	52	83	72	59
AT2G05215	25	13	13	30	19	38
AT2G08160	0	0	0	0	0	0
AT2G09765	0	0	0	0	0	0
AT2G04745	0	0	0	0	0	0
AT2G08010	0	4	0	1	0	4
AT2G09770	0	0	0	0	0	0
AT2G04635	0	0	0	0	0	0
AT2G05885	0	0	0	0	0	0
AT2G08955	0	0	0	0	0	0
AT2G08880	0	0	0	0	0	0
AT2G08535	0	0	0	0	0	0
AT2G04685	0	0	0	0	0	0
AT2G08560	0	0	0	0	0	0
AT2G08645	0	0	0	0	0	0
AT2G08210	0	0	0	0	0	0
AT2G06655	0	0	0	0	0	0
AT2G09590	0	0	0	0	0	0
AT2G05575	0	0	0	0	0	0
AT2G04325	0	0	0	0	1	1
AT2G08835	0	0	0	0	0	0
AT2G07585	0	1	0	1	2	1
AT2G06175	0	0	0	0	0	0
AT2G08570	0	0	0	0	0	0
AT2G03945	0	0	0	0	0	0
AT2G08735	0	0	0	0	2	0
AT2G06725	0	0	0	0	0	0
AT2G05965	0	0	0	0	0	0
AT2G08890	0	0	0	0	0	0
AT2G07840	0	0	0	0	0	0
AT2G08385	0	0	0	0	1	0
AT2G06315	0	0	0	0	0	0
AT2G08945	0	0	0	0	0	0
AT2G08925	0	0	0	0	0	0
AT2G07940	0	0	0	0	0	0
AT2G08250	0	0	0	0	0	0
AT2G04175	0	0	0	0	0	0
AT2G06955	0	0	0	0	0	0
AT2G09750	0	0	0	1	1	0
AT2G06995	9	5	7	5	8	9
AT2G08165	0	0	0	0	0	0
AT2G05555	0	0	0	0	0	1
AT2G08830	0	0	0	0	0	0
AT2G05975	0	0	0	0	0	0
AT2G04665	0	0	0	0	0	0
AT2G08305	0	0	0	0	0	0
AT2G05395	0	0	0	0	0	0
AT2G09725	0	0	1	2	0	0
AT2G04345	2	0	0	1	2	2
AT2G04465	0	0	0	0	0	0
AT2G06415	0	0	0	0	0	0
AT2G09195	0	0	0	0	0	0
AT2G04005	2	1	0	0	1	0
AT2G09385	0	0	0	0	0	0
AT2G08895	0	0	0	0	0	0
AT2G08495	0	0	0	0	0	0
AT2G03985	0	0	0	0	0	0
AT2G06705	0	0	0	0	0	0
AT2G06575	0	0	0	0	0	0
AT2G09015	0	0	0	0	0	0
AT2G06035	0	0	0	0	0	0
AT2G04365	0	0	0	0	0	0
AT2G05945	1	1	0	1	1	1
AT2G07545	1	0	1	1	3	3
AT2G08950	0	1	0	0	0	0
AT2G04815	0	0	0	0	0	0
AT2G09255	0	0	1	1	0	0
AT2G05695	0	0	0	0	0	0
AT2G08415	0	0	0	0	0	0
AT2G09060	0	0	0	0	0	0
AT2G07960	0	0	0	0	0	0
AT2G06975	0	0	0	0	0	0
AT2G06495	0	0	0	0	0	0
AT2G05425	0	0	0	0	0	0
AT2G04505	0	0	0	0	0	2
AT2G24592	50	53	41	26	62	39
AT2G05905	0	0	0	0	0	0
AT2G04605	0	0	0	0	0	0
AT2G08200	0	0	0	0	0	0
AT2G09280	0	0	0	0	0	0
AT2G09550	0	0	0	0	0	0
AT2G04405	1	0	1	0	0	0
AT2G09835	0	0	0	0	0	0
AT2G08455	7	18	10	8	14	8
AT2G08310	0	0	0	0	0	0
AT2G09330	0	0	0	0	0	0
AT2G08155	0	0	0	0	0	0
AT2G08115	0	0	0	0	0	0
AT2G06585	0	0	0	0	0	0
AT2G05545	0	0	0	0	0	0
AT2G09555	0	0	0	0	0	1
AT2G09040	0	0	0	0	0	0
AT2G04225	0	0	0	0	0	0
AT2G06185	0	0	0	0	0	0
AT2G08095	0	0	0	0	0	0
AT2G05515	2	1	3	0	0	0
AT2G08705	0	0	0	0	0	0
AT2G08315	0	0	0	0	0	0
AT2G07555	0	0	0	0	0	0
AT2G07865	0	0	0	0	0	0
AT2G09620	0	0	0	0	0	0
AT2G08620	0	0	0	1	0	1
AT2G08995	0	0	0	0	0	0
AT2G08045	0	0	0	0	0	0
AT2G09625	1	0	0	0	0	0
AT2G09535	0	0	0	0	0	0
AT2G06435	0	0	0	0	0	0
AT2G08270	0	0	0	0	1	0
AT2G05785	0	0	0	0	0	0
AT2G09075	0	0	0	0	0	1
AT2G05405	0	0	0	0	0	0
AT2G04185	0	0	0	0	0	0
AT2G07085	0	0	0	0	1	0
AT2G07025	0	0	0	0	0	0
AT2G07225	0	0	0	0	0	0
AT2G05705	1	0	1	4	0	0
AT2G04205	1	3	1	1	0	0
AT2G07935	0	0	0	0	0	0
AT2G04215	144	186	121	207	333	149
AT2G09085	0	0	0	0	0	0
AT2G07445	0	0	0	1	0	0
AT2G09745	13	18	12	29	31	14
AT2G05665	16	16	13	12	18	13
AT2G07415	0	0	0	0	0	0
AT2G05925	0	0	0	0	0	0
AT2G08690	0	0	0	0	0	0
AT2G07995	0	0	0	0	0	0
AT2G08625	0	0	0	0	0	0
AT2G06505	0	0	0	0	0	0
AT2G07045	0	0	0	0	0	0
AT2G09050	0	0	0	0	0	0
AT2G09290	0	0	0	0	0	0
AT2G04655	0	0	0	0	0	0
AT2G06445	0	0	0	0	0	0
AT2G04895	0	0	2	0	0	0
AT2G08005	25	19	24	11	6	21
AT2G08265	0	0	0	0	0	0
AT2G07890	0	0	0	0	0	0
AT2G08985	0	0	0	0	1	0
AT2G08940	0	0	0	0	0	0
AT2G09295	0	0	0	0	0	0
AT2G06145	0	0	0	0	0	0
AT2G06905	0	0	0	0	0	0
AT2G09415	0	0	0	0	0	0
AT2G05855	0	0	0	0	0	0
AT2G09100	0	0	1	0	0	1
AT2G08260	0	0	0	0	0	0
AT2G08790	0	2	0	0	0	0
AT2G03995	0	0	0	0	0	0
AT2G06535	0	0	0	0	0	0
AT2G04485	0	0	0	0	0	0
AT2G07535	0	0	0	0	0	0
AT2G08935	0	0	0	0	0	0
AT2G05205	0	0	0	0	0	0
AT2G08070	0	0	0	0	0	0
AT2G08920	0	0	0	0	0	0
AT2G09760	0	0	0	0	0	0
AT2G09055	0	0	0	0	0	0
AT2G07970	0	0	0	0	0	0
AT2G04715	0	1	0	0	0	0
AT2G08245	0	0	0	0	0	0
AT2G04855	0	0	0	0	0	0
AT2G06225	0	0	1	1	1	0
AT2G05045	0	0	0	0	0	0
AT2G08280	0	0	0	0	0	0
AT2G04265	0	0	0	0	0	0
AT2G09775	0	0	0	0	0	0
AT2G09525	7	17	15	6	5	5
AT2G08505	0	0	0	0	1	0
AT2G07435	0	0	0	0	0	0
AT2G09375	0	0	0	0	0	0
AT2G05625	0	0	0	0	0	0
AT2G09965	0	0	0	0	0	0
AT2G09445	0	0	0	0	0	0
AT2G07990	0	0	0	0	0	0
AT2G09635	0	0	0	0	0	0
AT2G07375	0	0	0	0	0	0
AT2G07055	0	0	0	0	0	0
AT2G08360	0	0	0	0	0	0
AT2G04805	0	0	0	0	0	0
AT2G08290	0	0	0	0	0	0
AT2G03905	0	0	0	0	0	0
AT2G06065	0	0	0	0	0	0
AT2G08980	0	0	0	0	0	0
AT2G09165	0	0	0	0	0	0
AT2G09730	0	0	0	0	0	0
AT2G08485	3	1	5	5	5	4
AT2G09490	9	7	5	9	7	4
AT2G08090	0	0	0	0	0	0
AT2G09105	0	0	0	0	0	0
AT2G07945	0	0	0	0	0	0
AT2G06755	0	0	0	0	0	0
AT2G05725	0	0	0	0	0	0
AT2G09545	0	0	0	0	0	0
AT2G09115	0	0	0	0	0	0
AT2G08850	0	1	0	0	0	1
AT2G08085	0	0	0	0	0	0
AT2G06345	0	0	0	0	0	0
AT2G09355	0	0	0	0	0	0
AT2G09655	0	0	0	0	0	0
AT2G08400	0	0	0	0	0	0
AT2G09540	0	0	0	0	0	0
AT2G09065	0	0	0	0	0	0
AT2G06075	0	0	0	0	0	0
AT2G04255	0	0	0	0	0	0
AT2G06515	0	0	0	0	0	0
AT2G08550	0	0	0	0	0	0
AT2G06635	0	0	0	0	0	2
AT2G07035	0	0	0	0	0	0
AT2G09140	0	0	0	0	0	0
AT2G09780	0	0	0	0	0	0
AT2G08255	0	0	0	0	0	0
AT2G04915	0	0	0	0	0	0
AT2G05535	0	0	0	0	0	0
AT2G08460	0	0	0	0	0	0
AT2G08030	0	0	0	0	0	0
AT2G06485	0	0	0	0	0	0
AT2G04695	0	0	0	0	0	0
AT2G04825	0	0	0	0	0	0
AT2G08215	0	0	0	0	0	0
AT2G05085	0	0	0	0	0	0
AT2G08055	0	0	0	0	0	0
AT2G09650	0	0	0	0	0	0
AT2G06405	0	0	0	0	0	0
AT2G04945	0	0	0	0	0	0
AT2G04975	0	0	0	0	0	0
AT2G09630	1	0	2	0	0	0
AT2G09450	0	0	0	0	0	0
AT2G06945	0	0	0	0	0	0
AT2G08050	0	0	0	0	0	0
AT2G09320	0	0	0	0	0	0
AT2G04355	0	0	0	0	0	0
AT2G08565	0	0	0	0	0	0
AT2G08975	0	0	0	0	0	0
AT2G04435	0	0	1	0	1	0
AT2G08515	0	0	0	0	0	0
AT2G08105	0	0	0	0	0	0
AT2G05365	0	2	0	3	0	2
AT2G04735	0	0	0	0	0	0
AT2G06305	0	0	0	0	0	0
AT2G09515	1	0	0	0	0	0
AT2G04565	0	0	0	0	0	0
AT2G06605	4	1	1	0	0	1
AT2G08720	0	0	0	0	0	0
AT2G05585	0	0	0	0	0	0
AT2G07855	0	0	0	0	0	0
AT2G07135	0	0	0	3	2	0
AT2G06135	0	0	0	0	0	0
AT2G04155	0	0	0	0	0	0
AT2G08800	0	0	0	0	0	0
AT2G08150	0	0	0	0	0	0
AT2G06625	0	0	0	0	0	0
AT2G09390	0	0	0	1	0	0
AT2G04595	0	0	0	0	0	0
AT2G09615	4	0	0	1	0	1
AT2G09585	0	0	0	0	0	0
AT2G09715	0	0	0	0	0	0
AT2G07255	0	0	0	0	0	0
AT2G08190	0	0	0	0	0	0
AT2G06835	0	0	0	0	0	0
AT2G08490	0	0	0	0	0	0
AT2G08630	0	0	0	0	0	0
AT2G07900	0	0	0	0	0	0
AT2G08380	0	0	0	0	0	0
AT2G08300	0	0	0	0	0	0
AT2G08845	0	0	0	0	0	0
AT2G04985	0	0	0	0	0	0
AT2G09240	0	0	0	0	0	0
AT2G06815	0	0	0	0	0	0
AT2G09420	0	1	1	0	0	0
AT2G08775	0	0	0	0	0	0
AT2G06355	0	0	0	0	0	0
AT2G08195	0	3	0	0	0	0
AT2G05675	0	0	0	0	0	0
AT2G06745	0	0	0	0	0	0
AT2G04765	0	0	0	0	0	0
AT2G04875	0	0	0	0	0	0
AT2G06375	0	0	0	0	0	0
AT2G09220	1	0	0	0	0	1
AT2G07425	3	5	6	5	3	6
AT2G07860	0	0	0	0	0	0
AT2G08230	0	0	0	0	0	0
AT2G05075	0	0	0	0	0	0
AT2G08295	0	0	0	0	0	0
AT2G08430	0	0	0	0	0	0
AT2G05445	0	0	0	0	0	0
AT2G04335	0	0	0	0	0	0
AT2G09575	0	0	0	0	0	0
AT2G06685	0	0	0	0	0	0
AT2G08510	0	0	0	0	0	0
AT2G09720	0	0	0	0	0	0
AT2G08885	0	0	0	0	0	0
AT2G09825	0	0	0	0	0	0
AT2G08040	0	0	0	0	0	0
AT2G09125	0	0	0	0	0	0
AT2G08180	0	0	0	0	0	0
AT2G09235	0	0	0	0	0	0
AT2G09360	0	0	0	0	0	0
AT2G05015	0	0	0	0	0	0
AT2G05095	2	2	1	1	2	1
AT2G08100	0	0	0	0	0	0
AT2G08110	0	0	0	0	0	0
AT2G08410	0	0	0	0	0	0
AT2G07235	0	0	0	0	0	0
AT2G09570	0	0	0	0	0	0
AT2G09915	0	0	1	0	2	0
AT2G04315	0	0	0	0	0	0
AT2G05895	0	1	0	1	0	0
AT2G06475	0	0	0	0	0	0
AT2G05065	0	0	0	0	0	0
AT2G08540	0	0	0	0	0	0
AT2G07095	0	0	0	0	0	0
AT2G08320	0	0	0	0	0	0
AT2G09095	0	0	0	0	0	0
AT2G08445	0	0	0	0	0	0
AT2G04645	0	0	0	0	0	0
AT2G09410	0	0	0	0	0	0
AT2G09020	0	0	0	0	0	0
AT2G08820	7	7	1	5	4	12
AT2G08500	0	0	0	0	4	0
AT2G07005	0	0	0	0	0	0
AT2G07165	0	0	0	0	0	0
AT2G05125	0	0	0	0	0	0
AT2G08715	0	1	0	2	1	0
AT2G04905	0	0	0	0	0	0
AT2G05465	0	0	0	0	0	0
AT2G06695	0	0	0	0	0	0
AT2G08805	0	0	0	0	0	0
AT2G09245	0	0	0	0	0	0
AT2G08670	0	0	0	0	0	0
AT2G08395	0	0	0	0	0	0
AT2G09315	0	0	0	0	0	0
AT2G04615	0	0	0	0	0	0
AT2G09130	0	0	0	0	0	0
AT2G08870	0	0	0	0	0	0
AT2G09405	0	0	0	0	0	0
AT2G09875	0	0	0	0	0	0
AT2G05835	0	0	0	0	0	0
AT2G06085	0	0	0	0	0	0
AT2G04775	0	0	0	0	0	0
AT2G07870	0	0	0	0	0	0
AT2G09110	0	0	0	0	0	0
AT2G07905	0	0	0	0	0	0
AT2G09010	0	0	0	0	0	0
AT2G06935	0	0	0	0	0	0
AT2G06785	0	0	0	0	0	0
AT2G08875	0	0	0	0	0	0
AT2G08240	0	0	0	0	0	0
AT2G04885	0	1	1	0	2	1
AT2G08930	0	0	0	0	0	0
AT2G09480	0	0	0	0	0	0
AT2G07525	0	0	0	0	1	1
AT2G05035	2	0	0	3	0	0
AT2G08710	0	0	0	0	0	0
AT2G07385	0	0	0	0	0	0
AT2G04075	0	0	0	0	0	0
AT2G09210	0	0	0	0	0	0
AT2G08125	0	0	0	0	0	0
AT2G06595	0	0	0	0	0	0
AT2G06765	0	0	0	0	0	0
AT2G06115	0	0	0	0	0	0
AT2G09070	0	0	0	0	0	0
AT2G07985	0	0	0	0	0	0
AT2G08285	0	0	0	0	0	0
AT2G06385	0	0	0	0	0	0
AT2G04995	0	0	0	0	0	0
AT2G08590	0	0	0	0	0	0
AT2G05155	0	0	0	0	0	0
AT2G07925	0	2	0	0	0	0
AT2G06275	0	0	0	0	0	0
AT2G04095	0	0	0	0	0	0
AT2G09530	0	0	0	0	0	0
AT2G08825	0	0	0	0	0	0
AT2G06805	0	0	0	0	0	0
AT2G05505	0	0	2	0	0	1
AT2G07115	0	0	0	0	0	0
AT2G05485	0	0	0	0	0	0
AT2G09260	0	0	0	0	0	0
AT2G04015	0	0	0	0	0	0
AT2G08970	0	0	0	0	0	0
AT2G05825	12	3	8	11	7	11
AT2G09845	0	0	0	0	0	0
AT2G04575	0	0	0	0	0	0
AT2G09380	0	0	0	0	0	0
AT2G09160	0	0	0	0	0	0
AT2G08915	1	0	1	0	0	0
AT2G08475	2	2	0	2	2	0
AT2G31902	154	173	212	176	186	155
AT2G09000	1	0	0	0	0	0
AT2G09675	0	0	0	0	0	0
AT2G09045	1	4	2	1	4	1
AT2G09400	0	0	0	0	0	0
AT2G08205	0	0	0	0	0	0
AT2G09785	0	0	0	0	0	0
AT2G08330	0	0	0	0	0	0
AT2G09395	2	0	0	0	0	4
AT2G08135	0	0	0	0	0	0
AT2G09735	1	0	1	0	1	1
AT2G08745	0	0	0	0	0	0
AT2G09035	0	0	0	0	0	0
AT2G05255	0	0	0	0	0	0
AT2G13665	110	86	90	83	96	83
AT2G24755	466	507	482	424	553	463
AT2G09895	0	0	0	0	0	0
AT2G04145	0	1	1	2	1	1
AT2G16245	4	1	0	0	3	1
AT2G09975	4	5	2	1	1	3
AT2G08405	1	2	0	1	7	5
AT2G08480	0	0	0	0	0	0
AT2G09905	7	5	6	5	5	6
AT2G09560	1	0	0	0	0	0
AT2G08730	36	21	25	26	52	32
AT2G07345	1	0	0	2	1	3
AT2G08750	4	3	0	1	2	1
AT2G45315	105	96	69	131	160	85
AT2G06615	0	0	0	0	0	0
AT2G07335	2	1	1	0	0	0
AT2G35637	8	12	12	15	19	18
AT2G07805	0	0	1	0	0	0
AT2G06525	0	0	0	0	0	0
AT2G04125	0	0	0	0	0	0
AT2G09430	0	1	1	0	0	1
AT2G08575	0	0	0	0	0	0
AT2G08815	0	0	2	1	2	0
AT2G08000	2	1	1	1	3	3
AT2G09805	0	0	1	0	0	0
AT2G09305	0	0	0	0	0	0
AT2G08060	0	1	0	1	0	1
AT2G07275	2	2	1	0	3	2
AT2G14115	35	20	19	24	28	11
AT2G09740	0	0	1	0	2	0
AT2G09565	0	3	0	0	0	3
AT2G08525	0	0	0	0	2	0
AT2G45685	145	148	184	126	94	139
AT2G07845	0	0	1	0	1	0
AT2G09605	2	0	0	2	3	0
AT2G07355	0	0	0	0	0	0
AT2G06465	1	1	0	0	0	1
AT2G44798	54	60	36	50	49	44
AT2G08865	0	1	1	0	0	0
AT2G40008	2	0	0	0	1	0
AT2G09945	0	2	0	0	0	0
AT2G37555	6	2	3	5	9	7
AT2G42247	168	170	161	210	247	225
AT2G09230	4	1	1	6	3	2
AT2G09640	32	32	27	29	24	33
AT2G08420	0	0	0	0	0	0
AT2G08340	0	1	1	0	0	0
AT2G30362	46	38	61	37	36	33
AT2G04065	0	1	0	0	0	1
AT2G08960	0	1	0	0	2	0
AT2G06795	0	1	2	2	0	3
AT2G07265	0	0	0	0	0	0
AT2G08335	0	0	0	0	0	0
AT2G08965	0	0	0	0	0	0
AT2G09175	1	0	0	0	0	0
AT2G33051	390	273	328	243	303	225
AT2G07213	0	0	0	0	0	1
AT2G22955	0	0	0	0	0	0
AT2G08780	24	31	21	18	18	35
AT2G05812	269	186	193	231	315	209
AT2G09505	0	0	0	0	0	0
AT2G30984	1	1	0	1	2	1
AT2G06215	0	0	0	0	0	0
AT2G09425	0	0	0	0	0	0
AT2G09610	0	0	0	0	0	0
AT2G08685	1	2	0	0	0	0
AT2G09710	1	0	0	0	0	0
AT2G08680	0	0	0	0	0	0
AT2G07015	1	3	2	0	2	3
AT2G18917	0	0	0	0	0	0
AT2G33815	37	18	13	19	22	48
AT2G04555	0	0	0	0	0	0
AT2G35859	14	17	14	11	22	14
AT2G08440	2	1	0	0	0	0
AT2G07325	0	0	1	0	0	0
AT2G07495	0	1	0	0	0	0
AT2G09925	2	2	1	1	0	2
AT2G07305	17	16	16	13	11	15
AT2G10921	0	0	0	0	0	0
AT2G03895	0	0	0	0	0	0
AT2G37362	90	101	82	141	184	120
AT2G08655	14	5	4	19	21	13
AT2G05245	0	0	0	0	0	0
AT2G09325	0	0	0	0	0	0
AT2G09370	0	0	2	0	0	0
AT2G08795	0	0	0	0	0	0
AT2G09190	0	0	0	0	0	0
AT2G09455	0	1	1	0	0	0
AT2G04285	2	1	5	0	3	3
AT2G08435	2	0	2	0	2	0
AT2G08640	0	0	0	0	0	0
AT2G08345	0	0	0	0	0	0
AT2G11852	0	0	0	0	0	0
AT2G09665	0	0	0	0	0	1
AT2G08020	1	1	0	0	1	0
AT2G09510	0	1	0	0	0	0
AT2G08530	0	0	0	0	0	0
AT2G08740	1	8	5	14	9	12
AT2G09495	0	0	0	0	0	0
AT2G09225	2	6	2	0	0	0
AT2G07875	0	4	1	0	0	0
AT2G44255	127	93	77	111	125	90
AT2G42365	106	96	82	119	83	84
AT2G26692	7	2	4	2	0	3
AT2G08695	0	0	0	2	0	0
AT2G08130	0	0	0	0	0	0
AT2G09435	2	4	7	5	9	7
AT2G09795	210	151	134	141	159	127
AT2G07245	0	2	0	0	0	0
AT2G08635	0	5	0	1	1	0
AT2G26355	568	501	498	275	380	267
AT2G09645	0	0	0	0	0	0
AT2G08595	0	1	0	1	2	0
AT2G47895	20	15	8	20	19	19
AT2G07965	3	1	1	3	2	1
AT2G08700	0	0	0	0	0	0
AT2G24545	97	125	95	148	223	216
AT2G19572	34	32	34	48	79	45
AT2G41178	1	1	2	1	0	0
AT2G04852	22	33	26	42	45	36
AT2G09885	1	1	1	0	0	0
AT2G09470	0	0	0	0	0	0
AT2G09200	7	4	0	2	3	1
AT2G08665	1	1	0	0	2	0
AT2G07485	0	1	0	0	0	0
AT2G09300	0	0	0	0	0	0
AT2G04545	0	0	0	0	0	0
AT2G23672	10	3	4	2	6	3
AT2G09310	1	0	0	0	0	2
AT2G08350	0	0	0	0	0	0
AT2G09335	5	5	5	6	4	4
AT2G07950	0	0	0	0	1	0
AT2G08470	25	28	19	25	25	51
AT2G22821	23	45	30	12	9	5
AT2G32315	0	0	0	0	0	0
AT2G46572	77	54	58	63	85	68
AT2G09935	4	5	1	1	1	4
AT2G36792	1	0	0	0	0	0
AT2G07175	6	3	0	1	3	0
AT2G04295	0	0	0	0	1	0
AT2G31751	80	78	47	62	53	66
AT2G03975	58	45	41	72	62	44
AT2G04755	2	1	1	3	1	3
AT2G26882	0	0	0	0	0	0
AT2G09500	0	0	0	0	0	0
AT2G32179	1	0	0	0	0	0
AT2G08425	0	2	0	1	3	0
AT2G07515	0	1	1	0	0	1
AT2G04525	7	9	5	6	8	7
AT2G09090	13	22	22	16	22	33
AT2G08660	29	29	46	27	31	19
AT2G42835	0	0	0	1	0	0
AT2G09350	3	0	1	0	0	0
AT2G19582	9	8	8	11	15	9
AT2G09440	0	1	0	0	0	0
AT2G09205	0	0	0	0	0	0
AT2G07475	5	1	5	4	1	5
AT2G09345	0	0	0	0	0	0
AT2G03925	0	1	0	0	0	0
AT2G08520	0	0	0	0	0	0
AT2G08025	0	0	0	0	0	0
AT2G08650	5	2	1	1	0	0
AT2G21187	58	51	81	46	54	32
AT2G09660	1	1	0	3	0	4
AT2G35738	122	99	135	112	138	139
AT2G05914	0	0	0	0	0	0
AT2G05145	0	0	0	0	0	0
AT2G35945	63	74	92	67	85	87
AT2G04725	0	0	0	0	0	0
AT2G04535	0	0	0	0	0	1
AT2G09025	0	1	0	0	0	0
AT2G07850	20	25	24	8	14	13
AT2G08120	0	0	0	0	0	0
AT2G08015	0	0	0	0	0	0
AT2G03445	0	0	0	0	0	0
AT2G05615	0	0	0	0	0	0
AT2G47275	0	0	0	1	0	0
AT2G04935	0	0	0	0	0	0
AT2G22496	0	2	1	0	0	0
AT2G07915	0	0	0	0	1	1
AT2G02741	0	0	0	0	0	0
AT2G22668	0	0	0	0	0	0
AT2G46685	3	12	8	1	2	3
AT2G09150	0	0	0	0	0	0
AT2G46255	0	0	0	0	0	2
AT2G40805	0	0	0	0	0	0
AT2G24103	0	0	0	0	0	0
AT2G38325	1	0	0	0	0	0
AT2G08235	0	0	0	0	0	0
AT2G09995	0	0	0	0	0	1
AT2G10606	0	0	0	0	0	0
AT2G39885	0	0	0	0	0	0
AT2G05415	0	0	0	0	0	0
AT2G06665	0	0	0	0	0	0
AT2G16145	0	0	0	0	0	0
AT2G39175	0	0	0	0	2	1
AT2G07910	0	0	0	0	0	0
AT2G08275	0	0	0	0	0	0
AT2G47585	0	0	0	0	0	0
AT2G34208	0	0	0	0	0	0
AT2G08555	3	0	0	0	0	0
AT2G07195	0	0	0	0	0	0
AT2G47015	4	7	6	0	0	1
AT2G34204	0	0	0	0	0	0
AT2G41616	1	0	0	0	0	0
AT2G28056	0	2	0	0	0	0
AT2G03855	0	0	0	0	0	0
AT2G07895	0	0	0	0	0	0
AT2G09340	0	0	0	0	0	0
AT2G25171	0	0	0	0	0	0
AT2G09670	1	2	0	2	0	0
AT2G19425	0	0	1	0	0	0
AT2G25011	0	0	0	0	0	0
AT2G07315	0	0	0	0	0	0
AT2G08855	0	0	0	0	0	0
AT2G23347	0	0	1	2	0	2
AT2G07205	0	0	0	0	0	0
AT2G09120	0	0	0	0	0	0
AT2G26211	0	0	0	0	0	0
AT2G09080	0	0	0	0	0	0
AT2G25095	0	0	2	0	0	1
AT2G08035	0	0	0	0	0	0
AT2G05815	0	0	0	0	0	1
AT2G32273	0	0	0	0	0	0
AT2G32698	0	0	0	0	0	0
AT2G05605	0	0	0	0	0	0
AT2G34202	0	0	0	0	0	0
AT2G05455	0	0	0	0	0	0
AT2G08390	0	0	0	0	0	0
AT2G06855	1	1	1	1	0	0
AT2G07615	2	0	0	0	1	0
AT2G35387	1	2	0	1	0	0
AT2G08760	17	5	10	16	12	4
AT2G20723	2	1	0	0	0	1
AT2G08585	0	0	0	0	0	0
AT2G43139	1	0	0	0	1	1
AT2G17295	0	1	0	1	2	0
AT2G43138	0	0	0	1	0	0
AT2G08725	1	1	0	0	1	0
AT2G35747	0	0	0	0	0	0
AT2G08580	0	0	0	0	0	0
AT2G09815	0	0	0	0	0	0
AT2G35384	0	0	0	0	0	0
AT2G20722	2	2	2	2	0	2
AT2G08755	11	3	6	3	4	2
AT2G05765	8	6	5	3	6	1
AT2G05565	0	0	0	0	0	0
AT2G35742	3	0	0	1	0	0
AT2G08905	0	0	0	0	0	0
AT2G09460	0	0	0	0	0	0
AT2G08770	0	0	0	0	0	0
AT2G43141	0	0	0	0	0	0
AT2G08375	0	0	0	0	0	0
AT2G09685	0	0	0	0	0	0
AT2G07605	0	0	1	0	0	0
AT2G08860	0	0	0	0	0	0
AT2G08370	0	1	0	0	0	0
AT2G08900	0	0	0	0	0	0
AT2G08910	0	0	0	1	0	0
AT2G43137	0	1	0	0	2	0
AT2G04955	16	10	11	9	19	3
AT2G35744	20	6	7	4	7	8
AT2G08765	21	14	5	7	9	9
AT2G09690	0	0	0	0	0	0
AT2G09695	0	0	0	0	0	0
AT2G09705	0	0	0	0	0	0
AT2G20721	3	0	3	3	1	1
AT2G06865	5	1	0	3	2	1
AT2G09700	0	0	0	0	0	0
AT2G35382	0	0	0	0	0	1
AT2G05525	0	0	0	0	0	0
AT2G09465	0	0	0	0	0	0
AT2G09680	0	0	0	0	0	0
AT2G04965	18	12	6	7	18	7
AT2G04455	0	0	0	0	0	0
AT2G04375	0	0	0	0	0	0
AT2G07295	0	0	0	0	0	0
AT2G06455	0	0	0	0	0	0
AT2G07752	0	0	0	0	0	0
AT2G26090	0	0	0	0	0	0
AT2G28770	0	0	0	0	0	0
AT2G21670	0	0	0	0	0	0
AT2G22380	0	0	0	0	0	0
AT2G07756	0	0	0	0	0	0
AT2G46120	0	0	0	0	0	0
AT2G22580	0	0	0	0	0	0
AT2G24380	0	0	0	0	0	0
AT2G23020	0	0	0	0	0	0
AT2G27850	0	0	0	0	0	0
AT2G07755	0	0	0	0	0	0
AT2G33920	0	0	0	0	0	0
AT2G33910	0	0	0	0	0	0
AT2G29520	0	0	0	0	0	0
AT2G02900	0	0	0	0	0	0
AT2G07761	0	0	0	0	0	0
AT2G21700	0	0	0	0	0	0
AT2G30450	0	0	0	0	0	0
AT2G33960	0	0	0	0	0	0
AT2G36280	0	0	0	0	0	0
AT2G07793	0	0	0	0	0	0
AT2G39860	0	0	0	0	0	0
AT2G47740	0	0	0	0	0	0
AT2G03790	0	0	0	0	0	0
AT2G28730	0	0	0	0	0	0
AT2G07758	0	0	0	0	0	0
AT2G42970	0	0	0	0	0	0
AT2G05315	0	0	0	0	0	0
AT2G42420	0	0	0	0	0	0
AT2G03490	0	0	0	0	0	0
AT2G23650	0	0	0	0	0	0
AT2G07745	0	0	0	0	0	0
AT2G07746	0	0	0	0	0	0
AT2G03660	0	0	0	0	0	0
AT2G01160	0	0	0	0	0	0
AT2G45390	0	0	0	0	0	0
AT2G07762	0	0	0	0	0	0
AT2G38030	0	0	0	0	0	0
AT2G07757	0	0	0	0	0	0
AT2G07763	0	0	0	0	0	0
AT2G34950	0	0	0	0	0	0
AT2G07743	0	0	0	0	0	0
AT2G05355	0	0	0	0	0	0
AT2G39600	0	0	0	0	0	0
AT2G22280	0	0	0	0	0	0
AT2G29030	0	0	0	0	0	0
AT2G32110	0	0	0	0	0	0
AT2G43300	0	0	0	0	0	0
AT2G21570	0	0	0	0	0	0
AT2G39610	0	0	0	0	0	0
AT2G07748	0	0	0	0	0	0
AT2G34985	0	0	0	0	0	0
AT2G44320	0	0	0	0	0	0
AT2G47100	0	0	0	0	0	0
AT2G07764	0	0	0	0	0	0
AT2G22110	0	0	0	0	0	0
AT2G07792	0	0	0	0	0	0
AT2G36150	0	0	0	0	0	0
AT2G21360	0	0	0	0	0	0
AT2G36140	0	0	0	0	0	0
AT2G36600	0	0	0	0	0	0
AT2G27560	0	0	0	0	0	0
AT2G33970	0	0	0	0	0	0
AT2G33890	0	0	0	0	0	0
AT2G07765	0	0	0	0	0	0
AT2G42020	0	0	0	0	0	0
AT2G18310	0	0	0	0	0	0
AT2G03700	0	0	0	0	0	0
AT2G07753	0	0	0	0	0	0
AT2G30180	0	0	0	0	0	0
AT2G33650	0	0	0	0	0	0
AT2G33950	0	0	0	0	0	0
AT2G33930	0	0	0	0	0	0
AT2G33940	0	0	0	0	0	0
AT2G33900	0	0	0	0	0	0
AT2G07759	0	0	0	0	0	0
AT2G36520	0	0	0	0	0	0
AT2G33140	2	0	0	0	0	0
AT2G07766	0	0	0	0	0	0
AT2G36860	0	0	0	0	0	0
AT2G30190	0	0	0	0	0	0
AT2G07794	0	0	0	0	0	0
AT2G07754	0	0	0	0	0	0
AT2G33660	0	0	0	0	0	0
AT2G02600	0	0	0	0	0	0
AT2G25400	0	0	0	0	0	0
AT2G36510	0	0	0	0	0	0
AT2G15950	0	0	0	0	0	0
AT2G35220	0	0	0	0	0	0
AT2G16240	0	0	0	0	0	0
AT2G30850	0	0	0	0	0	0
AT2G17810	0	0	0	0	0	0
AT2G22220	0	0	0	0	0	0
AT2G45020	0	0	0	0	0	0
AT2G01010	11	6	3	8	4	2
AT2G01020	154	63	80	63	118	136
AT2G05995	0	0	0	0	0	0
AT2G01422	3	24	1	0	0	1
AT2G31585	99	69	77	99	109	77
AT2G46192	2	1	1	0	2	1
AT2G30115	0	1	0	0	0	0
AT2G04705	0	0	0	0	0	0
AT2G41312	84	98	121	58	66	34
AT2G09365	0	0	0	0	0	0
AT2G39675	67	41	48	49	74	48
AT2G18440	2061	1988	2403	1783	2231	1972
AT2G22482	0	0	0	0	0	0
AT2G07405	0	0	0	0	0	0
AT2G07042	26	16	16	15	30	33
AT2G05685	0	0	0	0	0	0
AT2G43375	18	13	17	13	9	8
AT2G09475	1	0	0	0	0	1
AT2G32795	40	53	50	36	27	26
AT2G21188	8	11	10	26	35	26
AT2G08610	0	0	0	0	0	0
AT2G27400	78	61	43	79	96	79
AT2G24735	0	1	1	0	0	0
AT2G06002	0	0	0	0	0	0
AT2G15292	220	205	228	341	451	181
AT2G06562	0	0	0	0	0	0
AT2G05518	14	15	17	27	26	13
AT2G30945	33	22	16	31	17	25
AT2G14878	1716	1281	1534	1269	1247	1075
AT2G44995	2	12	9	9	13	6
AT2G15555	0	1	0	0	0	0
AT2G18735	43	39	33	57	90	44
AT2G07575	0	1	0	0	0	1
AT2G07975	0	0	0	0	0	0
AT2G42388	0	0	0	0	0	0
AT2G39681	98	78	74	82	154	89
AT2G09155	0	0	0	0	0	0
AT2G36307	53	54	39	77	94	64
AT2G45023	71	45	64	70	72	55
AT2G45245	26	43	48	41	46	29
AT2G19796	0	0	0	0	0	0
AT2G09215	0	0	0	0	0	0
AT2G10537	0	0	0	1	1	1
AT2G42485	68	76	83	59	76	58
AT2G15128	16	10	23	39	34	30
AT2G45780	7	15	4	11	22	6
AT2G42425	0	0	0	0	0	0
AT4G32100	0	0	0	0	0	0
AT4G25880	1757	2156	2242	2366	2855	2475
AT4G03450	0	0	1	0	1	0
AT4G29950	1392	1831	1318	1391	1537	1350
AT4G08535	5	6	9	4	13	10
AT4G26490	130	153	144	63	52	53
AT4G16955	0	0	0	0	0	0
AT4G32710	360	378	341	395	471	386
AT4G25090	98	115	109	244	248	264
AT4G13720	468	362	359	426	483	384
AT4G08039	0	0	0	0	0	0
AT4G27340	123	107	113	139	160	124
AT4G27830	216	323	254	272	319	226
AT4G19380	2	1	5	1	2	1
AT4G29180	182	215	205	113	130	177
AT4G31660	0	1	0	1	0	1
AT4G23200	0	0	0	0	0	0
AT4G29810	1499	1681	1687	1261	1366	1575
AT4G26560	12	13	3	29	31	18
AT4G23670	26506	33162	33842	16234	14553	7978
AT4G02725	143	132	122	137	213	130
AT4G35440	50	56	40	59	67	34
AT4G26240	245	243	229	182	214	216
AT4G31950	23	15	23	23	16	35
AT4G10925	250	206	210	199	286	208
AT4G31690	0	0	0	0	0	0
AT4G34640	2468	2008	2017	2251	2515	2366
AT4G03340	236	186	198	205	319	194
AT4G13550	104	169	152	111	107	99
AT4G15562	0	0	0	0	0	0
AT4G28600	1081	1327	1336	1158	1302	1163
AT4G27400	100	80	103	111	168	122
AT4G27260	371	426	519	565	738	541
AT4G27370	207	196	191	302	279	202
AT4G21470	406	354	393	316	331	311
AT4G05220	29	43	43	35	42	47
AT4G04730	0	0	0	0	0	0
AT4G12485	0	0	0	0	0	0
AT4G34800	90	54	57	40	48	33
AT4G28340	1	6	2	0	3	1
AT4G03820	448	424	484	272	321	287
AT4G11020	1	3	2	13	16	5
AT4G05110	6	6	7	2	4	2
AT4G29940	487	523	543	604	669	579
AT4G23640	1292	1264	1173	1220	1373	1272
AT4G32470	3076	2365	2270	2210	2529	2045
AT4G29330	685	608	578	560	728	504
AT4G23590	333	197	158	226	236	384
AT4G35620	279	293	214	310	385	254
AT4G32660	826	775	759	758	886	684
AT4G19470	2	0	0	0	0	0
AT4G04360	46	48	20	31	32	42
AT4G17490	4079	4601	5165	5613	5251	7405
AT4G25310	33	38	42	108	157	102
AT4G08876	0	0	0	1	0	0
AT4G18550	327	422	407	280	465	345
AT4G12000	135	106	131	48	43	49
AT4G37760	13	34	31	24	62	12
AT4G02510	3236	3071	3315	3449	3987	3259
AT4G34750	147	141	111	127	253	81
AT4G28150	104	124	116	89	154	104
AT4G33040	94	100	201	25	10	40
AT4G19990	452	409	426	501	559	518
AT4G18380	526	478	301	371	502	304
AT4G27415	0	0	0	0	0	0
AT4G03635	105	88	84	56	92	56
AT4G34200	8524	6498	6269	8061	9079	7391
AT4G12800	183	126	18	94	399	9
AT4G30993	308	351	341	298	377	274
AT4G34350	1449	1361	1456	1435	1634	1424
AT4G14368	109	114	59	46	73	185
AT4G38730	174	188	162	139	170	143
AT4G22320	347	246	225	272	325	246
AT4G11790	1039	919	917	998	1166	1012
AT4G05130	8	6	4	2	2	4
AT4G02730	117	104	103	110	131	102
AT4G11175	54	27	37	39	53	30
AT4G21350	96	91	84	171	246	145
AT4G25670	1294	1257	1439	905	969	997
AT4G30410	155	105	88	137	222	141
AT4G27140	31	48	26	16	9	3
AT4G16780	416	294	315	401	527	351
AT4G15830	396	392	298	477	663	362
AT4G09580	240	244	254	221	320	205
AT4G33905	63	80	110	38	29	44
AT4G02940	1193	1061	1417	713	824	858
AT4G02930	3934	3000	2622	3619	4012	3023
AT4G38480	299	199	164	235	313	310
AT4G04555	0	0	0	0	0	0
AT4G04370	69	76	83	85	127	85
AT4G34970	81	47	45	51	101	80
AT4G33610	0	0	0	1	0	0
AT4G23882	3	2	2	0	1	2
AT4G33690	265	230	200	189	263	224
AT4G33490	336	500	412	410	512	410
AT4G03495	6	1	4	1	3	3
AT4G27670	1	0	0	0	0	0
AT4G33220	222	195	184	174	180	147
AT4G24660	0	0	0	2	1	0
AT4G08810	1220	1294	1347	1128	1262	1007
AT4G29580	0	2	1	0	0	0
AT4G14226	0	0	0	0	1	2
AT4G21600	1089	961	953	949	1155	1019
AT4G05360	0	0	0	0	0	0
AT4G03350	0	0	0	0	0	0
AT4G24026	100	68	72	75	101	67
AT4G25970	1953	2387	2460	2182	2725	2556
AT4G20440	1256	942	873	1131	1372	1029
AT4G02482	43	35	69	59	58	36
AT4G32050	248	255	265	262	294	291
AT4G00690	60	51	69	57	52	53
AT4G35640	39	37	20	58	63	63
AT4G17920	5	6	4	8	3	3
AT4G33360	1548	1265	1259	1228	1427	1282
AT4G00883	1	2	0	1	0	0
AT4G24900	210	202	194	181	252	214
AT4G03190	1600	1109	898	1505	1881	1535
AT4G33735	1	0	0	0	0	0
AT4G01995	34	22	24	29	54	42
AT4G21320	51	52	38	37	42	28
AT4G20575	0	0	0	0	0	0
AT4G28365	30	29	13	37	49	27
AT4G02300	0	1	1	0	4	0
AT4G03565	1	1	1	0	1	0
AT4G00530	43	47	37	36	55	36
AT4G15460	7	5	2	5	2	7
AT4G28170	16	11	13	9	9	7
AT4G31570	1666	1855	1957	1846	2288	1872
AT4G01595	3	8	4	1	2	1
AT4G30280	12804	11978	13856	7059	5207	9695
AT4G10050	620	576	624	491	575	505
AT4G25160	58	84	64	63	68	88
AT4G15880	499	420	429	530	661	519
AT4G26620	997	919	923	1056	1083	1041
AT4G02790	135	127	105	172	164	146
AT4G19410	3960	3910	2888	4876	5983	3902
AT4G20555	0	0	0	0	0	0
AT4G35520	60	48	57	58	61	49
AT4G10790	1053	941	956	797	962	859
AT4G37950	67	58	49	68	66	84
AT4G36250	360	345	305	362	375	365
AT4G14680	2840	4258	4153	2082	1541	2429
AT4G17895	354	452	348	305	408	326
AT4G35100	16432	16160	13010	14957	17872	15265
AT4G09090	0	0	0	0	0	0
AT4G33380	1327	1097	1120	1073	1227	998
AT4G14465	438	518	681	749	1189	664
AT4G22580	560	679	801	522	494	420
AT4G16180	1738	1656	1624	1618	1860	1602
AT4G15396	209	266	348	203	254	200
AT4G02860	959	1006	1005	844	949	891
AT4G14230	877	847	872	692	926	779
AT4G14810	0	0	0	0	0	0
AT4G38080	5315	5898	7453	2614	3054	4016
AT4G08980	1136	1089	1039	1010	1500	887
AT4G08590	311	236	245	289	249	236
AT4G15910	8571	3682	5185	2992	2871	2571
AT4G30930	806	645	548	874	950	775
AT4G09110	6	6	3	7	10	12
AT4G03070	21	37	27	27	23	20
AT4G30500	224	154	144	130	168	153
AT4G10520	0	0	0	0	0	0
AT4G36490	13	7	6	9	8	14
AT4G20340	432	353	387	401	423	363
AT4G39340	1	2	0	0	1	0
AT4G33330	269	352	431	239	291	197
AT4G14250	0	0	0	0	0	0
AT4G17050	996	925	1006	933	1018	761
AT4G09840	50	34	19	19	30	21
AT4G17190	1047	883	750	964	1044	689
AT4G34100	2606	2905	2684	2266	2754	2371
AT4G03180	581	409	400	467	473	431
AT4G09490	23	12	15	18	21	16
AT4G08460	1384	1128	1066	1323	1562	1320
AT4G35870	229	230	203	243	278	205
AT4G29440	1861	2724	2616	2209	1863	1769
AT4G26160	99	87	75	119	135	96
AT4G10630	83	78	77	122	186	96
AT4G33870	4	6	2	2	3	7
AT4G04640	27	23	6	60	200	14
AT4G24230	483	577	334	812	1028	785
AT4G34150	9122	11725	12838	9025	7298	11005
AT4G16580	485	493	463	419	508	484
AT4G11393	0	0	0	0	0	0
AT4G18910	227	236	257	253	369	239
AT4G01320	1446	1235	1140	1218	1522	1139
AT4G15310	2	3	1	3	13	7
AT4G09600	212	60	97	0	5	0
AT4G33250	3515	2773	2617	3137	3510	2960
AT4G37040	195	204	175	212	275	208
AT4G38060	179	207	166	208	283	241
AT4G05440	242	186	157	233	250	161
AT4G26950	1	0	1	0	0	1
AT4G16260	1063	1380	528	4540	3458	2745
AT4G38570	411	378	357	388	472	369
AT4G04490	16	18	32	11	17	14
AT4G20550	0	0	0	0	0	0
AT4G04601	1	0	0	0	1	0
AT4G26400	1119	1106	1104	1509	1570	1513
AT4G23510	316	343	328	416	462	337
AT4G27170	12	5	9	6	0	1
AT4G33120	1003	580	390	747	650	1011
AT4G19590	26	18	19	37	30	20
AT4G39390	631	520	500	484	521	500
AT4G26810	259	274	267	192	179	197
AT4G14455	397	347	326	348	333	411
AT4G18920	1	0	0	1	0	0
AT4G33280	2	1	1	3	0	3
AT4G13610	0	0	0	0	0	0
AT4G05380	10	9	4	21	33	17
AT4G28760	1737	1930	2000	1689	1699	1568
AT4G24890	92	59	61	35	26	35
AT4G32070	1167	1262	1168	1143	1347	1257
AT4G26980	168	150	131	145	168	125
AT4G12500	0	0	0	0	0	0
AT4G30460	1828	1262	1040	1453	1724	1135
AT4G35165	2	0	4	0	1	0
AT4G24470	526	508	467	537	556	433
AT4G28560	3	1	1	13	18	8
AT4G21930	16	31	35	21	27	7
AT4G05180	61	38	4	65	164	7
AT4G09770	57	41	39	57	65	84
AT4G02870	0	0	0	0	0	0
AT4G29770	13	4	9	8	5	2
AT4G29970	0	0	0	0	0	0
AT4G22110	84	77	119	79	95	82
AT4G20810	0	0	0	0	0	0
AT4G04955	870	822	952	687	858	864
AT4G20860	4056	5922	7633	3192	2469	4347
AT4G09300	9	10	19	9	9	9
AT4G34870	24771	19135	17041	19645	21945	15717
AT4G35480	2608	4025	4579	1452	918	1864
AT4G31800	10504	13767	11933	5093	3327	6367
AT4G01516	0	0	0	0	0	0
AT4G24620	4103	3664	4012	4580	5856	4933
AT4G06643	0	0	0	0	0	0
AT4G24090	46	50	35	65	98	42
AT4G27650	1113	1234	1086	799	754	791
AT4G38030	2	1	4	1	1	1
AT4G10850	1	1	0	0	0	0
AT4G27390	75	73	82	73	82	71
AT4G10140	332	292	281	239	263	232
AT4G01700	1071	1137	1416	580	757	910
AT4G02120	1126	1121	1216	1002	1125	1091
AT4G23150	0	5	2	0	0	0
AT4G40040	8928	8449	9263	7910	9222	9252
AT4G17860	7	1	2	4	7	3
AT4G10040	703	672	838	413	395	336
AT4G19645	15	12	5	15	12	8
AT4G12005	4	6	1	8	6	2
AT4G04885	521	526	534	633	791	617
AT4G23520	1	2	1	1	0	0
AT4G36090	316	265	273	304	368	305
AT4G30060	917	764	811	714	677	775
AT4G24500	296	209	205	269	310	218
AT4G31460	1034	821	771	929	932	947
AT4G16970	223	233	213	289	332	240
AT4G01280	318	320	327	309	410	284
AT4G20590	0	0	0	0	0	0
AT4G23070	37	43	35	32	41	36
AT4G16070	359	334	383	372	458	400
AT4G14430	642	588	628	622	754	507
AT4G37450	3020	3238	2801	2122	2001	1893
AT4G37560	7	12	6	15	10	8
AT4G31780	3306	4010	3578	1915	1349	1948
AT4G04985	0	0	0	0	0	0
AT4G39560	152	167	184	180	216	173
AT4G06598	162	180	141	111	112	88
AT4G32970	327	280	303	277	351	290
AT4G12050	341	247	244	338	345	325
AT4G16210	696	598	651	491	653	528
AT4G09930	0	0	0	0	0	0
AT4G33030	363	371	324	339	394	308
AT4G16650	948	972	855	1029	1253	933
AT4G13885	25	14	15	17	19	16
AT4G08685	1401	1756	1407	1173	1355	836
AT4G10115	0	0	0	0	0	0
AT4G05020	2691	2869	3733	1318	1096	1639
AT4G01671	0	0	0	0	0	0
AT4G37370	182	213	211	151	198	209
AT4G26790	67	99	147	66	84	51
AT4G22400	0	0	0	0	0	0
AT4G01970	23	23	20	175	273	203
AT4G39140	452	417	534	386	402	384
AT4G28280	0	2	0	0	1	0
AT4G14050	75	70	74	79	102	61
AT4G30760	541	472	427	466	578	465
AT4G18480	153	126	86	179	277	112
AT4G17695	79	125	105	153	255	95
AT4G15415	495	488	478	543	739	501
AT4G11653	0	0	0	0	0	0
AT4G16360	818	746	670	851	894	752
AT4G14750	350	220	260	311	344	380
AT4G31615	6	6	0	9	13	6
AT4G24810	86	90	69	81	132	66
AT4G20530	0	0	0	0	0	0
AT4G18197	369	786	714	675	589	999
AT4G08530	0	0	0	0	0	0
AT4G34330	0	0	0	0	0	0
AT4G36520	1763	2179	2265	2453	2776	2067
AT4G04910	2371	2510	2292	2373	2771	2324
AT4G32540	8	3	5	0	0	0
AT4G36210	1990	1910	1833	1407	1685	1465
AT4G04030	0	0	0	0	0	0
AT4G36060	110	92	92	201	323	221
AT4G36080	1229	1513	1423	1603	1897	1491
AT4G33860	3	1	0	5	6	4
AT4G24000	29	14	11	2	0	5
AT4G25870	903	763	877	1030	1199	960
AT4G38760	1258	1569	1527	1499	1776	1382
AT4G02390	173	111	124	105	96	96
AT4G31180	3410	3230	3167	3449	3970	3411
AT4G20947	0	0	1	0	0	0
AT4G36920	930	1088	878	970	1283	730
AT4G12960	0	0	1	1	0	0
AT4G09060	208	208	166	206	189	153
AT4G18900	0	2	1	0	1	2
AT4G14010	1529	1638	1610	1450	1966	1475
AT4G30074	0	0	0	0	0	0
AT4G17370	221	223	220	273	380	263
AT4G37670	101	101	90	130	139	121
AT4G16160	2	0	1	0	3	0
AT4G01100	4035	3242	3030	3518	3963	3409
AT4G34630	261	196	175	215	302	204
AT4G22650	0	0	1	0	2	0
AT4G27010	335	322	308	404	447	407
AT4G13100	149	143	165	214	331	119
AT4G09740	0	0	0	0	0	0
AT4G37510	559	780	628	486	397	533
AT4G09730	538	430	408	582	651	491
AT4G05030	3	3	3	1	5	4
AT4G01000	2223	1784	1891	2019	2387	2159
AT4G29450	3	1	1	17	20	18
AT4G03460	28	19	15	55	63	73
AT4G11860	593	602	632	709	914	763
AT4G39680	2788	2807	2682	2829	3055	2667
AT4G05100	44	110	67	30	27	12
AT4G01190	9	14	15	13	12	11
AT4G32880	1232	2131	2016	2088	2851	2115
AT4G22170	0	0	0	0	1	1
AT4G22530	203	151	149	122	150	118
AT4G39800	2447	2577	4583	2097	2086	2080
AT4G37430	974	1090	1015	380	404	312
AT4G35519	0	0	0	0	0	0
AT4G23360	0	0	0	0	0	0
AT4G19040	930	1026	1123	767	903	724
AT4G13330	336	313	300	322	291	253
AT4G30440	12302	14105	13449	9408	9666	8625
AT4G22310	1863	1640	1788	1622	1918	1607
AT4G13760	0	0	0	0	0	0
AT4G00889	1	2	0	0	0	0
AT4G03440	98	96	88	96	114	83
AT4G38330	46	29	41	35	34	20
AT4G04800	591	407	451	438	495	516
AT4G32520	1628	1297	1319	1396	1619	1436
AT4G15570	494	404	399	527	599	482
AT4G33420	4537	6347	6599	5452	5964	7632
AT4G35820	0	1	0	0	0	0
AT4G27420	0	0	0	0	0	0
AT4G38530	186	283	262	389	366	361
AT4G29910	191	172	124	187	284	181
AT4G38230	796	603	588	580	640	591
AT4G33900	0	0	1	0	0	0
AT4G28397	0	2	0	0	0	0
AT4G38710	1704	1322	1361	1401	1522	1178
AT4G34210	21	4	6	0	7	0
AT4G01250	1548	1717	2286	1357	1479	1886
AT4G04080	0	0	0	0	0	0
AT4G27100	530	515	440	424	384	393
AT4G35940	470	405	453	534	593	503
AT4G36930	222	198	190	208	252	256
AT4G33520	732	821	808	793	763	834
AT4G24220	6435	6082	6155	3892	4227	4038
AT4G31350	444	527	397	477	626	374
AT4G40100	0	0	1	0	0	0
AT4G05475	0	0	0	0	0	0
AT4G36680	501	458	372	578	689	477
AT4G22490	0	0	0	0	2	0
AT4G14500	2386	2423	2349	2048	2386	1944
AT4G40020	21	25	25	16	22	27
AT4G21850	13380	11802	15686	7600	7487	10911
AT4G10890	340	284	335	306	344	307
AT4G23493	70	62	53	41	60	50
AT4G15800	1588	1797	1672	1004	986	1123
AT4G19260	0	0	0	0	0	0
AT4G10650	48	39	35	50	47	29
AT4G37770	187	162	175	67	50	100
AT4G35110	342	325	381	307	320	495
AT4G01830	38	32	27	7	12	10
AT4G19480	1	0	0	0	0	0
AT4G20735	0	0	0	0	0	1
AT4G37590	1479	1174	1176	1549	1796	1487
AT4G18290	3	2	3	0	2	0
AT4G31630	1	0	0	1	1	0
AT4G17440	49	44	50	32	41	34
AT4G24130	1000	907	1060	472	545	601
AT4G01850	28551	24725	25391	17483	18744	18800
AT4G14620	71	74	69	206	453	105
AT4G17270	1427	1328	1276	1356	1523	1375
AT4G36660	636	608	587	528	644	448
AT4G25590	0	0	0	0	0	0
AT4G38170	138	158	146	179	229	164
AT4G21895	1	0	2	1	0	1
AT4G34620	985	848	748	831	1083	862
AT4G02715	649	606	515	667	851	629
AT4G10070	493	374	403	430	539	467
AT4G12470	0	13	3	5	47	1
AT4G26170	10	10	12	17	24	9
AT4G31405	13	11	22	10	12	13
AT4G03110	1219	1255	1058	1106	1206	1382
AT4G09860	0	0	0	0	0	0
AT4G10640	94	63	42	97	118	92
AT4G29035	0	0	0	0	0	0
AT4G00700	304	245	347	357	410	390
AT4G28080	292	209	183	288	330	215
AT4G35080	781	878	730	751	898	759
AT4G19210	4173	3832	3711	3859	3999	3923
AT4G00660	1381	1218	1212	1239	1520	1237
AT4G22820	1505	1620	1533	1379	1620	1583
AT4G33660	19	28	26	9	13	10
AT4G36940	682	714	700	607	646	537
AT4G14070	313	324	329	245	323	260
AT4G34700	3465	2526	2501	3005	3077	2584
AT4G29750	386	411	394	557	739	458
AT4G36900	771	1050	1032	473	360	438
AT4G26070	254	335	287	308	381	334
AT4G34135	468	691	796	237	226	431
AT4G21323	12	11	13	14	16	14
AT4G14600	169	162	149	179	215	171
AT4G30120	8	10	6	22	25	36
AT4G16515	0	2	0	0	0	0
AT4G12920	0	0	0	0	0	0
AT4G00752	502	478	547	549	637	583
AT4G19060	278	300	310	346	393	295
AT4G15080	1176	1109	1075	1028	1166	1022
AT4G36830	624	724	880	189	158	183
AT4G28720	223	125	156	137	147	114
AT4G12510	132	64	63	104	93	83
AT4G28800	3	0	0	1	0	4
AT4G00335	190	240	255	202	263	218
AT4G09970	51	65	57	77	89	57
AT4G16141	983	670	621	734	816	717
AT4G21640	2	0	0	0	0	0
AT4G22980	309	390	551	225	203	423
AT4G02600	2745	3612	3353	1971	1565	1981
AT4G25620	630	562	473	725	1026	673
AT4G25750	1	0	0	1	2	0
AT4G40042	150	117	106	133	133	108
AT4G16050	25	21	20	6	10	9
AT4G39060	2	0	0	0	0	0
AT4G04025	3	3	1	4	4	4
AT4G23240	6	11	11	5	6	6
AT4G38000	1	0	0	1	0	0
AT4G34690	2	0	0	8	4	1
AT4G36100	0	0	0	0	0	0
AT4G17410	422	427	442	429	495	416
AT4G14710	1909	1841	1992	1610	1737	1512
AT4G03415	834	1306	1105	1328	1968	1145
AT4G31720	951	851	719	950	1085	831
AT4G14905	244	201	174	288	383	267
AT4G32060	4402	4387	4058	4317	4668	4797
AT4G21105	2500	1703	1840	1715	1856	1543
AT4G31050	156	174	169	130	178	112
AT4G10613	0	0	0	0	0	0
AT4G17718	1	0	0	0	0	0
AT4G37780	194	425	418	296	297	404
AT4G03080	971	1332	1061	1200	1297	1177
AT4G29370	0	0	0	0	0	0
AT4G13640	548	549	536	612	680	564
AT4G24490	621	630	519	650	815	594
AT4G14520	269	275	275	229	272	227
AT4G13030	313	379	380	328	451	466
AT4G07445	0	0	0	0	0	0
AT4G10420	70	51	41	53	73	50
AT4G21310	72	76	55	118	136	89
AT4G25950	0	0	1	0	0	0
AT4G36280	7	7	2	4	9	5
AT4G12980	393	569	589	434	599	404
AT4G22540	1229	1153	1003	1319	1582	1127
AT4G22745	313	259	275	234	257	220
AT4G30960	4271	4467	4793	3292	3998	2972
AT4G20703	0	0	0	0	0	0
AT4G33865	4446	2719	2574	3140	3317	2938
AT4G12731	0	0	0	0	0	0
AT4G29610	152	91	152	59	58	78
AT4G38670	174	149	150	155	183	167
AT4G22080	27	18	16	25	23	22
AT4G34050	20879	23624	26000	15462	18055	17090
AT4G27110	1	1	0	0	0	0
AT4G28670	0	0	0	0	0	0
AT4G26055	39	34	28	28	25	23
AT4G16000	44	24	15	76	105	25
AT4G28556	1	0	3	4	5	4
AT4G04610	779	1323	1038	1487	2350	1006
AT4G01010	172	187	153	95	106	185
AT4G25550	942	733	718	877	915	804
AT4G39620	127	103	78	126	251	127
AT4G11810	2	3	2	1	0	0
AT4G20780	906	1155	1105	559	506	792
AT4G36400	382	417	384	345	436	384
AT4G30097	0	0	0	0	0	0
AT4G26500	242	249	232	211	291	204
AT4G10910	0	1	0	1	6	0
AT4G18375	56	64	75	79	100	54
AT4G11130	200	228	249	329	484	265
AT4G10780	0	1	1	0	1	3
AT4G04840	159	136	139	45	29	42
AT4G24715	0	0	2	0	0	3
AT4G37095	59	43	54	89	78	48
AT4G15180	1913	2175	2248	2232	2587	2167
AT4G32620	1464	1565	1541	1370	1538	1387
AT4G19185	441	335	324	312	402	288
AT4G14210	431	495	436	459	557	428
AT4G08395	0	0	0	0	0	0
AT4G00550	366	408	408	349	400	418
AT4G17090	4486	10931	6955	4516	2730	1041
AT4G17540	125	93	88	117	123	109
AT4G11890	27	21	29	17	14	30
AT4G00230	426	1102	683	902	1223	1016
AT4G22030	22	37	35	11	19	81
AT4G28780	0	0	0	0	0	0
AT4G14170	39	25	34	32	50	23
AT4G20280	625	557	547	606	692	594
AT4G19620	0	0	0	0	0	0
AT4G37340	105	77	119	125	149	159
AT4G19520	805	974	879	648	538	1137
AT4G11547	32	16	21	22	37	25
AT4G19270	0	0	0	0	0	0
AT4G18640	987	1437	1243	1233	1406	984
AT4G00210	11	12	10	15	8	11
AT4G21210	77	81	75	51	98	45
AT4G36510	8	12	8	9	8	6
AT4G13990	249	281	299	274	390	202
AT4G32000	160	202	284	191	253	221
AT4G31860	1357	1329	1283	959	1012	955
AT4G11640	74	40	48	46	46	51
AT4G04960	1135	1121	1138	796	780	981
AT4G39120	273	253	278	327	378	339
AT4G13195	131	163	151	129	137	105
AT4G37810	22	37	13	85	120	10
AT4G00234	0	1	0	0	0	0
AT4G25580	6	9	1	1	3	6
AT4G17480	61	88	64	54	63	52
AT4G37320	91	90	122	117	182	117
AT4G17245	4	1	3	2	1	5
AT4G27595	486	650	590	861	1282	596
AT4G11870	13	8	8	10	11	7
AT4G10100	350	322	352	309	357	322
AT4G26485	0	0	0	0	0	0
AT4G21040	0	0	0	0	0	0
AT4G27050	246	232	211	290	367	241
AT4G03630	1	0	0	0	0	0
AT4G13940	63704	58224	59345	57340	65393	52805
AT4G37930	643	698	797	714	846	598
AT4G37295	35	17	16	28	56	40
AT4G05450	305	212	231	268	295	212
AT4G33550	3409	2772	2057	155	198	116
AT4G01910	126	144	109	188	250	144
AT4G11210	1151	630	661	412	443	457
AT4G30660	1169	752	1005	444	518	483
AT4G29040	3609	3494	3357	3144	3935	3095
AT4G20940	498	490	492	647	840	492
AT4G15400	234	233	276	383	357	407
AT4G11630	374	328	300	426	425	361
AT4G01395	1329	1224	1125	1279	1549	1184
AT4G39550	94	84	96	149	167	129
AT4G25390	1942	1828	2164	1292	1065	1699
AT4G02290	6398	12955	5871	12234	19775	3440
AT4G04970	402	367	302	603	719	437
AT4G03120	506	474	449	470	542	457
AT4G26320	967	564	548	634	564	699
AT4G31115	257	260	194	183	189	181
AT4G32450	223	243	212	213	223	212
AT4G19030	1862	1813	2324	1617	1650	2261
AT4G36190	738	645	645	663	875	552
AT4G33790	134	84	53	115	107	122
AT4G16110	714	775	837	562	563	690
AT4G28775	0	0	0	0	0	0
AT4G17085	219	202	169	206	252	220
AT4G37060	15	13	8	16	17	72
AT4G27960	4834	4438	4560	4006	4140	3842
AT4G30330	318	318	268	335	376	288
AT4G16200	0	1	0	0	0	1
AT4G34590	980	680	837	416	536	409
AT4G24190	12333	11279	10588	13197	15046	10617
AT4G00190	4	2	1	0	1	0
AT4G37490	287	245	175	302	411	266
AT4G39770	286	272	301	612	964	573
AT4G39040	269	219	211	274	358	216
AT4G14790	252	252	278	259	304	238
AT4G37630	219	213	229	164	196	204
AT4G25190	21	15	17	18	15	12
AT4G27700	24	13	7	20	63	14
AT4G30200	2067	2113	1800	2167	2564	2153
AT4G20545	0	0	0	0	0	0
AT4G26466	0	0	0	0	1	0
AT4G01080	15	17	12	17	21	9
AT4G27710	270	225	207	305	349	312
AT4G38900	1167	1480	1548	1356	1354	1264
AT4G03040	0	0	0	0	0	0
AT4G38050	191	270	202	192	205	128
AT4G23740	661	741	703	730	922	614
AT4G10740	0	0	0	0	0	0
AT4G31010	230	210	184	229	287	238
AT4G01435	3	0	0	1	4	1
AT4G25220	3	0	1	6	22	6
AT4G16165	0	0	0	0	0	0
AT4G37910	5030	3890	3511	4785	5114	3968
AT4G28290	258	404	352	174	111	152
AT4G21745	5	3	3	11	6	12
AT4G34881	5	4	2	3	5	3
AT4G03560	2783	3022	2839	2733	3243	2830
AT4G01330	913	816	547	1065	1265	1079
AT4G05260	0	0	0	0	0	0
AT4G17030	3904	4823	6371	443	671	1240
AT4G37870	9689	13605	13111	12944	13593	9390
AT4G35010	9	7	7	5	7	3
AT4G10810	672	603	589	634	670	619
AT4G02990	167	109	99	158	216	142
AT4G26020	6	2	4	11	9	4
AT4G13540	5	17	8	22	46	9
AT4G11550	73	75	75	115	152	116
AT4G32900	204	193	193	192	234	218
AT4G34230	2488	3027	3246	1723	2176	1842
AT4G21450	1288	1177	1207	1592	1925	1612
AT4G21330	0	0	0	0	1	0
AT4G02180	96	127	95	91	108	102
AT4G09650	161	162	114	157	245	111
AT4G24170	13	4	9	19	10	29
AT4G39110	47	33	29	36	45	44
AT4G28190	316	290	239	208	241	189
AT4G24430	23	151	87	85	147	165
AT4G31810	764	556	582	789	797	645
AT4G24410	0	0	0	0	0	0
AT4G31590	1240	1446	1436	1139	1458	1046
AT4G27970	1355	1765	773	1209	1320	841
AT4G26340	0	0	0	0	0	0
AT4G18596	0	1	0	1	0	2
AT4G12380	0	0	0	0	1	0
AT4G00280	0	0	0	0	0	0
AT4G18370	83	78	67	89	142	92
AT4G25030	5523	6925	7886	4290	3921	5124
AT4G23750	671	459	381	392	542	605
AT4G28950	219	310	187	314	396	268
AT4G18280	2236	2284	2234	754	805	1054
AT4G16850	272	294	225	257	308	266
AT4G22630	1	2	0	1	1	1
AT4G23760	300	264	269	285	352	264
AT4G34555	1226	794	752	992	1059	902
AT4G26730	0	0	0	0	0	0
AT4G22210	6	3	1	7	7	6
AT4G35685	23	19	12	18	21	10
AT4G32960	316	283	294	298	316	252
AT4G31930	111	95	79	109	161	109
AT4G36515	255	197	213	207	229	194
AT4G35760	141	142	112	159	217	164
AT4G37235	23	27	16	37	46	24
AT4G18470	52	45	60	54	58	62
AT4G17660	8	15	12	11	7	5
AT4G26470	551	509	574	373	379	491
AT4G37700	197	169	187	132	148	216
AT4G27290	117	154	156	105	124	209
AT4G38820	0	0	0	0	0	0
AT4G05340	0	0	0	0	0	0
AT4G28400	2835	4747	4862	3110	2679	3263
AT4G17810	2	0	1	0	0	1
AT4G14260	0	0	0	0	0	0
AT4G19730	0	0	1	0	0	0
AT4G12450	13	26	25	22	32	18
AT4G21220	127	111	93	110	127	118
AT4G15760	1388	1910	2256	993	1108	1548
AT4G32090	0	0	0	0	0	0
AT4G39403	3	3	4	1	0	5
AT4G14140	6	28	15	24	24	31
AT4G17740	130	107	100	113	137	109
AT4G37160	314	200	130	447	539	515
AT4G14720	390	345	346	405	494	450
AT4G00020	298	340	316	380	435	368
AT4G33430	3031	2967	3075	2524	2580	3322
AT4G13880	0	2	2	0	1	2
AT4G38340	38	58	213	41	26	36
AT4G22860	162	149	140	194	228	177
AT4G12170	38	29	37	6	5	6
AT4G38200	1217	1262	1250	1428	1630	1266
AT4G28630	271	232	246	161	240	179
AT4G31740	0	0	0	0	0	0
AT4G29420	125	130	118	144	151	103
AT4G17780	0	0	0	0	0	0
AT4G05095	0	0	0	0	0	0
AT4G31040	838	951	792	850	993	802
AT4G17785	186	323	460	185	159	340
AT4G02030	1060	997	1029	1004	1146	976
AT4G30160	2095	2348	2320	2506	2831	2389
AT4G00430	2709	3015	2762	2591	3299	1910
AT4G01390	295	2383	3498	645	297	113
AT4G23300	2	1	0	1	4	1
AT4G24805	1266	1433	1366	772	861	797
AT4G30740	5	2	0	5	7	2
AT4G00893	10	10	3	7	9	2
AT4G17140	4316	4814	4499	3594	4614	3922
AT4G38980	109	127	107	99	140	104
AT4G26000	564	477	435	527	743	539
AT4G02980	233	249	253	236	262	225
AT4G18395	0	0	0	0	0	0
AT4G08868	8	4	2	6	4	1
AT4G22600	9	12	8	3	2	5
AT4G30360	491	496	552	589	706	636
AT4G32410	13849	16821	16595	11554	13854	10793
AT4G09200	0	26	0	0	0	0
AT4G38240	964	972	969	1034	1132	916
AT4G23900	1	2	2	2	3	1
AT4G08740	0	0	0	0	0	0
AT4G25480	74	129	147	356	332	67
AT4G39250	0	0	0	0	0	0
AT4G01130	15	38	6	9	19	2
AT4G14850	87	87	72	117	124	72
AT4G31550	2643	2970	3204	2463	2973	2401
AT4G23580	0	0	0	0	0	0
AT4G13810	1	0	0	0	1	1
AT4G22260	755	862	893	645	660	687
AT4G30850	1585	2023	1835	1602	1706	1732
AT4G14090	29	18	9	32	293	7
AT4G17610	631	574	531	722	786	662
AT4G16270	21	16	16	30	30	23
AT4G15755	0	0	1	0	0	0
AT4G05010	607	627	584	361	275	370
AT4G09720	960	797	874	786	854	693
AT4G28540	1528	1452	1324	1534	1662	1522
AT4G24700	2	1	4	0	4	4
AT4G12570	420	460	436	508	711	478
AT4G30150	459	451	404	597	656	508
AT4G22760	61	59	69	70	89	69
AT4G01510	59	48	58	65	63	51
AT4G01200	96	63	89	62	85	83
AT4G30935	502	444	495	459	660	439
AT4G20970	1	0	1	1	0	0
AT4G02130	1880	2308	1578	1282	1234	1058
AT4G09320	8538	5973	5548	6756	7514	5948
AT4G19450	659	920	1009	537	688	460
AT4G36220	1125	744	922	553	729	821
AT4G13650	51	73	41	63	70	53
AT4G29100	1234	1662	1832	2024	2713	1766
AT4G31680	0	0	0	0	0	0
AT4G35050	558	519	481	635	673	527
AT4G27550	1	4	2	2	1	4
AT4G18205	326	473	413	320	341	628
AT4G16015	4	5	0	4	6	1
AT4G22730	322	609	489	571	943	394
AT4G24750	304	238	217	232	297	240
AT4G25820	234	199	178	218	179	263
AT4G35240	456	421	429	430	732	342
AT4G17180	122	112	128	142	167	90
AT4G32270	295	327	299	291	377	324
AT4G37050	88	74	49	72	111	111
AT4G23720	27	53	39	50	60	20
AT4G13590	426	387	416	345	433	314
AT4G11100	12	11	4	11	27	7
AT4G00165	10	3	1	6	9	10
AT4G18253	2	1	1	1	1	5
AT4G17960	158	135	156	150	192	107
AT4G00800	1635	1959	1993	1895	2293	1871
AT4G30520	361	464	540	528	780	488
AT4G37483	0	0	0	0	0	1
AT4G17800	1509	1437	2019	1294	1578	1599
AT4G04605	0	0	0	0	0	0
AT4G16430	708	674	657	605	844	671
AT4G28090	0	1	0	0	0	0
AT4G21926	11	27	13	16	14	11
AT4G32890	189	120	100	172	172	194
AT4G11690	32	27	24	29	41	22
AT4G08910	0	0	0	1	0	0
AT4G33050	671	796	970	780	577	1252
AT4G11060	289	211	193	295	329	235
AT4G31640	0	3	0	1	3	2
AT4G16660	4038	3601	3696	3852	4341	3476
AT4G36120	597	835	714	526	566	569
AT4G08350	2382	2720	2646	2620	3032	2783
AT4G10270	325	555	219	205	91	16
AT4G11310	190	338	471	115	114	55
AT4G31880	1753	1772	1681	1838	2167	1753
AT4G39990	1496	1612	1505	1339	1580	1211
AT4G15520	215	163	184	205	239	189
AT4G00570	3081	3059	2826	2665	2846	2542
AT4G14320	6431	4050	3643	4998	5461	4531
AT4G05090	223	160	186	237	286	244
AT4G10860	0	3	1	2	3	5
AT4G22440	0	0	1	1	0	0
AT4G15000	9533	5976	5721	7279	7878	6464
AT4G26440	0	0	0	0	1	0
AT4G16400	99	72	107	91	123	114
AT4G00650	143	151	123	165	224	139
AT4G09775	0	0	0	0	0	0
AT4G09460	192	298	335	180	203	231
AT4G09467	0	0	0	0	0	0
AT4G24440	491	420	399	458	557	458
AT4G15430	90	101	121	229	429	149
AT4G04614	321	251	257	277	330	274
AT4G21366	0	0	0	0	0	0
AT4G24820	4144	3756	3493	3790	4439	3690
AT4G24690	6928	7709	7008	7277	9237	8001
AT4G09560	103	103	116	89	105	123
AT4G29270	2398	2854	2724	2480	2644	1548
AT4G38600	4440	5216	4871	5077	5861	5287
AT4G33700	1056	871	897	755	915	677
AT4G02235	0	0	0	0	0	0
AT4G32285	2824	2991	2826	2680	3180	2767
AT4G38880	0	0	0	0	0	0
AT4G23800	2256	2490	2152	3136	3623	2539
AT4G37220	28	14	11	17	14	27
AT4G23290	2	5	1	1	3	0
AT4G15240	227	181	161	211	278	179
AT4G20700	0	0	0	1	2	0
AT4G09784	0	0	0	0	0	0
AT4G20707	0	0	0	0	0	0
AT4G26080	1253	912	1159	1283	1599	1291
AT4G34340	182	215	182	174	196	189
AT4G11911	4	16	16	1	1	0
AT4G22990	96	66	44	60	58	81
AT4G03550	2026	2595	2303	2224	2547	2241
AT4G29210	1385	1200	1413	1065	1153	1177
AT4G20310	92	55	75	79	107	60
AT4G12810	0	0	0	0	3	0
AT4G17340	8599	5558	4391	11277	12761	9613
AT4G09260	0	0	0	0	0	0
AT4G35380	641	672	688	674	764	1167
AT4G35740	332	300	299	342	395	277
AT4G20380	1237	1316	1338	1047	922	1050
AT4G13075	0	0	0	0	0	0
AT4G01940	305	315	299	272	365	265
AT4G21960	84818	112196	118244	92418	122824	90816
AT4G01930	50	39	40	44	55	60
AT4G28370	389	442	422	432	469	434
AT4G10895	0	1	0	0	0	0
AT4G23496	35	68	31	18	24	9
AT4G23410	191	164	193	191	302	235
AT4G19880	4169	3986	4151	3649	4118	4913
AT4G03600	7	5	3	4	7	4
AT4G03570	0	0	0	0	0	0
AT4G37150	36	77	76	94	139	46
AT4G36850	40	60	25	175	242	96
AT4G28706	579	525	468	608	693	494
AT4G32590	142	114	138	120	138	119
AT4G23160	6	2	2	2	1	1
AT4G38440	526	565	542	713	778	711
AT4G18310	1	2	0	0	2	0
AT4G00560	496	373	424	503	550	476
AT4G39710	54	60	46	66	86	42
AT4G14103	54	49	63	79	156	53
AT4G11000	30	46	34	30	22	55
AT4G01750	708	829	830	346	398	540
AT4G24460	81	111	96	109	137	102
AT4G32080	1	2	0	0	0	1
AT4G23680	1450	1744	2903	329	179	132
AT4G27940	495	469	622	389	376	499
AT4G21240	0	0	0	0	0	0
AT4G24880	225	222	219	254	279	257
AT4G17010	305	218	234	256	275	254
AT4G31940	1	4	0	17	18	4
AT4G17585	1	2	0	0	0	0
AT4G18800	513	484	381	529	640	434
AT4G40010	67	98	114	148	164	109
AT4G17990	0	0	0	0	0	0
AT4G21620	461	631	552	297	453	273
AT4G01350	202	231	222	230	238	260
AT4G01660	718	713	701	718	741	593
AT4G16940	15	25	17	18	18	21
AT4G32910	1014	970	1002	1107	1341	1131
AT4G15236	19	18	22	6	8	8
AT4G27654	2097	2158	2712	1827	1617	1727
AT4G13095	0	0	0	0	0	1
AT4G08930	227	163	223	127	120	155
AT4G22380	351	273	265	316	385	268
AT4G01710	339	259	225	266	333	273
AT4G27380	816	596	628	643	810	581
AT4G36780	1239	840	691	974	1068	1226
AT4G35320	740	894	816	466	553	393
AT4G01160	0	0	0	0	0	0
AT4G11940	0	0	0	0	0	0
AT4G39210	387	399	348	225	290	137
AT4G15953	10	13	10	9	9	12
AT4G11120	712	601	529	608	727	500
AT4G28620	5	11	7	6	10	5
AT4G23470	2884	2505	2381	2372	2524	2430
AT4G23820	410	450	276	484	627	399
AT4G30100	2784	2758	2820	2511	2876	2841
AT4G18740	6	7	3	4	10	7
AT4G03490	204	172	201	178	223	187
AT4G16560	0	0	0	0	0	0
AT4G10470	72	74	64	81	128	64
AT4G31270	119	109	80	111	121	109
AT4G14940	296	318	296	279	380	242
AT4G13570	0	0	0	0	0	0
AT4G02040	65	55	63	63	90	62
AT4G05210	45	34	40	49	66	54
AT4G05410	544	493	426	568	610	490
AT4G12090	66	40	43	54	70	75
AT4G21970	28	53	58	48	43	19
AT4G39760	0	0	0	0	0	0
AT4G26550	304	257	247	302	378	327
AT4G32730	708	711	637	823	1014	756
AT4G24380	9700	10395	12616	6175	4299	8117
AT4G35140	260	232	210	255	288	204
AT4G23620	539	412	304	419	502	325
AT4G16983	1	0	0	0	0	0
AT4G35987	281	245	249	229	240	214
AT4G23810	1568	1885	2451	1130	1232	2274
AT4G22330	1364	1309	1129	1182	1376	1108
AT4G09690	0	0	4	1	1	1
AT4G02710	371	454	428	611	1081	474
AT4G17690	0	0	0	0	0	0
AT4G00355	922	855	844	893	1023	838
AT4G09435	0	0	0	0	0	0
AT4G11510	0	0	0	0	0	0
AT4G11290	995	759	492	1474	1819	2085
AT4G38400	2852	3546	2871	1210	821	1196
AT4G39730	2202	2148	1816	1491	1643	937
AT4G20220	0	0	0	0	0	0
AT4G35510	419	341	368	348	402	281
AT4G13400	212	257	203	152	191	207
AT4G08510	319	236	267	300	330	290
AT4G32690	302	290	274	228	280	191
AT4G39870	543	570	610	492	605	508
AT4G24520	5594	5117	5370	5477	6316	5565
AT4G32020	8824	11305	11469	9593	11052	8311
AT4G31620	6	16	13	19	52	18
AT4G23950	160	130	119	150	158	115
AT4G12100	1	3	2	0	1	0
AT4G27220	7	4	4	10	11	4
AT4G33170	47	40	35	38	48	35
AT4G17250	299	407	408	476	446	736
AT4G36790	442	347	350	369	464	446
AT4G21710	2341	2238	2332	2306	2978	2804
AT4G25280	294	251	293	275	310	254
AT4G26970	5334	5731	6686	5462	6580	6630
AT4G01340	5	5	3	9	4	7
AT4G01895	44	46	34	51	43	28
AT4G24630	351	299	303	361	511	375
AT4G16840	104	92	100	66	86	97
AT4G11430	0	0	0	0	0	0
AT4G13670	120	63	71	79	103	75
AT4G30370	135	127	114	162	118	134
AT4G23130	137	104	206	21	20	77
AT4G00695	19	13	21	27	19	14
AT4G18970	2	5	4	3	3	5
AT4G27560	1896	3229	2981	1123	913	827
AT4G22755	46	116	9	119	59	13
AT4G24350	120	102	81	218	213	273
AT4G36560	0	0	0	0	0	0
AT4G38860	0	0	0	0	1	0
AT4G26380	27	38	36	45	65	56
AT4G39200	11111	7756	7139	9729	10783	9169
AT4G30030	0	0	0	0	0	0
AT4G00960	4	9	15	12	18	14
AT4G01720	171	175	206	134	185	154
AT4G27490	311	275	252	322	339	309
AT4G23550	195	234	254	87	103	173
AT4G22214	1561	1100	1620	453	497	675
AT4G24550	1335	1395	1354	1282	1460	1199
AT4G20190	16	20	19	9	9	16
AT4G22250	112	59	65	116	152	107
AT4G37790	590	686	586	396	781	355
AT4G22790	54	92	75	81	168	81
AT4G34960	707	670	620	775	935	641
AT4G05553	0	0	0	0	0	0
AT4G39917	0	0	0	0	0	0
AT4G38580	672	820	738	792	1050	611
AT4G21830	7391	5852	7668	2653	2311	4153
AT4G23180	683	1018	1127	890	655	1142
AT4G20270	1428	1721	1978	2128	3337	1883
AT4G33410	546	510	434	492	525	431
AT4G17230	8520	9496	11048	6555	4971	7980
AT4G28860	946	836	875	1029	1122	1003
AT4G13430	4895	4372	4515	6506	7609	6273
AT4G14650	341	245	372	202	208	223
AT4G24710	126	125	137	141	194	120
AT4G08430	0	0	0	0	0	0
AT4G39580	288	363	376	288	342	582
AT4G15165	52	33	35	45	50	31
AT4G07932	0	0	0	0	0	0
AT4G37260	4227	5551	4940	5038	5400	4761
AT4G36195	1884	1727	1650	1454	1708	1426
AT4G11402	1	0	1	0	2	1
AT4G11180	0	0	0	0	0	0
AT4G36730	2717	2466	1837	2553	2363	2800
AT4G15955	277	223	224	188	235	184
AT4G11250	2	5	3	1	4	9
AT4G17650	495	434	424	344	374	324
AT4G36040	3706	4365	3473	2703	2753	3479
AT4G26450	1378	1430	1356	1436	1552	1336
AT4G40090	260	248	189	276	231	286
AT4G26540	960	782	974	1147	1580	1122
AT4G19950	44	67	51	61	115	46
AT4G28200	904	817	787	975	1078	842
AT4G02680	1325	1738	1544	1525	1963	1384
AT4G29240	28	50	28	54	100	11
AT4G34560	30	49	30	99	218	23
AT4G04200	357	316	326	279	362	280
AT4G08500	2142	2390	2431	1729	1454	1931
AT4G32700	329	399	384	427	485	399
AT4G37020	352	332	359	395	437	399
AT4G10300	125	117	109	127	146	106
AT4G03090	405	352	302	430	420	417
AT4G20470	1	1	0	0	0	0
AT4G28420	1	0	0	2	0	6
AT4G08150	427	922	599	656	977	145
AT4G34240	260	205	184	251	362	271
AT4G20325	167	125	129	162	181	133
AT4G32260	319	339	296	383	533	308
AT4G10700	0	0	0	0	0	0
AT4G36460	0	0	0	0	0	0
AT4G09647	0	0	0	0	0	0
AT4G08470	507	483	527	500	598	543
AT4G00970	8	5	5	10	13	7
AT4G14400	1	3	3	5	7	4
AT4G24420	7	3	3	3	3	1
AT4G38280	136	91	115	150	187	130
AT4G31200	382	307	323	347	474	357
AT4G03960	173	220	134	153	173	133
AT4G22930	1690	1224	1255	1418	1498	1555
AT4G20390	1230	1431	1879	674	749	847
AT4G35260	2023	1912	1862	1891	2233	1703
AT4G19080	6	6	10	11	9	11
AT4G25010	622	500	1221	12	19	22
AT4G13270	596	662	652	599	650	571
AT4G00630	1374	1454	1610	1594	2076	1763
AT4G02210	136	98	103	140	222	111
AT4G33585	0	0	0	0	0	0
AT4G19740	0	0	0	0	0	0
AT4G29070	217	221	199	145	171	149
AT4G37380	42	55	66	51	98	60
AT4G26720	599	531	483	586	702	578
AT4G19970	1	3	5	2	3	3
AT4G13870	121	123	133	103	79	82
AT4G31520	11	9	12	5	9	13
AT4G34670	17353	12341	12046	15877	18182	14943
AT4G34490	2664	2680	2798	2425	2665	2253
AT4G22750	817	769	770	771	955	752
AT4G19360	0	0	0	0	0	0
AT4G09120	0	0	0	0	0	1
AT4G12740	93	67	72	64	84	82
AT4G09250	0	0	0	0	0	0
AT4G08300	996	849	1374	887	873	1326
AT4G37800	2165	4000	1734	3207	5402	838
AT4G30670	259	185	182	234	249	259
AT4G30110	184	199	71	416	592	403
AT4G24770	759	642	567	948	1133	823
AT4G31250	164	163	142	157	179	158
AT4G29670	7778	10975	11084	5122	3214	6034
AT4G39980	6036	7847	5508	5029	5853	4622
AT4G03298	0	0	0	1	0	0
AT4G01883	48	49	65	55	42	34
AT4G34160	797	1211	953	1419	1989	1030
AT4G19910	1	0	0	1	2	0
AT4G21630	1	0	2	0	0	0
AT4G29660	608	571	527	391	354	624
AT4G14910	235	238	242	260	338	223
AT4G26090	459	550	654	622	767	931
AT4G24790	267	238	209	342	461	311
AT4G17170	1881	1545	1638	1296	1550	1451
AT4G39795	452	513	823	121	108	292
AT4G15640	556	410	365	533	608	462
AT4G28490	175	296	290	303	416	144
AT4G05310	0	0	0	0	0	0
AT4G19006	1089	934	793	859	1069	883
AT4G19420	1861	2379	1721	990	858	635
AT4G16024	0	0	0	0	1	0
AT4G34940	0	0	0	1	0	0
AT4G28300	2999	3211	3217	2511	2852	2789
AT4G38930	475	498	447	452	552	392
AT4G02425	109	109	72	93	135	66
AT4G05080	0	0	0	0	0	0
AT4G22350	246	214	186	223	287	193
AT4G40000	207	174	137	272	272	199
AT4G26710	1428	1148	1135	1034	1316	994
AT4G33580	1469	1255	1330	1162	1373	1183
AT4G11370	33	46	39	25	42	23
AT4G01140	428	273	225	102	84	129
AT4G18430	189	207	243	171	178	228
AT4G23340	12	40	34	28	54	37
AT4G09355	0	0	0	0	0	0
AT4G35900	156	251	292	167	201	223
AT4G19230	3754	5141	5540	2748	1650	2870
AT4G04770	751	729	831	819	1280	810
AT4G20060	100	101	130	114	146	113
AT4G25630	3105	1767	1659	2625	2868	2386
AT4G21590	154	96	90	90	103	83
AT4G09830	1545	1509	1643	1647	1737	1639
AT4G21860	717	570	604	581	740	597
AT4G16265	214	150	160	204	239	164
AT4G29680	1078	909	970	951	972	842
AT4G12300	63	75	81	110	201	103
AT4G15885	0	0	1	0	0	0
AT4G30020	2847	5061	3279	3709	4506	1993
AT4G31410	398	382	409	450	546	449
AT4G37480	166	202	164	174	272	191
AT4G17220	637	865	777	592	723	718
AT4G05140	0	0	0	0	0	0
AT4G35030	203	286	235	392	569	211
AT4G13450	1	3	4	1	4	3
AT4G27540	91	129	105	100	139	131
AT4G21865	38	35	39	29	18	32
AT4G33010	3591	4750	4709	3096	4009	2577
AT4G36530	27	41	42	31	62	25
AT4G36150	220	346	389	298	287	325
AT4G30480	755	652	610	702	825	612
AT4G39780	309	332	394	285	348	419
AT4G03360	0	0	0	0	0	0
AT4G18220	3	3	1	1	5	5
AT4G28660	8	12	13	12	23	5
AT4G31500	9438	12317	11289	11501	13487	10265
AT4G28270	55	72	52	96	166	81
AT4G11170	129	138	159	82	65	230
AT4G22700	0	0	0	0	0	0
AT4G35570	2189	1840	1821	1822	1998	1769
AT4G17980	5	5	8	8	6	3
AT4G36640	773	587	795	512	595	590
AT4G14615	1080	784	745	761	862	705
AT4G11820	3424	3111	3368	2521	2641	2605
AT4G16060	340	315	340	326	373	231
AT4G12610	1145	1201	1092	1137	1263	1004
AT4G39000	23	23	18	32	15	33
AT4G29103	0	0	0	0	0	0
AT4G18890	1154	1594	1740	1108	974	1198
AT4G01535	0	0	0	0	0	0
AT4G03175	0	0	0	0	0	0
AT4G01580	82	112	53	100	122	77
AT4G37240	258	226	196	179	147	174
AT4G31875	184	231	244	261	233	357
AT4G23190	1668	1992	2575	1136	906	1994
AT4G11280	14002	17658	19289	16977	15824	22190
AT4G05091	2	1	9	5	2	3
AT4G13960	0	0	0	0	0	0
AT4G06655	0	0	0	0	0	0
AT4G37500	0	0	0	0	0	0
AT4G36580	172	104	121	162	209	120
AT4G30580	371	315	287	388	459	361
AT4G21780	79	135	100	82	68	60
AT4G23920	653	771	1112	411	308	454
AT4G16330	561	415	383	448	457	401
AT4G38825	0	1	0	0	0	0
AT4G34710	25278	34460	28489	24087	16920	15911
AT4G09020	1699	1776	1828	1210	1422	1108
AT4G33590	27	16	17	20	21	29
AT4G36600	4	6	10	1	2	2
AT4G11420	5899	4974	4780	5944	6396	5721
AT4G38120	628	593	630	648	756	601
AT4G19600	767	686	633	721	805	638
AT4G11260	3444	2973	3023	3282	3630	3387
AT4G01060	24	58	30	24	15	9
AT4G26290	3	0	0	4	0	6
AT4G20990	5	7	3	3	8	2
AT4G21430	338	330	333	385	504	359
AT4G14105	0	0	0	0	0	0
AT4G20760	152	167	148	128	158	131
AT4G28160	0	0	1	7	2	1
AT4G33980	614	537	515	359	491	472
AT4G09100	29	16	20	24	17	50
AT4G20160	5	2	6	4	2	2
AT4G05230	0	0	0	0	0	0
AT4G30270	2611	3655	3088	1828	1525	1693
AT4G34540	322	267	295	307	299	264
AT4G36950	1211	1332	2448	630	470	772
AT4G18260	105	91	111	133	198	156
AT4G21380	8	14	2	6	12	19
AT4G19670	543	552	520	688	958	593
AT4G10960	437	418	469	147	165	225
AT4G10450	1874	1124	1133	1651	1759	1549
AT4G33950	180	213	201	69	103	87
AT4G00830	1730	1653	1562	1914	2233	1905
AT4G37200	126	95	111	102	115	105
AT4G35770	41	14	4	149	118	147
AT4G21000	0	0	0	0	0	0
AT4G06599	612	549	479	520	665	526
AT4G18230	177	163	134	148	182	135
AT4G20610	0	0	0	0	0	0
AT4G34419	14	13	45	21	32	37
AT4G02280	1799	1149	1336	100	137	227
AT4G09990	404	348	403	279	304	329
AT4G38405	0	0	0	0	0	0
AT4G35610	0	0	0	0	0	0
AT4G18050	1292	2863	1747	1454	1037	605
AT4G03443	0	0	1	0	0	2
AT4G22640	21	39	31	44	50	90
AT4G21500	5	4	2	5	10	4
AT4G14272	0	0	0	0	0	0
AT4G40045	77	75	58	72	93	86
AT4G11680	263	282	242	264	341	252
AT4G14390	61	87	105	109	135	111
AT4G18570	424	644	468	826	1223	503
AT4G32210	59	62	52	56	76	39
AT4G22160	539	758	703	490	757	321
AT4G11745	0	0	0	0	0	0
AT4G38940	250	238	215	310	350	293
AT4G36440	711	637	656	681	832	642
AT4G12950	0	1	1	1	1	0
AT4G39130	4	0	1	0	0	0
AT4G25500	3069	2459	2481	2691	3068	2958
AT4G00925	0	0	0	0	0	0
AT4G24680	2065	2192	2045	2402	2780	2508
AT4G25070	449	415	479	408	376	559
AT4G26820	1	2	0	0	1	0
AT4G17550	596	561	601	248	364	201
AT4G15510	46	46	37	65	95	58
AT4G11960	117	124	138	67	98	76
AT4G28060	1560	1104	1202	1176	1406	1168
AT4G38090	237	217	208	206	252	207
AT4G12190	0	0	0	0	0	0
AT4G14760	1254	1925	1992	2165	3399	1746
AT4G01170	0	0	0	0	0	0
AT4G13210	53	45	50	86	75	60
AT4G38320	185	137	142	175	192	201
AT4G23600	5	10	6	2	7	2
AT4G21060	360	377	364	310	389	303
AT4G14820	46	59	44	60	61	44
AT4G05555	0	0	0	0	0	0
AT4G23885	1006	829	882	616	621	646
AT4G10160	0	0	0	0	0	0
AT4G35370	0	0	0	0	0	0
AT4G29120	313	293	303	353	456	284
AT4G09510	240	387	339	395	524	298
AT4G28020	117	72	63	114	152	134
AT4G14310	594	710	605	874	1150	727
AT4G10465	5	6	5	8	5	5
AT4G21090	261	192	194	237	277	230
AT4G36140	445	550	522	535	617	520
AT4G16830	2932	2892	2989	2769	3368	2897
AT4G38260	376	339	351	387	433	368
AT4G27020	842	862	792	535	477	701
AT4G37440	662	529	519	700	915	769
AT4G25830	82	46	43	14	14	19
AT4G31580	1820	1646	1598	1488	1650	1416
AT4G29510	1281	1086	947	1221	1386	1129
AT4G05590	264	311	361	175	186	247
AT4G14360	1829	1933	1806	1625	1941	1382
AT4G10570	430	481	447	475	559	461
AT4G23540	517	427	402	578	674	509
AT4G18823	0	0	0	0	0	0
AT4G35190	104	155	221	17	24	22
AT4G21770	226	168	173	239	264	199
AT4G23630	7720	7266	7868	4756	5641	4174
AT4G23770	8	7	5	13	10	3
AT4G14530	1	0	0	0	0	0
AT4G26510	622	719	595	497	517	358
AT4G20740	101	98	73	114	130	97
AT4G15870	0	0	0	0	0	0
AT4G30220	1544	1110	1074	1112	1400	1102
AT4G09160	929	1083	1069	1130	1465	1082
AT4G10955	275	335	261	310	382	241
AT4G01090	3804	5770	6355	4643	3966	5872
AT4G01740	385	392	374	217	268	261
AT4G05240	0	0	0	0	0	0
AT4G18620	0	0	0	2	0	0
AT4G24800	1851	1411	1297	1702	2017	1603
AT4G26580	80	145	123	65	123	89
AT4G28050	549	416	426	446	532	437
AT4G17350	156	144	142	148	181	175
AT4G19170	2	19	5	12	8	5
AT4G29990	198	228	214	194	235	232
AT4G19275	0	0	0	0	0	0
AT4G29960	636	519	499	592	627	531
AT4G03240	334	318	316	306	341	238
AT4G10710	1982	1933	1771	2013	2381	2019
AT4G05060	678	574	586	655	757	640
AT4G14165	0	2	1	1	0	2
AT4G08250	41	26	28	35	40	31
AT4G11800	1013	1094	1081	753	888	775
AT4G11950	6	6	4	13	22	4
AT4G14300	1199	1039	928	1136	1311	1152
AT4G37120	1999	2019	1811	2183	2390	2049
AT4G15530	139	139	128	118	208	306
AT4G35800	3538	4542	4468	4768	5582	4891
AT4G25270	98	84	64	84	108	99
AT4G30040	0	0	0	0	0	0
AT4G27630	129	132	158	129	171	110
AT4G17240	279	273	244	277	350	235
AT4G24270	648	612	607	725	822	715
AT4G24310	276	336	404	271	325	439
AT4G14713	126	130	137	181	223	183
AT4G01690	633	584	587	595	823	581
AT4G25420	19	3	8	22	21	11
AT4G19960	1141	1452	1323	874	748	895
AT4G35785	1345	1095	1085	1226	1491	1187
AT4G02090	148	96	99	129	174	184
AT4G19090	80	79	54	71	99	83
AT4G31390	186	201	253	174	231	219
AT4G21700	558	670	702	509	476	540
AT4G01310	377	311	264	387	566	403
AT4G33970	1	2	1	1	2	1
AT4G30690	328	278	248	275	359	348
AT4G02380	7704	5364	7304	6080	7640	6734
AT4G29010	2650	2842	2871	2340	2895	2221
AT4G23910	444	395	419	369	431	343
AT4G17905	34	35	34	67	72	29
AT4G08400	93	75	55	63	79	112
AT4G33930	115	63	79	20	22	31
AT4G14780	41	47	51	136	172	146
AT4G16220	12	31	18	27	31	32
AT4G12590	1960	1621	1663	1599	1758	1460
AT4G08540	444	391	385	444	503	415
AT4G33710	0	3	2	9	8	9
AT4G22620	160	143	215	87	60	78
AT4G17640	1302	1208	1268	1085	1199	1060
AT4G10360	250	257	284	283	312	283
AT4G14730	1	3	6	1	6	1
AT4G21160	790	821	863	745	877	710
AT4G16760	3639	4094	3915	2883	2781	3202
AT4G10600	2	1	0	1	1	0
AT4G25040	1	0	0	2	0	0
AT4G09350	1	0	1	0	0	0
AT4G02460	222	228	265	307	312	278
AT4G15245	0	0	0	0	0	0
AT4G15350	84	109	127	81	127	155
AT4G32350	607	794	567	478	604	405
AT4G34250	57	53	57	47	79	36
AT4G28755	0	0	0	0	0	0
AT4G23280	7	7	6	6	7	17
AT4G22720	552	486	447	539	608	660
AT4G33230	1	0	0	0	0	0
AT4G30470	2146	2820	3156	1530	1256	1783
AT4G21760	237	388	98	524	1036	90
AT4G29548	0	0	1	0	0	1
AT4G02920	251	187	224	303	448	298
AT4G20350	123	94	102	124	129	92
AT4G09190	0	0	0	0	0	0
AT4G00060	869	988	981	1012	1107	927
AT4G34760	67	46	64	59	117	53
AT4G15130	345	344	387	293	367	323
AT4G22467	0	0	0	0	0	0
AT4G15545	982	1031	1051	903	1117	793
AT4G14080	0	0	0	0	0	0
AT4G32110	4	4	0	4	3	1
AT4G04630	35	64	75	67	175	72
AT4G39230	437	731	616	715	757	699
AT4G27320	2496	1964	2070	2320	2452	2606
AT4G17600	5	6	6	11	15	5
AT4G27460	512	519	385	289	269	387
AT4G21990	1659	1838	1596	2094	3439	2790
AT4G12490	1	0	0	0	2	0
AT4G33880	46	56	51	57	95	100
AT4G10020	2	0	0	0	1	0
AT4G35485	10	10	5	1	3	4
AT4G30700	97	77	67	71	78	79
AT4G15710	0	0	0	3	0	1
AT4G13395	1716	2024	2125	2077	1775	2398
AT4G10760	704	617	594	801	1029	762
AT4G38460	443	379	343	376	510	403
AT4G35600	856	989	1072	845	852	1262
AT4G12545	452	220	128	582	477	494
AT4G22115	0	0	0	0	0	0
AT4G11030	0	0	0	0	0	0
AT4G00238	382	252	253	376	505	359
AT4G36010	3049	3399	3774	1214	991	1235
AT4G21400	521	645	756	647	679	923
AT4G00920	3	1	1	2	0	1
AT4G22513	0	0	0	0	0	0
AT4G32340	26	39	22	43	37	34
AT4G19985	46	41	35	53	66	35
AT4G15802	1531	1302	1317	1383	1496	1013
AT4G39530	33	41	23	35	48	35
AT4G37230	2	1	0	1	0	0
AT4G26455	735	697	766	752	920	793
AT4G20835	7	10	8	3	9	3
AT4G25780	18	34	13	13	33	3
AT4G15100	100	315	538	80	28	55
AT4G24860	22	12	11	19	36	19
AT4G29080	2488	4428	3896	4314	5655	2853
AT4G10130	134	98	100	94	131	93
AT4G37390	55	52	81	145	182	116
AT4G22370	19	13	9	22	29	16
AT4G15810	91	88	82	110	156	115
AT4G11760	0	0	0	0	0	0
AT4G06688	0	0	0	0	0	0
AT4G25710	359	312	301	448	521	389
AT4G08267	0	0	0	0	0	0
AT4G26100	1078	1076	943	873	934	846
AT4G15980	0	0	0	1	1	0
AT4G08960	537	499	400	558	575	492
AT4G03010	70	88	55	79	124	61
AT4G18040	1630	1292	1307	1225	1411	1112
AT4G34070	432	333	315	341	395	288
AT4G05420	1744	1952	1818	1903	2295	1978
AT4G29760	2	1	2	2	1	0
AT4G17770	848	789	886	874	1031	818
AT4G00490	400	393	379	445	485	289
AT4G33820	19	26	34	17	30	11
AT4G27330	0	0	0	0	0	0
AT4G08320	460	428	435	484	498	492
AT4G16144	442	401	436	355	500	380
AT4G14580	1055	1247	1249	602	892	743
AT4G08580	334	267	251	302	310	285
AT4G04700	214	307	301	306	393	290
AT4G29470	4	6	2	1	5	4
AT4G16530	0	0	0	1	0	0
AT4G15650	0	0	0	0	0	0
AT4G17310	119	105	86	128	118	79
AT4G23500	645	1096	702	947	1434	779
AT4G09430	0	0	0	0	0	0
AT4G38850	0	1	0	0	0	0
AT4G20170	1717	2057	2216	1586	1691	1458
AT4G27565	2	1	1	1	0	0
AT4G20620	0	0	0	0	0	0
AT4G35470	823	812	681	742	816	769
AT4G32510	1	1	2	4	1	1
AT4G00900	1323	1778	1675	1290	1337	1367
AT4G12860	0	0	0	0	0	0
AT4G21080	0	0	0	0	1	0
AT4G02810	13	11	3	22	62	22
AT4G38590	3	4	7	6	7	16
AT4G25120	263	271	266	352	389	299
AT4G09450	0	0	0	0	0	0
AT4G26270	559	741	543	475	485	375
AT4G00250	0	1	0	1	2	2
AT4G07350	0	0	0	0	0	0
AT4G24830	2268	1976	1718	2359	2527	1799
AT4G27730	184	210	185	238	348	255
AT4G14550	215	170	233	137	188	185
AT4G00600	0	2	0	0	1	0
AT4G01550	191	190	214	205	287	227
AT4G18340	2214	2782	1995	2143	2466	2653
AT4G08380	6	9	0	61	74	54
AT4G10530	3	1	2	16	28	28
AT4G13730	391	405	308	406	496	358
AT4G35890	1791	1633	1602	1642	1784	1563
AT4G27745	394	327	383	383	465	411
AT4G06479	0	0	0	0	0	0
AT4G12030	91	129	145	252	354	285
AT4G33840	0	0	0	0	0	0
AT4G12830	0	1	1	0	0	0
AT4G15075	3	3	5	3	2	4
AT4G27790	8	2	5	1	3	11
AT4G15550	376	480	446	163	233	222
AT4G02220	503	371	350	446	531	488
AT4G01120	1031	953	909	870	1038	822
AT4G26590	1	2	0	1	1	0
AT4G27640	1534	1654	1513	1749	2062	1650
AT4G26920	0	0	0	0	0	0
AT4G23000	177	133	146	76	83	141
AT4G24990	1214	1147	1332	996	1185	1083
AT4G16045	0	0	0	0	0	0
AT4G29340	27	42	30	20	19	20
AT4G22470	60	76	88	62	105	127
AT4G01440	210	218	207	401	939	445
AT4G29400	79	89	72	97	99	45
AT4G21440	2	4	3	0	1	5
AT4G38905	6	3	2	5	6	4
AT4G37880	693	726	674	662	770	607
AT4G28990	336	244	248	355	358	308
AT4G24100	1097	1096	1116	1079	1165	1201
AT4G35310	3393	3779	3615	3067	3520	3510
AT4G01040	501	455	485	516	559	514
AT4G32330	2420	2570	2463	2732	3291	2443
AT4G00680	124	129	147	100	133	188
AT4G33810	34	310	224	120	186	188
AT4G31530	159	187	163	168	243	185
AT4G28350	17	26	20	5	12	51
AT4G05400	599	491	401	527	641	471
AT4G00340	652	959	1004	1085	1653	821
AT4G12520	780	411	456	503	541	464
AT4G01570	240	238	194	240	277	185
AT4G27860	1827	1631	1941	1304	1317	1386
AT4G36910	245	225	222	176	205	180
AT4G22505	0	0	0	0	0	0
AT4G04423	2	1	1	0	0	1
AT4G04180	114	114	118	123	179	118
AT4G22870	0	0	0	0	0	0
AT4G26880	7	9	4	5	5	4
AT4G12370	4	1	2	1	2	0
AT4G32490	5	4	2	0	0	0
AT4G22570	998	1259	981	910	1182	550
AT4G05470	0	0	0	0	0	0
AT4G34900	151	277	186	337	450	162
AT4G10950	8	6	0	3	5	3
AT4G13955	0	0	0	0	0	0
AT4G00480	292	251	226	306	312	284
AT4G19870	158	167	159	193	213	242
AT4G03260	1695	1829	1842	1813	2282	1778
AT4G10490	0	0	0	2	0	0
AT4G12870	34	15	26	65	44	19
AT4G27610	468	333	429	379	438	445
AT4G28470	1725	1777	1679	1856	2110	1757
AT4G01460	4	0	1	5	4	3
AT4G24530	354	358	322	256	279	253
AT4G04580	5	13	7	14	11	10
AT4G23940	561	559	512	575	674	485
AT4G17390	11541	7986	7254	10314	11561	9405
AT4G28180	68	61	47	106	142	80
AT4G39380	144	104	102	136	165	114
AT4G26460	2	5	1	4	0	0
AT4G26965	253	164	160	235	248	184
AT4G29130	1765	1707	1581	1442	1733	1484
AT4G19975	97	82	181	17	11	19
AT4G10305	0	0	0	1	0	0
AT4G16610	72	63	80	67	69	41
AT4G27060	910	1155	1039	1225	1534	1204
AT4G26310	406	354	343	324	390	329
AT4G15440	8	16	12	12	19	4
AT4G27240	41	43	29	68	106	28
AT4G20930	214	205	175	134	157	137
AT4G19540	178	138	135	151	193	126
AT4G02360	317	245	239	121	116	90
AT4G31100	638	665	609	544	655	576
AT4G08520	1887	1521	1423	1535	1597	1328
AT4G21340	25	15	22	39	53	40
AT4G32420	1292	1596	1436	1371	1514	1105
AT4G20410	933	892	970	794	976	734
AT4G18100	15518	9970	9560	11155	12578	11011
AT4G24250	149	209	151	152	207	211
AT4G04402	0	0	0	0	0	0
AT4G03130	38	38	46	53	52	63
AT4G17870	1370	1204	1133	925	1242	947
AT4G28830	298	209	230	248	304	283
AT4G23390	2	1	0	1	0	0
AT4G17970	213	113	146	94	83	71
AT4G29273	0	0	0	0	0	0
AT4G22217	165	134	163	52	43	106
AT4G04720	929	1053	1009	1084	1347	931
AT4G09780	8	7	10	16	10	22
AT4G39890	931	971	1069	737	565	998
AT4G28220	542	399	444	521	565	591
AT4G13950	298	382	278	196	256	176
AT4G38920	5096	3971	3994	3762	4227	3217
AT4G30890	1063	1058	998	1014	1206	834
AT4G11410	300	327	361	304	365	322
AT4G12430	165	157	117	74	88	67
AT4G36870	109	129	172	102	108	105
AT4G01840	51	61	80	80	93	70
AT4G23420	551	388	491	444	450	454
AT4G00895	72	77	68	76	109	66
AT4G01920	169	134	131	117	182	130
AT4G34300	3	0	1	0	0	1
AT4G21650	1103	1887	1461	429	431	246
AT4G14695	55	30	36	65	30	33
AT4G34660	836	711	716	777	889	782
AT4G26200	646	661	830	393	410	565
AT4G08900	482	536	509	535	563	407
AT4G03580	0	0	0	0	0	0
AT4G08290	937	661	583	660	871	736
AT4G12940	0	0	0	2	3	0
AT4G22340	249	289	312	254	307	268
AT4G17720	739	627	665	686	790	706
AT4G00585	1745	1231	1257	1438	1497	1250
AT4G11560	1007	977	1059	920	1061	935
AT4G00030	363	375	466	335	462	322
AT4G00580	0	0	0	0	0	0
AT4G23355	0	0	0	0	0	0
AT4G12750	373	298	336	465	518	410
AT4G04260	0	0	2	2	2	2
AT4G14840	120	128	125	142	167	131
AT4G19630	3	3	4	2	2	1
AT4G34910	637	568	523	633	665	603
AT4G11070	145	218	341	73	95	316
AT4G25210	3438	3607	3696	2708	2604	2685
AT4G38290	3	2	2	2	7	1
AT4G32630	10	12	5	4	6	27
AT4G13520	1535	1179	1275	1231	1297	1028
AT4G27410	616	516	421	295	373	461
AT4G37445	95	112	115	84	110	105
AT4G14145	290	214	216	298	381	373
AT4G17680	25	11	7	1	5	16
AT4G33460	163	138	109	127	167	105
AT4G16680	132	153	142	147	155	165
AT4G36750	819	858	823	679	838	687
AT4G16450	2711	1916	2037	2280	2389	1972
AT4G15290	116	87	90	154	148	193
AT4G04680	9	2	3	3	2	5
AT4G22285	591	590	579	607	666	475
AT4G18610	222	244	255	509	816	334
AT4G35450	2174	1750	1484	1554	1840	1476
AT4G32295	108	153	120	96	152	57
AT4G08630	0	1	0	0	1	0
AT4G28330	83	106	98	47	60	43
AT4G16630	1418	1124	1009	1454	1675	1337
AT4G36110	7	1	4	4	16	6
AT4G36270	112	135	145	163	197	85
AT4G05540	9	3	0	4	6	1
AT4G12460	1272	1199	1292	1118	1298	969
AT4G02250	1	0	0	0	0	0
AT4G12790	1776	1816	1756	1310	1299	1541
AT4G08700	85	51	68	76	99	71
AT4G32670	352	476	483	338	374	313
AT4G00740	1646	1504	1401	1652	1930	1412
AT4G17730	1071	1179	1288	976	1304	1256
AT4G04950	1149	1125	1122	1183	1245	1040
AT4G03505	4	3	1	0	4	1
AT4G10210	0	0	0	0	0	0
AT4G39745	0	0	0	0	0	0
AT4G30610	231	201	206	199	250	260
AT4G11040	19	8	17	2	7	8
AT4G18080	4	3	4	4	3	1
AT4G36960	977	945	954	907	995	798
AT4G28740	5	3	0	3	14	2
AT4G34920	344	495	358	372	547	428
AT4G10000	28	37	44	50	64	41
AT4G12480	2	1	4	18	10	21
AT4G25110	31	43	30	101	109	137
AT4G00150	670	538	625	647	763	599
AT4G37310	10	11	9	22	70	12
AT4G35790	4503	5839	6097	3537	4081	3489
AT4G30825	63	83	58	104	111	75
AT4G36610	669	958	960	594	666	577
AT4G33500	219	277	299	268	318	221
AT4G27300	0	0	1	2	4	8
AT4G13930	9198	8936	9061	7284	8589	6731
AT4G09585	0	0	0	0	0	0
AT4G14630	384	1098	617	1352	1262	2458
AT4G33540	956	661	683	509	703	585
AT4G36990	3803	4790	5273	3055	2878	3513
AT4G14980	408	265	261	93	86	136
AT4G18210	22	31	24	30	30	28
AT4G32390	1555	1514	1263	1303	1607	1258
AT4G08867	0	0	0	0	0	0
AT4G15330	1214	1075	992	838	918	1234
AT4G22165	0	0	0	0	0	0
AT4G00905	99	123	107	73	114	79
AT4G34190	69	89	68	94	128	85
AT4G03430	1771	1703	1619	1505	1849	1625
AT4G18930	1495	1143	1147	1037	1244	1143
AT4G08270	0	0	0	0	0	0
AT4G37990	10	2	3	2	9	3
AT4G22910	336	297	226	372	453	343
AT4G31730	438	591	344	307	488	170
AT4G14716	1476	1440	1636	1242	1303	1107
AT4G32680	535	453	469	471	514	446
AT4G18500	0	0	0	0	0	0
AT4G10880	0	0	0	0	0	0
AT4G17590	0	0	0	0	0	0
AT4G12910	364	584	556	321	405	366
AT4G10120	34	79	178	10	4	13
AT4G37000	219	345	354	223	286	177
AT4G00295	0	0	1	0	0	0
AT4G19840	3150	4803	3859	3392	3717	2986
AT4G33770	183	173	131	191	322	266
AT4G26670	642	518	454	477	585	495
AT4G29800	231	232	233	219	288	263
AT4G24950	0	0	0	1	0	0
AT4G18250	77	118	122	127	88	237
AT4G23980	1861	2273	3477	2029	2717	2701
AT4G28610	948	864	773	902	1072	921
AT4G15010	494	336	338	381	466	362
AT4G00260	0	0	0	0	0	0
AT4G28210	148	126	102	128	188	131
AT4G20010	324	282	292	275	291	293
AT4G32750	207	165	186	127	160	125
AT4G22670	3443	3141	2841	3396	4061	3200
AT4G00400	169	208	232	173	194	155
AT4G25690	627	560	533	481	560	487
AT4G05070	401	284	204	681	883	577
AT4G15380	101	86	155	184	233	175
AT4G34740	348	268	254	297	447	231
AT4G18750	43	18	35	32	40	20
AT4G34890	1460	1501	1558	1272	1412	1459
AT4G18692	0	0	0	0	0	0
AT4G37360	0	0	0	0	0	0
AT4G01575	166	161	170	123	94	87
AT4G26660	626	678	584	823	959	605
AT4G16535	279	220	241	253	298	267
AT4G29283	0	0	0	0	0	0
AT4G02480	5746	6319	6152	6653	8015	6806
AT4G30870	202	192	180	179	257	204
AT4G38250	1234	1272	1154	971	1148	1079
AT4G14930	390	424	396	354	414	378
AT4G01220	221	281	226	239	220	166
AT4G35295	10	7	9	9	3	5
AT4G26180	177	130	144	146	200	162
AT4G32500	2	1	0	1	1	0
AT4G00850	152	236	212	179	201	155
AT4G00651	0	2	1	4	3	3
AT4G22770	193	139	192	170	249	153
AT4G34290	137	86	99	109	140	96
AT4G32840	350	462	357	523	533	351
AT4G32170	17	21	18	3	1	2
AT4G17910	200	178	183	207	276	172
AT4G08455	148	114	106	114	139	101
AT4G11480	72	135	119	180	174	206
AT4G28260	1339	1252	1233	1576	2113	1714
AT4G09920	3	2	3	3	8	2
AT4G04450	19	7	31	48	49	32
AT4G38430	1062	1029	874	1253	1459	1114
AT4G13770	548	452	581	1512	2213	1844
AT4G04110	0	0	0	0	0	0
AT4G29150	0	4	0	0	3	2
AT4G15730	116	97	112	140	163	104
AT4G39952	45	50	35	45	55	26
AT4G34410	18679	26887	30504	16810	14218	21476
AT4G01026	262	160	210	102	165	120
AT4G29380	1057	1143	1026	1014	1149	1334
AT4G03390	2300	2633	2069	1388	1578	1513
AT4G15820	248	202	207	269	348	241
AT4G33090	4034	3952	3791	3748	4337	3891
AT4G34400	96	110	126	90	113	296
AT4G23110	0	0	0	0	0	0
AT4G05460	245	192	202	246	316	244
AT4G07965	0	0	0	0	0	0
AT4G26260	30	62	9	35	71	15
AT4G30560	168	153	185	155	179	122
AT4G11140	9	9	9	25	21	15
AT4G20830	12956	17092	18870	9963	9287	15273
AT4G21920	163	186	174	52	50	106
AT4G32480	2342	2511	1714	1414	1146	1213
AT4G40063	0	0	0	0	1	0
AT4G04860	634	553	517	505	636	487
AT4G35130	44	39	40	52	40	45
AT4G26130	1300	1425	1510	1086	1474	848
AT4G24240	439	385	440	622	753	605
AT4G00110	333	232	244	321	371	269
AT4G02760	639	604	560	531	587	508
AT4G36760	2942	2702	2615	1892	1970	2136
AT4G26850	129	146	112	173	237	83
AT4G25050	33	20	18	34	54	27
AT4G31480	4359	4551	4247	4260	5089	4353
AT4G12240	54	57	51	50	64	51
AT4G33440	702	670	725	697	810	608
AT4G11150	5964	4902	4696	4314	5010	4051
AT4G31070	18	37	18	24	33	31
AT4G26430	195	200	158	214	247	173
AT4G18110	0	0	0	0	0	0
AT4G29410	4252	2779	2572	3793	3933	3582
AT4G17100	1673	1775	1914	1475	1593	1447
AT4G37682	9	6	10	7	16	7
AT4G35860	850	663	656	606	826	717
AT4G02690	0	7	3	7	4	3
AT4G00320	0	0	0	0	0	1
AT4G04710	35	46	55	41	46	32
AT4G02330	1104	1798	1718	1228	1128	1354
AT4G09035	5	6	5	0	4	3
AT4G17900	1345	1442	1226	1134	1260	1241
AT4G08040	112	72	97	76	55	111
AT4G18330	1	2	1	3	1	0
AT4G16750	108	136	179	162	190	129
AT4G34000	1972	1978	2258	1360	1639	1110
AT4G20130	106	121	94	136	193	141
AT4G31920	703	701	676	736	942	713
AT4G16880	0	0	0	0	1	0
AT4G13420	239	271	474	163	109	157
AT4G19020	942	1111	1156	1268	1295	1093
AT4G01800	680	565	604	641	786	698
AT4G39650	26	30	12	36	22	55
AT4G31320	795	482	384	477	429	478
AT4G01735	48	33	42	12	12	18
AT4G19200	7530	10603	9638	7200	7160	6467
AT4G18160	389	324	372	212	308	263
AT4G16470	86	77	66	101	111	109
AT4G12360	0	2	1	0	0	0
AT4G40011	0	0	0	0	0	0
AT4G16442	408	357	357	259	354	263
AT4G08560	0	0	0	0	0	0
AT4G21200	42	60	30	32	36	23
AT4G28690	20	14	19	20	35	18
AT4G23880	104	113	137	68	145	105
AT4G30950	855	702	667	843	946	733
AT4G35905	249	186	190	190	237	191
AT4G17420	293	277	247	303	387	252
AT4G12130	349	282	280	254	278	217
AT4G30845	13	10	9	13	11	11
AT4G10550	118	119	130	235	213	235
AT4G18630	42	32	36	160	385	80
AT4G39260	13123	13512	14225	11900	13199	10974
AT4G14350	1925	2157	2352	2308	2365	1998
AT4G18975	141	127	123	126	149	131
AT4G21530	237	233	189	287	327	258
AT4G32530	1455	1529	1433	1290	1524	1159
AT4G21940	139	274	150	153	133	70
AT4G20960	241	207	179	220	273	219
AT4G00810	2786	1951	1693	2332	2692	2222
AT4G09630	1429	1317	1367	1194	1385	1151
AT4G09010	42	32	16	42	82	29
AT4G18590	261	223	186	234	268	214
AT4G28910	2390	2236	2196	2151	2364	2077
AT4G12010	215	212	224	278	316	258
AT4G15780	1322	1359	1364	1247	1478	1183
AT4G33130	253	180	154	227	234	178
AT4G05071	0	0	0	0	0	1
AT4G32460	1055	573	581	602	542	546
AT4G23060	1424	2092	2474	1089	680	1384
AT4G21063	0	0	0	0	0	0
AT4G08895	0	0	0	0	0	0
AT4G39740	106	102	96	104	118	101
AT4G11850	2424	2783	2922	2824	2867	4025
AT4G19095	8	2	5	2	0	3
AT4G08691	0	0	0	0	0	0
AT4G01110	118	123	135	105	122	118
AT4G18501	12	12	6	14	15	9
AT4G13830	328	423	327	401	426	356
AT4G01990	135	106	98	127	162	152
AT4G25900	1224	1223	1181	1119	1291	1252
AT4G18830	5	1	0	0	1	0
AT4G39470	123	100	105	117	162	110
AT4G03330	50	42	58	49	52	61
AT4G11650	1985	2396	1457	1590	1271	1536
AT4G32200	305	259	340	260	273	255
AT4G29290	0	0	0	0	0	0
AT4G36720	419	345	327	294	378	370
AT4G33495	139	148	152	162	218	117
AT4G22305	115	108	105	164	182	160
AT4G07526	1	0	1	0	0	0
AT4G29630	0	0	0	0	0	0
AT4G16550	0	0	0	0	0	0
AT4G21515	0	1	0	0	0	0
AT4G23700	366	529	448	304	112	391
AT4G25490	306	384	305	1044	1368	573
AT4G29700	1907	2164	2904	1676	2076	1633
AT4G31770	402	393	410	296	286	338
AT4G26780	442	300	301	417	453	309
AT4G33780	428	372	368	347	431	339
AT4G21880	107	77	58	108	121	71
AT4G16080	1	0	0	0	0	0
AT4G03740	0	0	0	0	0	0
AT4G32600	503	485	445	498	600	398
AT4G03250	125	175	143	172	185	148
AT4G30630	292	278	301	278	305	232
AT4G36800	1951	1903	1907	1552	1701	1551
AT4G32030	1694	1667	1901	1416	1530	1589
AT4G01670	43	24	22	14	33	16
AT4G32800	1520	2375	1644	1387	1247	933
AT4G34270	811	695	734	712	876	690
AT4G16100	244	204	173	247	295	201
AT4G02405	174	123	145	127	177	178
AT4G35280	0	1	2	0	0	0
AT4G12670	221	247	260	291	350	276
AT4G16340	2682	3324	3092	3065	3401	2620
AT4G26870	1744	1479	1420	1838	2170	1830
AT4G02190	0	0	1	0	2	2
AT4G28110	46	61	57	24	23	63
AT4G12970	2	7	6	3	3	1
AT4G24615	0	0	0	0	0	0
AT4G20770	31	41	28	31	44	26
AT4G30710	194	196	222	226	260	230
AT4G32360	263	257	252	317	330	302
AT4G23460	2115	2555	2366	2237	2651	2198
AT4G09360	0	0	0	0	0	0
AT4G24640	0	0	0	0	0	0
AT4G35410	348	284	289	303	338	240
AT4G31985	4447	2914	2615	3007	3562	2790
AT4G09530	0	0	0	0	0	0
AT4G14190	75	79	50	82	106	66
AT4G04830	1722	1220	674	2599	2876	2713
AT4G18510	361	81	55	276	326	233
AT4G31970	0	1	0	0	1	99
AT4G25800	244	212	241	139	163	180
AT4G36791	1	0	0	0	0	0
AT4G27910	619	591	612	599	696	597
AT4G08028	0	0	0	0	0	0
AT4G16240	11	8	8	8	9	7
AT4G31160	1335	1104	1262	1275	1583	1225
AT4G15030	406	303	284	350	427	337
AT4G29090	0	0	0	0	0	0
AT4G10240	0	0	0	0	0	0
AT4G21902	15	1	6	6	10	9
AT4G19460	113	151	187	120	172	131
AT4G22120	1238	1857	2129	1438	1861	1347
AT4G15630	47	34	33	34	15	31
AT4G17510	892	779	691	728	890	693
AT4G20450	3	3	4	12	11	18
AT4G02750	100	71	75	79	86	70
AT4G11373	0	0	0	0	0	0
AT4G22410	0	1	0	0	0	0
AT4G04750	35	53	94	24	47	9
AT4G13790	0	0	0	0	0	0
AT4G01703	0	0	0	0	0	0
AT4G11380	2694	2614	2564	2674	2973	2532
AT4G13480	140	140	202	2	2	0
AT4G17215	240	277	234	251	316	319
AT4G13780	2879	2947	2788	3239	3806	3391
AT4G10170	119	123	118	127	146	140
AT4G36480	842	756	686	816	954	751
AT4G14342	333	229	218	272	285	239
AT4G19003	495	388	334	397	395	358
AT4G06639	0	0	0	0	0	0
AT4G21510	86	55	65	106	115	77
AT4G29110	65	52	61	108	205	123
AT4G28085	2225	2022	2525	748	593	1277
AT4G24975	0	0	0	1	0	0
AT4G20090	72	70	54	81	132	87
AT4G17000	486	584	391	650	614	454
AT4G15450	271	383	315	445	698	250
AT4G35000	1462	1255	1430	1229	1407	1087
AT4G19430	1	0	2	0	1	0
AT4G25360	1131	938	1073	821	870	902
AT4G09545	0	0	0	0	0	0
AT4G13390	131	96	43	124	115	162
AT4G29060	357	340	284	425	516	396
AT4G15490	6	4	7	0	0	2
AT4G30450	1393	1011	799	1051	1209	1146
AT4G13980	283	242	218	261	394	315
AT4G08240	287	233	257	274	259	248
AT4G03400	210	224	204	205	204	210
AT4G14040	220	658	392	642	864	365
AT4G18150	0	0	0	0	0	0
AT4G29033	1	0	0	0	0	0
AT4G38470	3041	2515	1056	3893	4278	2823
AT4G12990	80	70	61	65	61	80
AT4G14970	149	187	187	165	167	148
AT4G03625	0	0	0	0	0	0
AT4G22758	144	147	215	89	89	108
AT4G02540	2542	2457	2127	1231	1262	1532
AT4G33800	57	54	47	39	60	49
AT4G20360	1156	1198	1033	1286	1818	1318
AT4G35550	441	557	437	588	773	440
AT4G02700	4	3	1	1	1	2
AT4G28650	1238	986	1151	1118	1170	1046
AT4G16900	318	347	302	330	412	329
AT4G09750	60	33	56	19	32	25
AT4G35720	20	19	19	58	100	10
AT4G04620	429	509	515	483	568	419
AT4G19690	11	41	0	151	138	208
AT4G01770	106	99	119	173	205	204
AT4G09960	0	0	1	0	0	0
AT4G19180	409	355	312	409	537	344
AT4G35700	1	1	0	6	0	0
AT4G02840	929	789	726	752	871	709
AT4G13220	47	48	48	62	82	39
AT4G39790	50	47	46	101	90	82
AT4G09466	0	0	0	0	0	0
AT4G10620	317	271	256	327	374	281
AT4G39235	48	43	48	28	39	42
AT4G35840	101	117	102	133	189	91
AT4G38220	2627	2169	2206	2088	2578	2465
AT4G24540	0	1	1	1	8	0
AT4G27520	8484	14254	11995	8753	7168	7006
AT4G10410	0	1	2	1	1	0
AT4G30070	0	0	0	0	0	0
AT4G13680	4	3	19	15	25	9
AT4G38990	0	0	0	0	0	0
AT4G30910	1122	961	943	818	779	955
AT4G13500	6	2	2	3	7	8
AT4G32230	0	0	0	0	0	0
AT4G38005	0	0	0	0	1	0
AT4G09340	407	385	364	414	451	358
AT4G02640	1253	1316	1507	1184	1520	1308
AT4G37210	896	898	801	978	1123	906
AT4G17790	463	330	305	389	533	456
AT4G10970	577	584	532	434	488	516
AT4G29390	3540	2115	2186	2687	2824	2317
AT4G05630	0	0	0	0	0	0
AT4G00290	256	214	249	246	292	241
AT4G10560	39	27	9	41	33	29
AT4G24972	10	8	8	8	15	3
AT4G21192	137	140	122	109	153	125
AT4G27080	1183	846	847	978	1116	926
AT4G14785	0	0	0	0	0	0
AT4G26630	3215	3851	3840	3541	4181	3696
AT4G31430	1307	1053	1182	1267	1568	1371
AT4G26680	10	19	19	35	53	18
AT4G27880	469	393	349	422	567	417
AT4G00220	41	80	63	70	64	52
AT4G21950	0	0	0	0	0	0
AT4G04890	80	58	60	122	104	118
AT4G23430	1953	1946	2240	1370	1626	1667
AT4G20645	0	0	0	0	0	0
AT4G15990	329	322	282	442	535	361
AT4G26150	0	0	0	0	0	0
AT4G13380	0	0	0	0	0	0
AT4G23960	6	11	11	7	10	15
AT4G37435	0	0	0	0	1	0
AT4G03292	42	15	11	17	23	21
AT4G14723	1	3	1	0	2	1
AT4G13261	0	0	0	0	0	0
AT4G22105	4	4	7	1	0	0
AT4G13235	168	142	108	301	429	332
AT4G00880	836	1042	1424	819	1218	1151
AT4G37540	750	456	318	721	1257	395
AT4G31310	592	457	587	532	593	632
AT4G11360	314	372	323	390	470	424
AT4G31000	2514	2515	2271	1703	1652	1699
AT4G35490	1178	945	999	916	1064	953
AT4G26910	1764	1683	1619	1623	1765	1530
AT4G34500	507	524	523	527	589	530
AT4G10390	593	740	767	622	622	598
AT4G23080	0	0	0	0	0	0
AT4G23365	0	0	0	0	0	0
AT4G15040	0	0	0	0	0	0
AT4G36925	1	0	3	1	2	2
AT4G01950	3586	3963	5247	1803	1825	3476
AT4G12410	71	75	54	30	25	37
AT4G08990	0	0	0	0	0	0
AT4G25600	148	111	115	169	138	113
AT4G10510	18	37	30	53	85	36
AT4G00350	5	5	6	8	8	9
AT4G28703	185	214	188	110	102	138
AT4G03420	154	150	119	240	428	147
AT4G34380	124	121	91	62	66	85
AT4G14104	3	0	0	0	0	0
AT4G14440	232	270	274	219	297	159
AT4G31420	1224	1092	1078	1058	1139	952
AT4G25560	40	30	30	34	52	47
AT4G03220	1	0	2	1	2	0
AT4G27030	5	9	2	0	3	0
AT4G13840	55	60	71	39	43	37
AT4G30067	0	1	1	0	0	0
AT4G20420	0	0	0	0	0	0
AT4G20080	1	0	0	0	0	0
AT4G08640	0	0	0	0	2	0
AT4G27435	330	423	353	229	315	258
AT4G13970	462	443	405	508	581	492
AT4G13266	0	0	0	0	0	0
AT4G04460	183	337	330	204	275	195
AT4G36105	9	5	2	4	6	7
AT4G02720	1029	949	912	975	1157	939
AT4G11740	818	791	732	756	912	800
AT4G01900	720	510	506	608	708	508
AT4G37860	2	1	2	9	7	8
AT4G19350	466	390	357	430	477	354
AT4G24330	2695	2371	2341	2413	2717	2415
AT4G33985	1305	1402	1671	872	991	1049
AT4G33945	845	774	729	828	888	763
AT4G28140	48	88	33	41	32	18
AT4G32940	3021	3684	4507	1835	2484	2354
AT4G15340	752	588	366	894	1021	773
AT4G03160	0	0	0	0	0	0
AT4G08263	2	0	0	0	0	0
AT4G10870	0	0	0	0	0	0
AT4G15960	582	623	540	522	554	577
AT4G00450	1541	1665	1696	1820	2248	1973
AT4G39660	5302	4668	4161	4517	4587	5230
AT4G26050	27	26	17	129	171	316
AT4G20150	2947	2031	2105	2086	2372	1866
AT4G02310	0	0	0	0	0	0
AT4G08570	26	48	70	55	105	41
AT4G00520	369	360	348	310	358	257
AT4G12110	606	668	668	811	1010	499
AT4G22130	1689	1801	1697	1852	2107	1494
AT4G30540	1	11	46	0	0	0
AT4G09950	223	397	407	314	335	336
AT4G38270	850	799	700	731	917	687
AT4G16930	0	0	0	0	0	0
AT4G11530	165	173	162	224	255	209
AT4G00780	369	851	520	1577	1667	1061
AT4G00910	21	13	12	41	33	5
AT4G35810	0	0	0	0	0	0
AT4G32570	593	651	638	616	858	639
AT4G14560	90	142	121	158	285	87
AT4G00500	320	332	313	290	367	266
AT4G03113	0	0	0	0	0	0
AT4G33290	0	0	0	0	0	0
AT4G30840	387	314	258	325	371	341
AT4G34138	110	165	93	235	398	216
AT4G07950	382	246	247	301	295	268
AT4G25080	248	220	155	284	465	300
AT4G35750	2070	1791	1638	3103	4594	3157
AT4G27360	0	1	1	1	0	0
AT4G23100	10014	10289	9487	8032	9484	8456
AT4G26230	4948	2988	2966	3697	4019	3288
AT4G22710	2404	4513	3982	3216	2530	5003
AT4G16860	9	12	1	5	28	0
AT4G06744	972	1032	1047	1221	1656	889
AT4G27440	296	395	55	154	773	8
AT4G15610	2277	2986	3034	1184	1281	1806
AT4G02880	1084	1216	1252	865	935	994
AT4G33160	88	77	107	194	336	192
AT4G17565	0	0	0	0	0	0
AT4G23450	127	118	128	103	130	146
AT4G28940	971	1341	1590	559	494	561
AT4G20540	0	0	0	0	0	0
AT4G39050	2615	2948	2829	2649	2519	2302
AT4G31830	186	55	82	4	3	8
AT4G28680	0	1	0	0	0	0
AT4G00270	259	192	200	240	341	210
AT4G36240	120	166	169	201	342	126
AT4G00370	295	267	256	195	224	163
AT4G02170	432	392	266	164	101	148
AT4G19130	109	53	61	89	86	80
AT4G02070	330	312	278	463	576	421
AT4G16566	208	172	190	194	223	184
AT4G34580	272	236	239	149	162	244
AT4G03728	0	0	0	0	0	0
AT4G34980	1572	2016	1857	2266	2879	1692
AT4G18190	4	2	0	2	10	8
AT4G25980	50	26	29	36	29	36
AT4G02740	699	565	567	554	650	536
AT4G30770	0	0	0	0	0	0
AT4G26555	308	217	246	245	256	323
AT4G19720	184	285	302	174	266	479
AT4G35920	1086	1437	1285	1405	1743	1449
AT4G33210	1074	1150	1144	1255	1713	1306
AT4G22235	415	220	238	346	373	345
AT4G23710	1573	1141	1202	1199	1317	1207
AT4G27270	551	428	420	507	643	518
AT4G22970	296	267	249	276	354	380
AT4G20920	15	7	16	15	13	9
AT4G28570	900	813	890	805	966	845
AT4G20560	0	0	0	0	0	0
AT4G25730	2299	1656	1621	2387	2694	2124
AT4G12540	67	81	67	80	94	59
AT4G26530	1	0	0	3	0	1
AT4G38140	32	10	24	12	19	16
AT4G37180	956	732	557	1196	1432	704
AT4G11880	1861	2002	2659	1461	1620	1525
AT4G01230	6	5	8	3	6	7
AT4G39820	718	739	725	710	842	790
AT4G33600	0	0	0	0	0	0
AT4G22780	2700	3446	3809	1929	1702	2857
AT4G16162	3	3	2	0	4	3
AT4G27530	29	20	21	7	10	8
AT4G28130	0	1	0	0	0	0
AT4G37290	7	8	9	13	4	26
AT4G27800	302	272	325	296	450	302
AT4G32830	535	576	480	628	742	483
AT4G15280	59	103	96	76	58	118
AT4G01925	124	102	88	78	89	136
AT4G27600	236	240	216	304	377	318
AT4G34790	4	0	1	0	0	0
AT4G14965	524	540	440	506	552	428
AT4G15417	25	22	21	33	42	40
AT4G13560	0	0	0	0	0	0
AT4G35020	434	412	452	510	628	521
AT4G24930	22	10	20	18	37	17
AT4G25510	0	0	0	0	0	0
AT4G16545	0	2	0	0	0	0
AT4G13090	0	0	0	0	1	8
AT4G23860	599	556	459	634	694	571
AT4G16230	38	35	38	18	43	32
AT4G25330	0	0	0	1	3	1
AT4G16420	804	891	1017	824	942	865
AT4G18020	513	962	703	677	751	227
AT4G39750	0	0	0	0	0	0
AT4G28510	858	708	619	864	1054	750
AT4G37690	32	48	53	31	28	24
AT4G30420	170	83	118	140	141	130
AT4G15020	488	562	514	537	626	514
AT4G33020	7	6	4	5	15	15
AT4G05150	2298	2280	2035	2616	2903	2608
AT4G16720	12524	8095	7567	9788	10776	9065
AT4G35025	0	0	0	0	0	0
AT4G27430	1993	2429	2647	2232	2959	2038
AT4G32780	454	394	496	330	483	392
AT4G28640	335	340	329	177	220	176
AT4G35725	1	0	0	0	0	0
AT4G11220	2416	2088	2490	1448	1758	1552
AT4G34840	197	167	186	203	233	208
AT4G16570	205	198	209	255	300	206
AT4G14301	0	0	0	0	0	0
AT4G10540	0	0	0	5	1	7
AT4G21030	0	0	0	0	0	0
AT4G39420	1177	1282	1161	1085	1249	1035
AT4G32850	2456	2652	2611	2544	3039	2785
AT4G25100	3213	6382	2891	2449	2809	1673
AT4G15540	217	215	231	230	269	208
AT4G37580	9	7	8	40	82	11
AT4G30720	271	227	235	261	382	308
AT4G25350	98	100	99	107	151	161
AT4G32320	177	133	119	143	141	120
AT4G35880	500	577	532	554	665	406
AT4G18060	1108	1166	1105	1030	1098	980
AT4G01360	5312	7048	6837	5529	3949	6434
AT4G18940	4	4	10	4	6	11
AT4G13060	0	0	0	0	0	0
AT4G10265	18	76	17	12	2	2
AT4G26990	224	199	219	212	214	199
AT4G18270	173	200	155	133	178	86
AT4G29640	19	12	21	7	12	12
AT4G07410	1838	1660	1458	2398	2758	2330
AT4G09030	12796	15292	14192	8024	7274	9262
AT4G11700	0	0	0	0	0	0
AT4G38500	882	846	725	873	998	763
AT4G16590	0	0	0	0	0	0
AT4G06676	297	248	249	223	294	267
AT4G14800	1435	1120	1011	1199	1329	1095
AT4G16095	0	0	0	0	0	0
AT4G27510	22	27	22	35	47	26
AT4G20430	507	776	593	970	1388	735
AT4G38010	30	17	18	26	28	19
AT4G25910	43	31	52	53	93	43
AT4G02110	305	208	232	326	432	291
AT4G23490	310	332	317	513	652	369
AT4G24970	120	133	122	124	167	142
AT4G10230	0	0	0	0	0	0
AT4G22090	0	0	0	0	1	0
AT4G27310	147	134	190	172	264	121
AT4G15320	0	0	0	1	0	0
AT4G08160	557	1204	1134	802	1002	1065
AT4G17890	986	1099	974	959	1237	886
AT4G30400	308	252	288	267	317	254
AT4G17670	303	339	314	67	90	79
AT4G19570	2	1	1	0	1	1
AT4G04980	0	0	0	0	0	0
AT4G00120	0	0	0	0	0	0
AT4G26220	847	742	1068	426	448	499
AT4G14670	0	0	0	1	0	0
AT4G19050	102	212	164	184	244	171
AT4G08770	297	254	211	956	1120	1570
AT4G23840	210	170	151	241	303	244
AT4G35460	482	456	452	466	526	420
AT4G28550	353	470	399	395	406	348
AT4G11655	65	92	65	72	72	109
AT4G17486	893	820	821	917	959	768
AT4G31110	1518	1465	1370	578	602	863
AT4G28395	0	0	0	0	0	0
AT4G03620	4	8	11	12	28	1
AT4G26570	1379	1296	1199	1080	1238	1059
AT4G27620	192	197	200	194	269	214
AT4G11190	1584	1305	1174	1159	1147	625
AT4G09900	9	9	15	2	6	4
AT4G02020	1284	1431	1324	1329	1629	1508
AT4G19810	384	658	422	271	310	85
AT4G13345	135	165	184	115	131	94
AT4G33100	342	266	265	284	332	277
AT4G33560	40	52	26	34	10	2
AT4G24780	825	1062	691	2329	5035	960
AT4G27950	128	123	112	142	192	108
AT4G23370	0	0	0	0	0	1
AT4G24450	149	231	205	214	212	202
AT4G30880	4	3	4	6	7	3
AT4G21534	422	570	569	403	444	485
AT4G13240	2	0	0	0	0	2
AT4G12900	4	7	3	1	13	2
AT4G02820	239	232	211	297	308	251
AT4G16890	124	144	101	169	253	129
AT4G25410	372	326	387	181	193	260
AT4G25640	343	424	536	436	387	281
AT4G26280	0	0	0	0	0	0
AT4G17840	125	113	126	65	115	64
AT4G29790	943	948	892	986	1081	1158
AT4G03500	45	59	51	54	59	76
AT4G00180	0	0	0	0	0	0
AT4G14110	642	572	513	610	756	599
AT4G16540	11	12	7	9	6	7
AT4G24300	0	1	0	0	0	1
AT4G18390	417	417	514	341	390	386
AT4G22510	0	0	0	0	0	0
AT4G13750	296	271	246	385	440	296
AT4G39850	1711	1896	1900	1653	1991	1700
AT4G34950	373	385	295	226	501	350
AT4G15750	0	0	0	0	0	0
AT4G37920	82	102	83	116	147	104
AT4G23790	369	446	379	337	512	232
AT4G33260	649	500	449	737	866	624
AT4G38213	5	1	1	2	1	4
AT4G35733	0	0	0	0	0	1
AT4G01960	328	296	298	372	461	336
AT4G30080	459	429	405	392	513	442
AT4G38130	3491	3357	3164	3368	3989	3303
AT4G13010	523	451	502	243	273	221
AT4G29037	0	0	0	0	0	0
AT4G34030	1028	1018	890	1080	1351	1169
AT4G12640	572	605	601	651	742	614
AT4G09810	184	191	135	180	185	124
AT4G15890	201	208	198	234	251	222
AT4G21560	819	1002	867	651	655	662
AT4G39010	28	30	15	37	112	16
AT4G26960	98	48	30	73	100	53
AT4G36590	2	2	2	2	0	0
AT4G08190	0	0	0	0	0	0
AT4G13290	964	1564	1293	1144	1169	770
AT4G17520	6678	4870	4660	6581	6965	5673
AT4G24580	318	301	350	213	212	311
AT4G38560	8	7	5	4	3	19
AT4G25130	505	410	403	414	449	318
AT4G21820	194	262	196	336	379	223
AT4G10770	460	578	703	497	525	483
AT4G03157	0	0	0	0	0	0
AT4G21840	997	832	1107	302	265	599
AT4G31820	2762	4364	4086	1576	1139	1462
AT4G10090	159	120	115	129	167	129
AT4G39070	13	4	6	11	25	7
AT4G00980	111	100	78	152	183	126
AT4G08450	44	40	47	51	41	68
AT4G00342	0	0	0	0	0	0
AT4G34220	101	164	87	148	229	91
AT4G05170	14	4	7	14	28	19
AT4G12890	17	38	28	14	18	5
AT4G33910	1185	1125	1173	889	985	960
AT4G19700	126	74	95	168	289	117
AT4G35360	942	902	962	800	975	747
AT4G08410	133	102	70	96	109	139
AT4G34720	2506	1876	1789	1830	1999	1553
AT4G00232	0	0	0	0	0	0
AT4G00390	3	2	0	1	3	2
AT4G21900	343	281	233	319	313	303
AT4G02270	76	38	44	129	130	163
AT4G34370	477	602	518	566	692	500
AT4G16143	2702	2534	2272	2512	2935	2193
AT4G19510	1339	1544	1349	780	725	867
AT4G01180	5	0	3	2	0	1
AT4G03200	617	532	575	475	567	531
AT4G39160	530	436	435	505	545	503
AT4G01985	397	978	392	56	131	11
AT4G24940	626	680	688	716	776	641
AT4G30210	9453	12735	12978	7169	5616	8973
AT4G29350	8163	7122	7365	6510	7607	6247
AT4G00315	0	0	0	0	0	0
AT4G14340	539	478	493	635	833	620
AT4G30290	7228	5358	5941	2976	2802	3703
AT4G30350	992	941	1135	894	1140	858
AT4G12280	1	0	0	1	0	2
AT4G33885	1	0	0	0	0	0
AT4G39955	889	806	810	423	543	549
AT4G38401	0	0	0	0	1	0
AT4G32580	2	1	1	0	2	1
AT4G22517	0	0	0	0	0	0
AT4G25290	74	72	74	76	79	78
AT4G00670	974	1145	1800	615	737	1549
AT4G33320	0	0	1	0	0	0
AT4G23610	28	27	42	27	36	41
AT4G33465	0	0	0	0	0	1
AT4G12220	0	1	2	1	0	0
AT4G00890	101	168	131	142	207	155
AT4G05430	33	31	28	49	42	29
AT4G24030	0	1	0	0	1	1
AT4G34510	8	9	19	12	23	3
AT4G19800	0	0	0	0	1	4
AT4G28980	824	863	806	797	933	756
AT4G18465	613	581	511	553	616	597
AT4G13310	367	349	167	590	613	558
AT4G37470	200	176	181	68	98	55
AT4G14490	175	158	135	159	178	119
AT4G06526	0	0	0	0	0	0
AT4G19190	730	578	549	612	748	715
AT4G19820	2	2	0	5	20	3
AT4G30000	191	184	210	213	223	182
AT4G38780	105	85	133	70	86	76
AT4G21110	1265	1091	977	1062	1225	1124
AT4G17300	458	406	381	403	454	373
AT4G11490	1	1	3	0	0	0
AT4G17150	1139	978	992	828	894	888
AT4G39270	853	848	1014	782	859	926
AT4G37420	3	3	6	1	2	3
AT4G28590	62	61	68	72	67	66
AT4G00755	391	284	278	328	389	317
AT4G23990	2	4	6	5	0	1
AT4G19890	126	133	121	95	108	90
AT4G20230	433	603	626	685	977	731
AT4G00820	1084	904	855	1015	1120	1160
AT4G29480	3021	2127	2130	2368	2628	2239
AT4G23250	33	41	48	47	53	64
AT4G22740	846	851	803	659	771	689
AT4G31890	250	207	235	252	333	245
AT4G17940	757	704	758	575	795	597
AT4G25340	1818	1336	1185	1701	1903	1538
AT4G21660	3035	2624	2706	2955	3515	3204
AT4G35150	0	2	1	1	0	0
AT4G18770	0	0	0	0	0	0
AT4G28750	77	47	9	30	159	4
AT4G16130	721	963	843	806	980	812
AT4G03170	0	0	0	0	0	0
AT4G11050	246	195	233	231	273	343
AT4G18870	0	0	0	0	0	1
AT4G35660	3	2	0	0	1	1
AT4G16990	27	57	48	59	102	17
AT4G38100	415	294	287	329	364	346
AT4G12930	0	0	0	0	0	0
AT4G28100	306	261	243	480	628	315
AT4G27000	4164	3680	3638	4202	4629	3812
AT4G20290	0	1	0	0	1	0
AT4G17570	316	366	388	360	544	420
AT4G14860	44	50	47	39	39	82
AT4G02733	0	0	0	0	0	0
AT4G31130	801	854	1032	642	770	779
AT4G39675	248	72	3	1685	2913	1678
AT4G32920	1101	1009	1000	910	899	976
AT4G00170	560	527	555	551	643	561
AT4G15360	4	7	2	24	41	34
AT4G36050	282	249	235	282	345	282
AT4G35540	192	213	205	151	173	158
AT4G22050	0	0	0	3	0	0
AT4G24231	0	0	0	0	0	0
AT4G05050	19447	20943	22345	19116	19659	19529
AT4G31280	2	1	0	1	0	0
AT4G17880	241	272	259	344	656	315
AT4G28890	178	137	180	105	192	120
AT4G24010	6	9	11	11	18	3
AT4G01240	133	95	82	178	174	156
AT4G23220	86	144	130	133	89	214
AT4G18905	849	780	709	804	1018	834
AT4G10480	5401	3543	3488	4374	4819	3797
AT4G13850	2758	2124	2088	2794	2883	2128
AT4G14030	3505	2883	2459	2815	3220	2743
AT4G36700	0	3	0	2	1	2
AT4G31470	49	31	14	67	79	58
AT4G03050	0	6	4	2	1	1
AT4G24740	1074	1010	862	818	1112	834
AT4G11110	589	667	552	627	814	591
AT4G08140	3	0	1	0	1	0
AT4G10440	0	0	0	0	3	1
AT4G31210	559	569	559	725	786	566
AT4G33390	0	0	0	2	1	0
AT4G08360	23	8	1	41	33	24
AT4G32208	3	3	0	2	5	3
AT4G16370	250	270	274	273	335	142
AT4G39220	1444	1247	1137	895	969	1027
AT4G35420	128	149	163	144	174	98
AT4G37140	0	0	2	2	0	0
AT4G21190	75	57	75	82	94	54
AT4G04350	205	173	152	240	264	216
AT4G01050	206	175	100	113	249	66
AT4G34260	3056	2997	2771	2096	2052	1770
AT4G12620	279	209	193	271	353	224
AT4G15560	900	1118	970	1257	1992	1198
AT4G18720	0	3	0	0	1	0
AT4G25990	0	0	0	0	0	0
AT4G02900	145	120	124	167	176	137
AT4G36070	5	8	5	6	9	0
AT4G12330	81	68	65	85	97	85
AT4G26010	331	384	267	588	567	866
AT4G03610	465	359	436	458	480	420
AT4G27870	3013	2738	2843	1835	2040	2365
AT4G04745	253	132	216	69	96	50
AT4G30140	167	126	102	354	458	239
AT4G31020	80	96	83	142	178	107
AT4G19925	21	28	43	29	24	69
AT4G40060	677	613	626	1301	2202	793
AT4G25660	503	465	458	470	559	361
AT4G01520	0	0	0	1	0	0
AT4G01730	355	412	305	418	497	328
AT4G19250	0	0	0	0	0	0
AT4G37830	4431	3210	3105	3447	3513	2997
AT4G01030	27	20	20	36	42	24
AT4G33400	676	632	593	828	968	753
AT4G24370	695	638	834	479	436	597
AT4G18990	0	1	1	1	3	1
AT4G38380	143	146	161	178	181	133
AT4G01023	2	0	5	2	1	3
AT4G32535	0	0	0	0	0	0
AT4G30620	173	116	117	177	204	135
AT4G13360	1107	1067	1053	929	1035	845
AT4G12850	65	35	29	53	49	40
AT4G14358	0	0	0	0	0	0
AT4G27160	0	0	0	0	0	0
AT4G25810	12320	17713	13844	7521	4941	8978
AT4G32120	584	512	550	507	624	452
AT4G21460	444	357	332	435	496	361
AT4G27740	81	83	50	101	110	101
AT4G00005	0	0	0	0	0	0
AT4G31715	0	0	0	0	0	0
AT4G29890	290	270	333	302	418	355
AT4G39960	506	465	448	415	501	396
AT4G05190	1094	1328	1266	1310	1571	1154
AT4G20235	57	78	94	83	124	77
AT4G19010	229	231	224	237	229	219
AT4G24080	66	43	49	45	71	50
AT4G31196	0	0	0	0	0	0
AT4G24280	3670	3481	3325	3594	3900	3460
AT4G34345	0	0	0	0	0	0
AT4G16957	406	385	412	394	309	453
AT4G34420	444	723	467	371	300	282
AT4G35580	679	729	753	754	1076	708
AT4G32760	2440	2586	2765	2539	2897	2742
AT4G01037	154	83	105	141	161	121
AT4G36390	405	284	291	407	454	354
AT4G01780	0	1	1	2	3	2
AT4G30510	147	118	107	85	135	122
AT4G22495	0	0	0	0	0	0
AT4G04020	263	238	255	201	211	150
AT4G37610	3067	3505	1841	3458	4040	4341
AT4G15390	7164	4085	6314	6420	6411	7211
AT4G18372	170	117	131	125	133	136
AT4G13150	170	215	198	234	287	195
AT4G38650	26	17	22	24	37	24
AT4G15740	22	14	20	52	49	75
AT4G02830	270	339	330	122	147	265
AT4G29930	966	1426	1260	543	444	391
AT4G32820	736	900	934	925	1063	876
AT4G39810	48	100	67	76	107	86
AT4G15690	3	3	0	30	44	3
AT4G15720	7	6	7	12	15	7
AT4G37300	1650	1786	1151	2759	4333	2163
AT4G26750	1098	1180	1134	811	802	920
AT4G38540	1441	1157	1295	1026	1084	1617
AT4G24980	0	0	1	0	0	0
AT4G04920	996	1173	1134	1298	1628	1204
AT4G12600	2778	1799	1606	2540	2992	2036
AT4G31900	2	3	0	1	3	3
AT4G31610	15	16	28	10	8	8
AT4G17243	1	0	1	0	0	3
AT4G15053	0	0	0	0	0	0
AT4G29840	2877	2930	2642	2487	2137	2427
AT4G04940	555	442	399	619	700	523
AT4G03153	0	0	0	0	0	0
AT4G12710	328	293	281	358	384	445
AT4G15093	759	944	1018	680	745	664
AT4G08620	30	14	29	92	94	80
AT4G26483	0	0	0	0	0	0
AT4G11485	0	0	0	1	0	0
AT4G00525	69	58	49	62	81	51
AT4G30970	0	1	1	0	2	0
AT4G08485	0	0	0	0	0	0
AT4G27480	407	430	484	226	153	248
AT4G16770	534	696	622	551	712	408
AT4G10280	150	153	182	183	208	156
AT4G17020	314	324	286	341	393	303
AT4G02410	259	339	404	275	294	417
AT4G13490	0	0	2	0	0	0
AT4G26250	0	0	1	0	0	0
AT4G15735	0	0	0	0	0	0
AT4G15900	1963	1711	1655	1998	2273	1993
AT4G31790	667	632	551	679	680	602
AT4G30230	10	22	16	24	40	14
AT4G30980	227	182	231	180	239	224
AT4G27040	795	744	651	653	770	657
AT4G21690	0	0	0	0	0	0
AT4G14370	1122	1346	1172	908	601	1327
AT4G11521	0	4	1	0	1	1
AT4G27990	103	84	108	97	147	117
AT4G11990	52	53	46	71	79	27
AT4G19905	0	0	0	0	0	0
AT4G31990	2860	2431	2625	2548	2964	2490
AT4G39510	42	50	28	79	195	30
AT4G19830	100	97	77	54	106	99
AT4G09520	362	362	354	337	439	344
AT4G38495	357	257	314	343	353	340
AT4G37608	39	27	34	33	33	25
AT4G21870	83	67	59	6	4	8
AT4G31230	3	5	2	3	8	4
AT4G24644	0	0	0	0	0	0
AT4G26210	589	445	387	471	536	364
AT4G22035	2	0	0	0	0	0
AT4G32272	175	164	164	130	147	118
AT4G11830	2117	2121	2207	2279	2424	2200
AT4G09210	0	0	0	0	0	0
AT4G11543	3	7	9	12	4	11
AT4G04090	0	0	0	0	0	0
AT4G36690	3125	2807	2829	3167	3703	3132
AT4G11930	0	0	0	0	0	0
AT4G12840	212	219	228	206	255	189
AT4G34550	0	0	0	0	0	0
AT4G18580	295	247	252	267	268	251
AT4G04330	2	0	0	0	2	0
AT4G26860	545	434	445	459	504	387
AT4G27580	6	6	2	6	2	5
AT4G29590	159	157	134	142	151	120
AT4G21890	83	64	53	76	112	43
AT4G36860	911	1027	901	901	1040	850
AT4G11440	121	135	128	153	186	128
AT4G35210	1	2	0	1	1	1
AT4G19390	301	271	317	151	160	175
AT4G24120	33	30	37	6	6	7
AT4G25740	2485	1683	1718	2214	2476	2101
AT4G02370	868	762	739	832	876	644
AT4G07940	1	1	1	2	3	0
AT4G29880	2	1	6	1	1	4
AT4G38520	1314	1282	1178	1433	1658	1439
AT4G16250	347	294	270	355	484	379
AT4G00200	353	278	292	252	319	326
AT4G20800	0	0	0	0	0	0
AT4G18180	0	0	0	0	0	0
AT4G13320	2	2	2	4	6	6
AT4G20535	0	0	0	0	0	0
AT4G18425	69	171	179	90	137	147
AT4G16640	22	45	34	35	58	28
AT4G35070	107	92	91	85	99	74
AT4G37840	5	3	3	1	3	3
AT4G38775	4	3	0	0	0	1
AT4G25150	72	76	54	82	149	52
AT4G01560	850	670	610	868	893	751
AT4G07820	88	64	17	563	745	468
AT4G14540	7	11	8	7	20	5
AT4G21520	170	144	154	166	233	162
AT4G24960	2920	2592	2554	721	742	798
AT4G31850	42	52	50	78	109	68
AT4G25180	196	204	218	181	256	232
AT4G20880	500	617	548	641	850	453
AT4G34600	655	613	617	689	930	715
AT4G34830	12	13	11	20	33	13
AT4G01500	0	0	0	0	1	0
AT4G37330	293	303	297	361	484	349
AT4G35530	144	136	167	163	152	136
AT4G36030	521	678	722	446	409	749
AT4G10843	14	11	6	16	17	13
AT4G16765	555	441	474	528	603	480
AT4G20200	0	0	0	0	0	0
AT4G17200	0	1	0	0	0	0
AT4G07995	1	0	1	1	1	1
AT4G03520	1351	1186	1109	1262	1614	1180
AT4G37090	660	465	405	567	592	528
AT4G33666	11	8	9	14	15	12
AT4G05612	0	0	0	0	0	0
AT4G26110	4007	3031	3114	4223	4528	3654
AT4G16090	0	2	2	0	0	2
AT4G18360	1348	1095	1304	814	812	808
AT4G20140	646	669	808	573	727	722
AT4G13370	427	471	401	541	616	391
AT4G24260	66	91	45	62	40	24
AT4G25370	836	769	683	792	985	832
AT4G12210	0	1	2	2	0	1
AT4G26145	7	5	5	5	5	9
AT4G36360	4662	6326	6633	5459	6602	4057
AT4G38690	114	135	161	112	138	103
AT4G27845	11	15	19	10	10	7
AT4G10380	1365	1151	1179	991	1064	1505
AT4G20095	2	0	0	7	4	4
AT4G08730	0	0	0	0	0	0
AT4G01260	5	0	2	0	1	3
AT4G22300	517	454	427	447	498	485
AT4G14147	160	136	130	144	175	137
AT4G16695	738	609	646	585	695	537
AT4G00720	2970	2752	2830	2871	2864	2838
AT4G03950	0	0	0	0	0	0
AT4G34930	14	16	4	34	52	35
AT4G09170	2	1	7	1	2	3
AT4G04957	0	0	0	0	0	0
AT4G20720	38	43	28	47	51	65
AT4G01890	71	37	53	51	78	68
AT4G32105	0	3	0	2	0	0
AT4G15250	0	0	0	0	1	0
AT4G38390	72	53	54	89	86	78
AT4G04540	17	15	22	30	17	69
AT4G15770	927	807	729	986	1087	895
AT4G11010	5659	3138	3197	3290	3617	2698
AT4G16730	0	0	0	0	0	0
AT4G28430	186	263	171	260	368	186
AT4G21720	116	95	82	111	99	119
AT4G27840	80	61	65	86	114	51
AT4G26640	805	882	879	791	1041	829
AT4G38810	1593	1318	1228	1075	1124	1014
AT4G23271	0	0	0	0	0	0
AT4G14130	2330	1657	1250	2342	2679	2827
AT4G36770	0	0	0	0	3	1
AT4G24110	1067	1111	911	708	700	649
AT4G01470	1	6	5	2	0	1
AT4G34680	116	191	169	116	196	93
AT4G21480	77	66	72	67	113	41
AT4G36710	2237	3224	2949	1956	1789	1947
AT4G22900	43	35	24	66	82	50
AT4G04404	0	0	0	0	0	0
AT4G35040	587	520	523	605	777	590
AT4G38790	666	618	677	637	777	628
AT4G02650	10	12	10	17	25	25
AT4G29000	181	209	156	222	258	177
AT4G33730	32	21	26	27	23	24
AT4G36550	422	599	617	888	743	943
AT4G26300	1882	1726	1544	1919	2019	1704
AT4G33830	0	0	0	0	0	0
AT4G12760	308	170	210	246	265	197
AT4G10340	453	369	76	213	1156	38
AT4G21100	821	788	741	926	1115	881
AT4G13040	256	223	213	185	200	175
AT4G32610	1196	906	892	1055	1218	984
AT4G21490	1	1	1	1	2	0
AT4G17530	2730	2302	2619	2014	2137	1896
AT4G06536	20	14	10	31	35	44
AT4G13920	27	23	20	8	13	18
AT4G30590	0	0	0	0	0	0
AT4G20000	685	711	1024	411	510	955
AT4G02520	5940	4454	3016	9163	9152	14471
AT4G28870	0	0	0	0	0	0
AT4G23320	3	1	0	0	0	1
AT4G32380	0	0	0	0	0	0
AT4G29250	0	0	0	0	0	0
AT4G30570	80	70	74	79	79	75
AT4G29310	92	164	85	259	477	86
AT4G26610	634	636	646	697	778	733
AT4G39180	317	452	393	431	570	384
AT4G21130	0	0	0	0	0	1
AT4G15940	658	604	648	639	714	561
AT4G16295	0	0	0	0	0	0
AT4G00416	0	0	0	0	0	0
AT4G08280	281	241	245	227	305	212
AT4G09465	0	0	0	0	0	0
AT4G27350	979	1063	934	945	818	904
AT4G26930	0	1	0	0	0	0
AT4G26890	651	975	877	357	228	462
AT4G15680	1	3	2	22	44	0
AT4G37410	9414	14733	13775	10636	11566	7932
AT4G34080	0	0	0	0	0	0
AT4G03510	352	357	265	255	320	268
AT4G21705	111	75	90	79	140	106
AT4G16820	20	27	44	19	30	60
AT4G12310	6	6	2	8	15	3
AT4G09462	0	0	0	0	0	0
AT4G08870	9	96	18	9	5	4
AT4G03940	13	9	16	12	14	14
AT4G33480	375	308	334	307	338	305
AT4G37530	133	220	206	197	240	309
AT4G39100	722	621	694	666	865	718
AT4G29560	70	63	58	64	80	37
AT4G24150	81	48	80	58	63	105
AT4G25440	271	306	291	298	343	291
AT4G16857	27	19	25	15	27	16
AT4G18140	226	224	185	201	213	216
AT4G12617	0	0	0	0	0	0
AT4G20670	0	0	0	0	0	0
AT4G18700	1451	1399	1101	793	1327	685
AT4G18203	0	0	0	6	0	0
AT4G15215	305	258	274	251	221	226
AT4G14590	109	93	94	96	111	80
AT4G36795	18	4	6	14	8	13
AT4G39930	28	29	22	29	35	32
AT4G30600	10469	11655	12810	8303	6955	9545
AT4G18760	376	452	307	388	520	366
AT4G30920	2223	2148	2121	1719	1760	1763
AT4G34460	2355	2546	2580	2212	2225	2631
AT4G27760	786	620	621	629	664	605
AT4G05620	0	0	0	0	0	0
AT4G12560	571	531	411	478	699	486
AT4G25940	85	105	85	128	117	183
AT4G19110	6703	6829	6948	5676	6140	5518
AT4G25540	78	65	75	104	117	78
AT4G25315	188	104	123	151	160	123
AT4G16745	121	154	141	216	208	141
AT4G23350	2	0	1	0	0	1
AT4G30830	88	118	97	68	115	42
AT4G23515	290	307	336	295	306	391
AT4G29740	73	110	98	223	344	180
AT4G31290	4150	2446	2981	3153	2953	2861
AT4G31441	29	22	24	23	21	16
AT4G27070	632	692	807	604	542	577
AT4G20600	0	0	0	0	0	0
AT4G31670	275	220	240	288	357	223
AT4G37110	255	226	227	381	461	264
AT4G24040	111	84	108	52	38	56
AT4G37650	505	384	482	588	790	576
AT4G00090	1134	904	880	1010	1134	964
AT4G15393	1142	1036	2211	803	1196	1983
AT4G35980	543	409	410	384	453	406
AT4G30650	1486	2105	1618	799	1312	369
AT4G39520	1399	1394	1253	1432	1705	1377
AT4G04670	281	259	268	403	511	322
AT4G33720	1432	1589	1735	5554	3201	5668
AT4G29520	861	548	601	821	903	629
AT4G31355	0	0	0	0	0	0
AT4G19150	443	353	308	379	454	355
AT4G34215	948	915	960	837	1056	802
AT4G15790	454	504	445	467	594	429
AT4G34860	760	545	589	537	615	623
AT4G24204	1	0	1	0	1	0
AT4G25515	267	221	209	278	341	255
AT4G08850	1169	1370	1330	1372	1724	2496
AT4G27652	2814	3270	3887	2285	2398	2414
AT4G07825	366	316	274	696	938	464
AT4G17330	4976	5570	5670	4977	5584	5098
AT4G16710	506	439	446	452	499	472
AT4G39940	3250	4128	4347	2628	2463	2715
AT4G29360	340	362	237	415	623	369
AT4G20820	35	18	39	60	59	36
AT4G19550	149	107	107	91	130	84
AT4G36500	5836	6829	9099	3331	2960	5500
AT4G32930	827	655	671	760	789	690
AT4G00770	205	130	65	294	300	420
AT4G29170	126	86	116	114	126	98
AT4G21010	0	0	0	0	0	0
AT4G19191	44	43	24	48	57	56
AT4G23090	0	0	1	0	0	0
AT4G35850	1890	1350	1395	1613	1901	1525
AT4G05631	71	44	51	49	51	48
AT4G19920	151	156	207	316	282	483
AT4G29905	136	52	15	424	803	246
AT4G15840	591	647	646	710	854	644
AT4G13263	0	0	0	0	0	0
AT4G39320	1175	1317	1319	1290	976	1077
AT4G19330	0	0	0	0	0	0
AT4G29980	1	0	1	2	3	2
AT4G15970	4	5	1	5	4	3
AT4G34780	0	0	0	0	0	0
AT4G10080	933	856	834	728	1018	779
AT4G33470	63	52	36	51	73	64
AT4G14740	664	772	749	925	1313	808
AT4G13350	2108	2395	2131	1684	1892	1819
AT4G18810	18	10	13	18	31	4
AT4G14150	239	276	271	363	429	316
AT4G38370	266	256	227	316	390	276
AT4G00710	2295	1748	1839	1998	2339	1989
AT4G22666	731	547	511	527	558	641
AT4G29140	182	181	145	294	370	208
AT4G38210	223	138	193	109	148	136
AT4G00940	201	184	239	197	378	198
AT4G27590	2	7	3	3	4	0
AT4G18950	6189	6807	8518	3705	3399	5495
AT4G04850	90	112	100	107	167	95
AT4G15150	17	39	19	32	16	27
AT4G00040	781	722	839	717	908	611
AT4G30640	81	33	37	78	74	75
AT4G16451	0	0	0	0	0	0
AT4G02655	1	0	0	1	1	1
AT4G22140	505	524	468	546	679	481
AT4G02430	529	457	514	528	550	541
AT4G17210	2	0	0	0	1	1
AT4G31910	1259	1130	1638	1361	2028	1866
AT4G02590	1365	1913	1734	1542	2261	1588
AT4G01880	296	272	223	243	301	251
AT4G26140	165	361	301	306	350	412
AT4G15950	110	57	80	96	134	86
AT4G18660	5	1	3	2	1	1
AT4G19240	0	0	0	0	0	0
AT4G20260	8147	6985	7483	5677	6102	6705
AT4G16310	642	810	799	801	987	840
AT4G21180	567	545	469	491	530	460
AT4G39030	3057	4585	4812	2566	1875	2720
AT4G17160	0	1	0	0	0	0
AT4G22560	13	8	6	19	41	1
AT4G15733	0	0	0	0	0	0
AT4G31370	14	12	30	3	0	1
AT4G04632	0	0	0	0	0	0
AT4G00930	463	423	485	485	591	470
AT4G29160	3513	3615	3869	2968	2908	3005
AT4G00140	1	2	1	1	3	1
AT4G15060	0	0	0	0	0	0
AT4G33530	1043	1053	1051	1079	1252	989
AT4G28815	1	1	1	0	1	0
AT4G01897	151	132	110	131	169	109
AT4G15410	723	659	547	625	801	606
AT4G18960	0	2	1	0	0	0
AT4G04190	120	84	74	75	83	73
AT4G27890	0	0	0	0	0	0
AT4G09800	5991	4168	3963	5038	6061	4833
AT4G24974	0	0	0	0	0	0
AT4G31750	790	695	707	694	788	634
AT4G25300	63	58	75	96	112	87
AT4G31980	222	251	238	291	302	294
AT4G13630	411	388	348	373	461	386
AT4G36230	37	22	17	35	28	20
AT4G34650	30	47	18	22	32	13
AT4G01270	70	57	56	81	75	58
AT4G32870	331	190	194	412	524	340
AT4G17070	500	368	457	423	468	489
AT4G07835	0	0	0	0	0	0
AT4G26940	1662	1393	1322	1343	1610	1208
AT4G17760	55	84	105	81	101	60
AT4G15300	34	57	59	56	87	68
AT4G35220	741	712	722	712	937	633
AT4G39460	928	869	1113	765	865	634
AT4G23650	10550	12382	10758	9036	8254	9293
AT4G39860	1251	907	867	1084	1164	1050
AT4G00750	64	57	62	71	78	85
AT4G38070	3	1	3	0	1	0
AT4G11980	240	219	198	162	197	167
AT4G33110	26	22	26	37	43	35
AT4G14815	0	0	0	0	0	0
AT4G08260	0	1	0	2	0	0
AT4G20520	0	0	0	0	0	0
AT4G31400	59	67	38	71	69	47
AT4G14900	1590	1842	1876	1807	2152	1802
AT4G27120	905	796	780	790	859	735
AT4G29850	0	2	3	2	1	3
AT4G21120	153	237	272	96	82	202
AT4G08555	96	129	164	148	113	258
AT4G23210	3	1	0	1	0	1
AT4G00860	2139	1515	1638	1517	1765	1469
AT4G38870	1	0	0	0	0	0
AT4G26120	65	78	80	87	84	159
AT4G19710	1159	1129	1100	1155	1365	1193
AT4G36740	121	88	105	31	23	29
AT4G22212	5156	4217	3628	5701	5883	6676
AT4G30900	581	540	442	519	585	449
AT4G23890	26	14	18	13	27	6
AT4G30310	1068	939	948	1072	1287	1088
AT4G03965	21	12	8	7	15	19
AT4G08330	132	147	160	174	218	151
AT4G33990	60	59	56	84	93	62
AT4G31540	851	1117	998	668	687	748
AT4G33070	2572	6192	3398	1206	493	177
AT4G04650	0	0	0	0	0	0
AT4G25845	0	3	1	0	2	0
AT4G38350	2492	3055	3041	2388	2811	2172
AT4G04880	143	148	124	141	165	122
AT4G36810	279	286	225	285	381	236
AT4G27190	3	2	0	0	0	0
AT4G30320	20	13	8	20	18	23
AT4G33000	56	71	54	66	130	30
AT4G02770	79	33	4	31	217	5
AT4G36670	257	533	154	475	675	495
AT4G04695	198	219	199	283	306	301
AT4G27980	3	3	4	7	4	9
AT4G00310	177	108	110	149	133	126
AT4G27920	2	0	0	1	0	1
AT4G31170	1367	1372	1294	1262	1461	1387
AT4G09984	0	0	0	0	0	0
AT4G19660	261	253	224	340	428	280
AT4G11385	0	0	0	0	0	0
AT4G22950	508	478	604	165	236	269
AT4G12250	795	1018	1076	848	770	914
AT4G05530	967	959	999	824	956	752
AT4G10820	0	0	0	0	0	0
AT4G25430	1	1	5	3	4	8
AT4G30130	67	34	31	65	53	60
AT4G22360	632	731	607	580	699	530
AT4G14990	1250	996	1052	1144	1512	1153
AT4G25850	49	30	21	28	26	15
AT4G36980	3839	3419	3963	3380	3808	3384
AT4G24340	1294	1094	934	878	804	1372
AT4G00870	3	5	2	12	15	1
AT4G37030	148	232	267	137	111	221
AT4G18600	501	538	507	705	871	607
AT4G13992	5	9	6	9	3	14
AT4G16807	66	48	52	68	85	65
AT4G09420	15	16	21	26	41	44
AT4G40050	874	837	841	971	1255	977
AT4G39190	298	506	672	715	1081	524
AT4G19610	593	636	635	704	862	677
AT4G27450	1087	973	612	1456	1539	1319
AT4G18710	2336	2403	2110	2547	3125	2449
AT4G33140	439	333	328	311	371	263
AT4G35783	9	8	7	5	2	3
AT4G14330	473	549	428	639	839	522
AT4G15140	246	269	289	203	205	213
AT4G17620	762	761	709	775	919	789
AT4G25230	1052	1116	1093	999	1125	805
AT4G12420	7196	7686	5348	7965	9266	5761
AT4G22880	105	14	8	20	276	8
AT4G17710	0	1	1	1	0	2
AT4G25470	424	491	510	1256	1927	784
AT4G24840	1158	1207	1104	1174	1401	1097
AT4G19980	59	45	30	59	67	31
AT4G29570	5	6	6	0	0	7
AT4G23930	20	51	34	27	50	36
AT4G30240	1000	1184	1143	1002	963	1252
AT4G04810	98	87	49	148	188	149
AT4G16950	164	171	128	242	300	227
AT4G11270	1155	1184	1173	1164	1493	1295
AT4G10330	223	165	175	161	174	161
AT4G29220	737	690	841	802	950	817
AT4G18840	67	59	62	43	57	39
AT4G04078	0	0	0	0	0	0
AT4G24180	133	82	89	130	170	95
AT4G03100	391	507	353	575	701	462
AT4G18530	463	447	571	412	461	458
AT4G30340	317	301	305	285	341	331
AT4G21215	152	126	181	190	239	227
AT4G07670	0	1	0	1	0	0
AT4G32375	0	0	0	0	0	0
AT4G33145	10	0	2	5	7	3
AT4G27660	68	66	76	83	111	49
AT4G08874	0	0	0	0	0	0
AT4G28460	191	215	271	125	120	388
AT4G33630	831	873	886	847	1056	886
AT4G13000	39	41	48	47	50	41
AT4G14410	856	804	726	1037	1489	1022
AT4G35290	169	234	228	260	379	220
AT4G10060	79	290	98	126	240	12
AT4G22460	40	13	9	51	50	57
AT4G36130	6562	4592	4325	5483	6216	5149
AT4G16040	0	0	0	0	0	0
AT4G31870	20	30	10	35	14	12
AT4G35590	32	33	37	33	53	46
AT4G12400	317	216	207	228	209	164
AT4G39090	15221	13678	13554	11152	15223	12298
AT4G07515	0	0	0	0	0	0
AT4G16620	55	130	145	48	108	62
AT4G23560	0	1	0	0	0	1
AT4G30662	0	0	0	0	0	0
AT4G03230	1604	2620	1895	2266	1625	1252
AT4G17750	120	112	93	101	116	105
AT4G28410	407	279	152	815	1170	666
AT4G39590	3	3	7	4	6	6
AT4G29830	584	507	468	624	635	485
AT4G15230	1192	1096	1204	453	413	680
AT4G25720	621	587	588	640	633	535
AT4G36350	3	0	2	0	3	3
AT4G13260	0	0	0	1	3	1
AT4G19038	0	1	1	0	0	0
AT4G38040	604	622	573	619	750	537
AT4G04740	446	435	490	460	572	497
AT4G23015	1	0	0	1	0	0
AT4G29780	34970	47798	57539	33856	28652	43009
AT4G08025	0	0	0	0	0	0
AT4G39080	3904	4227	4006	4135	4774	3928
AT4G30180	3	2	4	6	13	2
AT4G20460	325	263	316	348	413	351
AT4G28820	174	126	129	137	170	149
AT4G09589	3	0	0	0	0	0
AT4G09940	4	4	3	5	1	4
AT4G13130	136	163	129	127	158	166
AT4G20020	917	754	713	888	1189	867
AT4G24210	345	340	373	353	483	341
AT4G10500	374	489	438	170	245	200
AT4G09140	378	358	351	364	488	380
AT4G29600	0	0	0	0	1	0
AT4G12382	6	6	1	4	5	6
AT4G14605	109	107	105	132	169	121
AT4G12080	868	740	658	1063	1443	1081
AT4G25200	2	1	0	0	0	0
AT4G19045	165	146	155	126	144	111
AT4G07380	0	0	0	0	0	0
AT4G25433	377	578	556	210	123	169
AT4G25520	663	544	605	650	762	714
AT4G28730	208	179	140	161	152	132
AT4G34139	2	2	3	1	0	1
AT4G18860	0	0	0	0	0	0
AT4G37685	6	5	5	8	3	6
AT4G03150	16	22	11	29	41	13
AT4G13690	47	39	44	56	67	72
AT4G02735	0	0	0	1	0	0
AT4G03210	4298	7879	4023	3848	5349	2042
AT4G02230	4816	3528	3113	4419	5246	4094
AT4G08550	1	0	0	0	0	0
AT4G28240	374	272	160	439	440	342
AT4G13575	0	0	0	0	4	0
AT4G10610	1738	1694	1677	1605	2000	1691
AT4G30990	1043	1016	960	1248	1417	1082
AT4G34850	2	1	5	8	6	14
AT4G33940	1150	1298	1189	905	882	930
AT4G13050	538	427	468	569	653	597
AT4G00730	630	543	513	741	759	871
AT4G16480	323	424	326	447	538	492
AT4G37925	0	0	0	0	0	0
AT4G19490	1878	1843	1907	2122	2292	1888
AT4G39970	40	54	38	62	84	55
AT4G13890	82	162	120	200	211	198
AT4G20320	1148	847	920	1830	2133	1191
AT4G38830	122	146	178	54	70	105
AT4G12060	340	324	274	325	343	244
AT4G28500	250	328	296	188	263	189
AT4G21903	93	108	128	169	163	185
AT4G28310	203	132	121	208	235	139
AT4G36620	67	61	69	100	129	122
AT4G25960	151	99	89	69	62	62
AT4G10750	551	386	410	425	445	416
AT4G34265	573	439	389	564	613	464
AT4G18030	9056	10516	10753	7634	7268	7757
AT4G38062	292	319	234	361	436	280
AT4G01210	1288	1301	1298	1150	1235	1038
AT4G04040	668	627	522	828	985	768
AT4G28025	215	154	177	194	215	209
AT4G08370	0	0	0	0	0	0
AT4G26060	299	275	301	256	334	315
AT4G26760	1681	1356	1237	1812	2021	1563
AT4G38660	654	703	700	1004	1352	711
AT4G21170	49	41	36	41	65	42
AT4G38490	153	143	120	204	242	149
AT4G29730	180	169	145	184	231	146
AT4G33565	201	218	221	188	270	225
AT4G29030	7	6	5	6	7	10
AT4G11610	211	136	112	340	376	342
AT4G07868	1	0	0	2	1	1
AT4G38180	125	110	96	121	168	112
AT4G17360	58	65	60	82	101	63
AT4G31073	0	0	0	0	0	0
AT4G12390	518	430	421	659	905	740
AT4G26415	1	0	0	0	0	0
AT4G18090	0	2	1	2	10	0
AT4G14305	185	110	146	134	134	123
AT4G30940	56	48	45	50	93	61
AT4G31380	10	17	28	0	2	3
AT4G15470	5092	5614	5692	3964	4672	4329
AT4G22830	47	38	25	38	38	32
AT4G00955	44	57	58	45	54	62
AT4G35170	2	5	8	3	3	3
AT4G29305	0	0	0	0	1	0
AT4G22610	1746	1765	2108	828	641	1099
AT4G28880	1657	1525	1509	1829	2370	2054
AT4G23850	8230	8381	8602	6936	7369	7709
AT4G11350	461	479	751	260	237	300
AT4G02420	1	0	0	0	0	1
AT4G16520	1254	1116	1081	1237	1624	1225
AT4G21326	283	333	379	430	424	258
AT4G13280	1804	2772	2990	1935	1978	1535
AT4G13180	2658	2970	4096	1163	1180	1974
AT4G05097	2	1	0	2	0	3
AT4G14420	1420	1421	1248	1465	1665	1335
AT4G12650	4406	4498	4215	4092	4672	3624
AT4G23373	0	0	0	0	0	0
AT4G39640	2809	3440	3682	2650	2150	4191
AT4G33180	258	374	412	225	258	275
AT4G00840	215	228	184	257	286	219
AT4G26830	15	20	22	8	4	13
AT4G31490	2770	2818	2674	2819	3272	2697
AT4G20580	0	0	0	0	0	0
AT4G28920	0	1	1	0	0	0
AT4G01370	917	931	870	814	992	837
AT4G21980	1241	1173	1261	1147	1307	1309
AT4G26390	2	6	1	3	2	0
AT4G04265	0	0	0	0	0	0
AT4G39830	445	416	435	342	342	512
AT4G22010	3016	2554	2020	2571	2438	2187
AT4G34520	0	0	0	0	0	0
AT4G28450	852	646	572	790	886	676
AT4G04870	299	236	259	294	349	280
AT4G03945	0	0	0	0	0	0
AT4G10370	50	43	20	49	65	42
AT4G36890	1070	1174	1124	1017	1186	917
AT4G10010	5	1	2	3	5	5
AT4G30300	0	1	0	0	1	0
AT4G37850	84	53	42	13	12	16
AT4G21070	296	281	273	355	366	320
AT4G33300	4498	5458	6337	4621	5238	5520
AT4G13620	64	27	9	117	128	65
AT4G03115	125	132	137	133	163	151
AT4G28790	9	2	13	8	7	10
AT4G23780	0	0	0	0	0	0
AT4G22840	243	291	313	205	208	189
AT4G37250	830	1018	884	1046	1762	971
AT4G10695	0	0	0	1	1	0
AT4G16215	2	1	0	3	0	0
AT4G28840	454	336	479	106	107	125
AT4G32640	1961	2193	2122	2103	2370	2051
AT4G14675	0	0	0	0	0	0
AT4G04690	0	0	0	0	0	0
AT4G11920	133	124	131	185	252	175
AT4G37022	4	4	1	2	1	3
AT4G02850	457	415	240	900	1210	679
AT4G39910	1481	1445	1437	1328	1395	1402
AT4G31700	13670	9664	8789	12379	13744	11022
AT4G23230	4	0	2	6	1	1
AT4G19560	53	39	37	37	34	25
AT4G12780	1056	1138	1112	1200	1325	1109
AT4G16008	17	34	13	150	171	23
AT4G21610	251	181	183	253	231	229
AT4G16195	0	0	1	0	0	0
AT4G21800	633	590	502	589	734	594
AT4G18422	26	23	36	14	7	15
AT4G16670	423	232	251	233	258	263
AT4G08950	17706	28483	20869	15232	11138	15492
AT4G24160	4131	4580	5177	3079	2725	4570
AT4G31240	304	316	332	151	204	208
AT4G09660	0	0	0	0	0	0
AT4G29920	101	103	150	263	528	202
AT4G23140	12	8	19	1	7	0
AT4G17430	146	145	114	143	160	104
AT4G02440	502	472	386	506	553	425
AT4G35250	54	66	83	72	110	61
AT4G23895	307	329	268	312	418	287
AT4G17850	0	0	0	0	0	0
AT4G08230	758	683	652	484	582	551
AT4G38960	142	91	93	197	248	125
AT4G12120	523	622	591	406	515	491
AT4G15070	168	167	192	122	150	144
AT4G10350	53	77	55	101	85	123
AT4G34470	8	0	3	3	4	4
AT4G24390	242	203	150	315	374	210
AT4G30730	4	1	1	1	0	4
AT4G15660	1	4	1	6	23	0
AT4G01820	19	31	27	31	13	27
AT4G14245	0	0	0	0	0	0
AT4G01640	0	0	0	0	0	0
AT4G22270	467	631	693	442	429	437
AT4G38781	0	0	0	0	0	0
AT4G16790	262	299	352	355	513	263
AT4G22940	15	27	20	6	10	7
AT4G02630	453	786	693	466	693	406
AT4G02000	0	0	0	0	0	0
AT4G31805	7	2	1	0	4	3
AT4G25170	1148	1089	1000	1339	1542	2068
AT4G00160	0	0	0	0	0	0
AT4G25920	2	1	0	1	0	3
AT4G32175	127	136	103	166	146	128
AT4G26900	1201	914	890	1145	1278	1124
AT4G20650	0	0	0	0	0	0
AT4G09670	578	640	683	545	669	509
AT4G11450	262	206	221	295	426	268
AT4G32280	1	4	5	8	7	8
AT4G27250	4	5	10	14	23	17
AT4G11211	1066	2062	1571	917	984	858
AT4G14690	10	14	13	4	6	10
AT4G22180	0	0	0	0	0	0
AT4G14225	3	0	1	2	7	2
AT4G10680	0	0	0	0	0	0
AT4G28520	1	0	0	0	1	0
AT4G03566	0	0	0	0	0	0
AT4G32342	9	8	15	3	11	3
AT4G13820	300	503	493	508	437	418
AT4G28811	0	0	0	2	1	1
AT4G26690	6594	8943	7357	5253	4094	5936
AT4G36170	0	0	0	0	0	0
AT4G35560	1093	1294	1218	993	1427	1026
AT4G14960	14377	14849	13157	14677	16647	11430
AT4G25760	42	46	36	14	13	11
AT4G06634	398	282	275	347	404	310
AT4G19680	41	17	12	31	23	19
AT4G33740	935	872	816	1039	1216	846
AT4G33355	0	0	0	0	0	0
AT4G16380	1387	1162	1099	1052	1295	1078
AT4G12320	2	4	5	13	13	16
AT4G25930	0	0	0	0	0	0
AT4G21140	300	210	156	241	281	197
AT4G00305	10	6	12	9	14	11
AT4G18450	4	1	4	4	6	2
AT4G29280	0	0	0	0	0	0
AT4G23570	624	658	626	582	708	897
AT4G10457	0	0	0	0	0	0
AT4G00460	177	149	147	141	149	137
AT4G02500	4401	4288	4625	3596	4137	3361
AT4G40070	91	120	102	92	140	86
AT4G39900	749	689	599	733	835	626
AT4G30790	818	1033	999	893	1060	1068
AT4G25020	144	131	235	76	62	103
AT4G34450	7997	8214	7626	7982	9226	7787
AT4G11080	488	377	354	649	817	520
AT4G32140	611	610	616	484	580	539
AT4G10603	0	0	0	0	0	0
AT4G31080	1062	994	961	1025	1215	1203
AT4G13580	695	402	426	455	571	698
AT4G23660	206	175	182	184	233	183
AT4G07408	1	0	0	0	0	0
AT4G04210	661	605	675	635	683	609
AT4G21585	166	180	129	206	228	171
AT4G24070	0	1	0	1	1	0
AT4G24973	0	0	0	0	0	0
AT4G10030	353	350	416	342	395	326
AT4G34020	144	123	96	167	247	173
AT4G32300	1414	2229	2151	916	1158	1126
AT4G31760	4	2	8	5	3	9
AT4G00163	2	0	0	1	0	0
AT4G26480	2426	2871	2154	1937	1678	1671
AT4G00155	0	0	1	0	2	2
AT4G03205	331	291	271	285	377	191
AT4G02890	5342	4355	5128	4541	5742	4013
AT4G35830	12092	12166	11641	12495	14626	11959
AT4G22000	1058	733	761	779	878	734
AT4G18070	7719	11746	10381	5597	4716	5459
AT4G02450	4542	3481	3242	3921	4459	3590
AT4G34990	574	1094	880	567	498	331
AT4G05160	781	760	791	740	873	763
AT4G36945	1365	1326	1747	714	628	717
AT4G17500	4416	6150	5059	4044	4145	4947
AT4G14660	125	114	100	140	151	90
AT4G00080	267	154	250	328	388	374
AT4G09890	495	604	555	169	297	222
AT4G03645	0	0	0	0	0	0
AT4G15120	169	248	272	126	142	201
AT4G08390	2436	2182	2181	2045	2308	1921
AT4G32717	0	0	0	0	0	0
AT4G13660	981	972	1108	906	1080	935
AT4G39720	76	155	135	177	216	101
AT4G33640	1168	838	833	919	1034	809
AT4G33760	406	352	327	422	465	386
AT4G27690	374	337	292	365	451	370
AT4G32240	840	586	586	544	598	459
AT4G29720	408	390	351	907	1836	404
AT4G10320	3808	4040	3842	4294	4910	4192
AT4G00540	1	0	1	1	0	0
AT4G35670	0	0	0	0	0	0
AT4G23310	1	1	0	1	0	1
AT4G02465	0	0	0	0	0	0
AT4G01540	551	580	609	1085	1096	1210
AT4G21790	2698	2873	2692	1747	1657	1806
AT4G11845	64	76	75	70	74	81
AT4G13510	1290	1352	1747	1278	1325	1786
AT4G36160	40	50	47	60	50	56
AT4G11590	0	0	0	0	0	0
AT4G00231	366	305	264	382	451	314
AT4G08940	101	80	86	89	93	69
AT4G32430	51	39	43	37	54	33
AT4G33670	463	384	315	443	449	332
AT4G39150	1205	1065	1051	1147	1317	1070
AT4G16146	179	117	152	32	28	44
AT4G01430	172	59	65	365	684	358
AT4G37940	394	367	375	539	624	563
AT4G22850	121	119	125	123	167	99
AT4G36180	1633	1449	1299	2124	2712	1494
AT4G31360	223	205	200	233	269	193
AT4G12020	802	988	1081	959	1071	1137
AT4G25250	311	175	224	285	346	317
AT4G24060	2149	2254	1968	1248	1428	1070
AT4G11340	2	8	15	6	3	8
AT4G26840	2065	1813	1749	1832	2216	1781
AT4G25840	783	707	754	651	739	612
AT4G02010	579	535	481	725	1071	504
AT4G16490	1863	2405	2520	1628	1769	1745
AT4G32180	1545	1816	1783	1775	2012	1876
AT4G33510	916	986	1049	825	1117	990
AT4G21540	923	975	1049	827	942	950
AT4G02100	582	581	548	481	541	371
AT4G09850	0	0	1	0	0	0
AT4G25260	393	229	256	345	342	325
AT4G17380	35	47	44	36	41	21
AT4G21390	819	1138	1177	1150	1173	1518
AT4G02670	1	0	0	0	0	1
AT4G19930	0	0	0	0	0	0
AT4G14100	104	64	63	115	123	65
AT4G15563	211	136	179	111	127	115
AT4G27750	525	472	452	450	596	442
AT4G26350	0	0	0	0	0	0
AT4G13572	0	0	0	0	0	0
AT4G35090	3739	2420	2500	3449	4330	4227
AT4G30430	664	1000	1248	697	443	616
AT4G20040	105	100	93	64	93	62
AT4G27657	249	233	370	319	388	287
AT4G25450	511	672	580	634	570	498
AT4G07455	89	58	58	77	114	75
AT4G06746	46	45	14	31	31	57
AT4G30490	3345	3477	3797	1430	1181	2166
AT4G09620	249	238	296	231	368	234
AT4G09731	1	0	0	1	0	0
AT4G22810	803	706	853	792	848	1003
AT4G34360	112	100	76	140	154	140
AT4G00330	1967	2717	2461	1538	1417	1739
AT4G04760	22	7	19	14	18	11
AT4G13577	0	0	0	0	0	0
AT4G10800	106	76	93	82	106	88
AT4G16563	299	219	132	321	365	350
AT4G12140	0	0	0	1	0	1
AT4G11570	367	387	417	349	453	389
AT4G38410	1006	362	299	246	194	349
AT4G22890	191	232	227	225	313	221
AT4G02260	355	346	371	409	527	412
AT4G02350	2431	3085	3004	2097	1989	2470
AT4G34570	398	314	270	406	443	315
AT4G18320	0	0	0	0	0	0
AT4G01935	16	14	21	21	20	12
AT4G15500	100	116	120	156	254	130
AT4G22960	124	108	138	55	60	60
AT4G17580	4	0	1	0	0	0
AT4G24020	807	960	1051	1039	1409	1145
AT4G05000	188	207	171	198	248	191
AT4G12070	346	382	491	323	400	370
AT4G09820	15	4	0	3	19	0
AT4G37720	5	4	5	6	2	6
AT4G17700	0	0	0	0	0	0
AT4G05523	0	0	0	0	0	0
AT4G36000	475	441	595	462	368	760
AT4G18730	6754	4872	4680	6108	6823	5799
AT4G08180	1141	1141	1186	1045	1308	1107
AT4G18520	93	101	98	94	155	111
AT4G15765	128	158	153	92	118	76
AT4G29710	1	1	0	0	0	0
AT4G14120	58	53	40	67	84	56
AT4G30190	10628	10022	11512	15154	18838	16734
AT4G35985	3687	5214	5738	3321	2563	5117
AT4G02150	1252	1258	1122	1375	1642	1062
AT4G08875	0	0	0	0	0	0
AT4G27470	204	242	170	247	352	225
AT4G27090	20450	14485	13959	16563	19931	15959
AT4G23020	45	86	88	44	40	43
AT4G25610	414	318	340	400	500	347
AT4G00050	0	1	0	0	0	0
AT4G12690	128	100	58	143	122	167
AT4G10720	7	11	12	20	18	20
AT4G23380	0	0	0	0	0	0
AT4G01400	27	29	31	27	46	29
AT4G02970	0	0	0	0	0	0
AT4G09980	855	861	903	828	1016	908
AT4G12880	2839	3388	2712	2960	3458	1737
AT4G32770	206	123	148	61	67	31
AT4G02140	27	34	17	23	25	27
AT4G12495	0	0	0	0	0	0
AT4G00620	421	291	233	367	416	323
AT4G04790	97	101	81	114	149	97
AT4G04480	1	1	0	0	0	6
AT4G02080	2357	2112	2060	1932	2305	1957
AT4G11390	28	15	33	28	40	55
AT4G14060	1738	3525	5419	1365	1160	976
AT4G04972	18	5	7	12	18	20
AT4G14200	433	436	349	703	1008	514
AT4G01070	1471	1841	1507	1634	2273	1564
AT4G02950	3	0	0	0	0	1
AT4G21550	152	154	174	119	148	125
AT4G09440	0	0	0	0	0	0
AT4G36420	938	678	637	723	863	670
AT4G36450	16	19	21	21	43	29
AT4G16120	747	760	611	815	898	615
AT4G15233	510	539	646	232	202	371
AT4G02780	1	3	4	1	2	2
AT4G01915	11	10	7	8	14	4
AT4G07960	353	350	238	172	125	107
AT4G01420	0	0	0	0	0	0
AT4G20210	437	353	370	355	467	403
AT4G39925	24	13	16	19	36	24
AT4G31685	0	0	0	0	0	0
AT4G39360	13	6	5	6	9	8
AT4G00300	1515	1917	1820	1188	1259	1505
AT4G38150	175	170	155	191	243	190
AT4G38300	23	29	25	10	14	11
AT4G11780	508	310	277	511	496	665
AT4G16390	155	152	135	183	251	149
AT4G16510	163	136	137	158	188	141
AT4G28530	24	51	40	47	148	24
AT4G37640	2911	4106	4277	2903	2955	3782
AT4G21300	37	22	24	54	46	28
AT4G01450	1554	1622	1830	1920	2698	2261
AT4G30010	4232	2743	2840	3077	3380	2952
AT4G27230	942	694	652	786	952	791
AT4G18680	0	0	1	0	0	0
AT4G18780	861	1630	1301	947	1270	780
AT4G29020	211	184	199	222	261	188
AT4G20870	841	764	735	718	872	675
AT4G28850	36	31	26	19	12	35
AT4G35780	792	877	848	693	884	786
AT4G14805	0	0	0	0	0	2
AT4G02541	0	0	0	0	0	0
AT4G10310	382	552	583	921	1602	1458
AT4G36820	172	222	127	87	58	50
AT4G14380	39	62	29	40	46	34
AT4G11770	0	0	0	0	0	0
AT4G00953	0	0	0	0	0	0
AT4G18980	3	10	6	1	6	13
AT4G37970	268	410	429	292	445	158
AT4G02340	935	873	1005	637	806	771
AT4G11970	140	127	133	196	233	169
AT4G16855	8	4	2	2	4	6
AT4G39920	254	230	194	240	340	239
AT4G22485	1	1	1	2	3	4
AT4G16810	1	0	0	5	2	4
AT4G20110	933	813	803	1325	1493	1609
AT4G13968	0	0	0	0	0	0
AT4G32720	2301	1734	1737	2282	2568	2190
AT4G03156	0	0	0	0	0	0
AT4G13070	110	80	77	127	150	80
AT4G00950	60	91	90	144	158	116
AT4G22280	27	22	25	38	41	24
AT4G04470	762	512	591	511	537	554
AT4G26701	0	1	0	1	1	2
AT4G34412	223	158	167	189	248	202
AT4G16150	2076	2241	2172	2135	2430	2380
AT4G13985	0	0	0	0	0	0
AT4G20850	7996	7833	7727	8328	8981	8692
AT4G36470	60	59	77	129	216	121
AT4G36020	920	792	877	631	715	630
AT4G26288	4	6	0	3	6	1
AT4G36840	192	158	184	114	150	95
AT4G38640	664	585	557	627	738	519
AT4G33080	1223	1024	932	1321	1610	1188
AT4G16350	76	77	71	89	93	89
AT4G28005	3	3	4	1	0	4
AT4G38800	3915	3441	3593	3829	4029	3409
AT4G01650	266	185	208	286	324	249
AT4G28068	0	0	0	0	0	0
AT4G26800	44	36	26	47	68	35
AT4G22690	1053	2309	1769	2413	2380	3116
AT4G02200	1125	1317	1311	1043	932	1154
AT4G02610	512	416	457	484	502	489
AT4G00440	1581	2116	2014	1605	2319	1566
AT4G11460	5	4	3	9	9	4
AT4G12340	1108	858	891	933	1166	964
AT4G38310	4	1	7	6	5	7
AT4G04415	0	0	0	0	1	0
AT4G09880	0	0	0	0	0	0
AT4G02530	147	128	114	113	167	85
AT4G20400	1233	1334	1238	1375	1672	1356
AT4G02195	424	438	452	347	336	407
AT4G12700	439	393	370	387	452	287
AT4G38420	2896	2928	3189	950	495	1570
AT4G34440	18	8	7	2	7	5
AT4G37280	490	484	434	493	609	459
AT4G39540	367	343	319	485	550	441
AT4G18790	0	0	0	0	0	0
AT4G34320	55	141	116	77	106	127
AT4G26770	55	52	66	21	26	33
AT4G24175	81	76	60	101	108	68
AT4G11750	0	0	0	0	0	0
AT4G31440	131	137	100	128	175	130
AT4G06583	0	0	0	0	0	0
AT4G03000	502	508	491	510	595	532
AT4G11330	204	227	241	188	192	261
AT4G06534	14	24	24	39	43	47
AT4G09000	6161	7037	6252	6603	7895	6101
AT4G29490	1032	932	1033	889	1095	851
AT4G05350	0	0	0	0	0	0
AT4G01245	0	0	0	0	0	0
AT4G33240	1363	1400	1245	1197	1431	1383
AT4G32130	1168	939	906	910	1051	895
AT4G02660	438	353	365	501	477	433
AT4G27500	16038	17013	16329	12790	11706	13000
AT4G10150	1	1	1	1	0	6
AT4G02400	1308	1112	1036	1324	1510	1176
AT4G04500	1	1	1	1	0	0
AT4G28040	159	91	64	95	43	61
AT4G12150	0	0	0	0	0	0
AT4G01480	2026	2126	2473	1093	1174	1721
AT4G31510	386	505	371	425	467	516
AT4G37660	432	342	298	380	438	309
AT4G31600	241	190	177	193	228	124
AT4G14270	1586	1138	1135	1252	2075	1285
AT4G34090	77	76	64	68	104	57
AT4G01870	2098	2256	2148	1592	1458	1751
AT4G23260	3	0	1	1	2	5
AT4G37550	478	662	297	779	1300	314
AT4G13110	483	391	393	148	167	231
AT4G17505	0	0	0	0	0	0
AT4G36650	828	953	1005	835	794	915
AT4G02050	381	351	283	407	496	451
AT4G25570	3432	3310	3246	2903	3466	2982
AT4G26740	5	0	1	1	1	3
AT4G08670	0	0	0	0	0	0
AT4G09965	1	2	1	2	4	1
AT4G09610	0	0	0	0	0	0
AT4G32160	794	899	858	874	965	867
AT4G04570	35	73	89	105	88	115
AT4G33150	3016	2887	2250	1841	2195	2154
AT4G35950	383	392	372	422	470	345
AT4G03370	0	0	0	0	0	0
AT4G32150	2947	2890	2752	2290	2568	2433
AT4G22240	945	735	705	592	759	573
AT4G37010	1123	937	1067	681	679	896
AT4G20070	494	428	475	470	631	598
AT4G25400	473	437	453	471	544	498
AT4G30530	9271	10115	11694	6308	6294	8855
AT4G39400	2806	2646	2491	2720	3042	3296
AT4G08780	227	206	173	305	284	381
AT4G19850	9	20	13	15	15	19
AT4G26420	0	0	1	0	1	0
AT4G22550	113	93	91	143	141	113
AT4G20900	2	3	4	1	1	5
AT4G24590	441	459	452	387	472	429
AT4G23400	3807	2842	2924	2921	3081	3770
AT4G39690	1166	1051	976	1161	1350	1081
AT4G14096	89	107	79	132	231	101
AT4G09310	0	0	0	0	0	0
AT4G03540	58	42	85	9	21	24
AT4G11670	538	573	592	472	545	580
AT4G34170	1	0	0	0	2	0
AT4G30750	411	278	301	381	446	319
AT4G37100	305	379	376	537	731	461
AT4G36290	388	399	375	446	506	405
AT4G20250	0	0	0	0	0	0
AT4G20935	4	8	6	4	8	6
AT4G14950	508	491	431	472	589	404
AT4G23730	1305	1421	1307	887	795	827
AT4G09150	2337	2977	2705	2151	2318	2332
AT4G00360	1084	1325	1931	512	526	765
AT4G35200	38	11	12	13	14	10
AT4G07400	55	42	37	61	71	54
AT4G35655	113	122	92	81	32	98
AT4G19860	1788	1782	1466	2126	2958	2133
AT4G10190	0	0	0	0	0	0
AT4G23120	0	0	0	0	0	0
AT4G39840	1792	1727	1773	1406	1654	1509
AT4G22430	0	0	0	0	0	0
AT4G09500	95	137	135	79	131	39
AT4G11730	0	0	0	0	0	0
AT4G32990	1	1	0	1	6	0
AT4G19370	85	104	133	148	144	139
AT4G32915	233	170	169	200	252	214
AT4G25225	105	94	92	83	102	64
AT4G22220	2571	2124	2207	1995	2255	2047
AT4G37680	185	184	174	193	258	164
AT4G02570	5533	5762	5700	5492	6655	5502
AT4G23010	811	764	996	627	650	880
AT4G13410	0	0	0	0	0	0
AT4G27280	14618	14686	18059	13287	12446	15317
AT4G23870	275	185	129	288	355	269
AT4G21580	1191	1179	1087	763	931	831
AT4G24910	5	10	5	7	9	12
AT4G19100	16	18	11	42	43	24
AT4G09590	0	0	0	0	0	0
AT4G26370	114	101	101	115	108	90
AT4G27130	3710	3067	3178	2580	3044	2861
AT4G01600	110	140	184	86	88	99
AT4G11090	120	127	113	147	245	110
AT4G20680	0	0	0	0	0	0
AT4G37400	2089	1806	2059	1357	1302	1561
AT4G23530	201	209	220	237	250	203
AT4G17260	2876	3408	3522	1329	1121	970
AT4G05200	205	237	252	278	288	369
AT4G08310	1086	992	947	1182	1234	1039
AT4G29860	187	195	190	234	253	212
AT4G00070	36	15	30	42	18	41
AT4G21910	1194	1428	1512	1023	1023	980
AT4G09550	258	263	274	250	308	212
AT4G14240	371	357	406	311	379	295
AT4G19750	0	0	0	1	2	2
AT4G15975	64	85	88	42	40	46
AT4G18670	1172	1449	1250	1226	1789	997
AT4G12820	0	0	0	0	0	0
AT4G37190	264	246	231	363	514	284
AT4G16190	4321	4939	5652	3582	3698	3789
AT4G05320	17506	18317	17212	18329	26436	17904
AT4G10200	1	0	0	1	2	0
AT4G12040	2204	2231	2106	1632	1676	1779
AT4G39950	7518	12038	10486	10064	10680	7975
AT4G14160	2021	2299	2132	2074	2353	1962
AT4G26030	0	0	0	0	0	0
AT4G24413	0	0	0	0	0	0
AT4G04320	341	438	419	361	530	375
AT4G14280	19	22	24	8	12	19
AT4G00590	163	126	121	162	199	140
AT4G36630	897	1033	1106	950	1076	908
AT4G19650	72	45	58	90	91	60
AT4G30064	3	0	1	2	1	1
AT4G20330	753	694	609	635	711	579
AT4G31960	1	1	0	2	1	4
AT4G18240	672	982	994	670	899	783
AT4G29870	871	768	845	923	1048	806
AT4G15090	671	779	870	659	712	690
AT4G02160	9	20	8	3	10	4
AT4G32370	0	0	0	0	0	0
AT4G16600	48	56	54	62	87	83
AT4G12543	0	0	0	0	0	0
AT4G29430	451	327	338	386	417	346
AT4G31650	140	219	234	188	283	117
AT4G12580	982	486	602	141	214	171
AT4G28250	1161	2232	2036	2746	5099	766
AT4G26040	0	0	0	0	0	0
AT4G01810	1086	1098	1073	1104	1327	1017
AT4G01335	4	2	3	5	5	1
AT4G21065	43	38	44	55	72	49
AT4G09070	0	0	0	0	0	0
AT4G12270	19	22	28	26	30	33
AT4G24140	688	952	1212	467	525	455
AT4G35300	3759	4322	4366	1858	2792	1759
AT4G07675	0	0	0	0	0	0
AT4G01150	218	192	128	122	192	101
AT4G15850	215	136	135	187	218	195
AT4G08545	1	1	1	1	3	3
AT4G03930	0	0	0	0	0	0
AT4G25380	53	70	75	26	32	45
AT4G19160	3154	3007	2965	1847	2266	2400
AT4G18490	88	107	85	116	150	99
AT4G24275	411	209	186	186	221	287
AT4G13230	26	42	30	44	37	8
AT4G14746	344	293	315	249	272	284
AT4G39170	1597	1927	1785	1851	2430	1391
AT4G02485	117	116	128	115	146	114
AT4G22680	43	45	28	18	56	32
AT4G33200	855	1078	1036	1202	1427	1099
AT4G17060	576	452	484	411	512	431
AT4G09795	0	0	0	0	0	0
AT4G37730	298	325	234	377	508	330
AT4G15420	419	381	347	402	588	422
AT4G24570	13867	18624	26116	13363	13761	16258
AT4G20953	0	0	0	0	0	0
AT4G21020	12	1	3	0	4	4
AT4G29735	1063	705	711	744	841	720
AT4G38910	70	63	50	86	117	82
AT4G15160	2063	1124	1005	1735	1969	2104
AT4G29654	0	0	0	0	0	1
AT4G38840	0	0	0	0	0	0
AT4G28088	16	19	16	4	5	4
AT4G38700	12	3	7	5	7	8
AT4G36970	211	182	170	203	278	175
AT4G20480	697	724	666	704	894	677
AT4G19140	352	350	371	228	194	218
AT4G16440	292	266	268	305	331	224
AT4G36380	626	465	632	914	1225	947
AT4G02620	2607	2152	2121	1953	2095	1667
AT4G24760	890	675	700	761	864	715
AT4G36540	21	28	31	48	62	24
AT4G21250	7	12	10	27	38	23
AT4G04220	56	43	31	52	48	48
AT4G31150	274	184	216	259	281	241
AT4G13340	10267	12734	12121	5741	4721	7235
AT4G08790	170	176	128	147	204	132
AT4G38630	3425	3112	2981	2871	3398	3018
AT4G20370	1	1	3	0	0	0
AT4G19120	2024	2317	2148	1811	2232	1377
AT4G31330	59	33	10	113	205	78
AT4G03030	265	261	241	272	358	259
AT4G21680	2022	2240	1466	461	397	911
AT4G01410	485	261	271	232	237	256
AT4G28770	1186	967	948	940	1013	945
AT4G15056	0	0	0	0	0	0
AT4G19400	28	16	14	15	11	19
AT4G31060	132	128	112	127	158	103
AT4G23440	501	458	411	458	485	548
AT4G31300	2798	2394	2214	2311	2684	2107
AT4G34060	48	72	55	37	50	26
AT4G12230	983	958	973	940	1206	838
AT4G22463	0	0	0	0	0	0
AT4G18460	106	132	105	118	107	86
AT4G14510	251	255	284	244	286	193
AT4G21810	673	574	553	741	863	744
AT4G21213	0	0	2	0	0	0
AT4G08869	0	0	0	0	0	0
AT4G20100	0	0	0	0	0	0
AT4G01020	206	247	220	300	424	256
AT4G32790	339	401	331	268	265	266
AT4G13190	91	143	118	95	89	42
AT4G30996	1454	1356	1199	921	820	731
AT4G14880	11583	10267	9584	8688	8720	8531
AT4G12550	1608	695	354	2108	1765	1797
AT4G00990	889	963	918	1030	1168	1040
AT4G14920	751	782	666	901	960	794
AT4G14700	35	20	18	45	46	26
AT4G22390	3	2	3	1	5	3
AT4G05270	0	0	0	0	0	0
AT4G17460	2835	1883	1711	1338	1400	1796
AT4G20890	5696	7161	5545	4687	5785	4568
AT4G08800	0	0	0	0	0	0
AT4G35390	154	93	102	127	123	130
AT4G11660	393	367	352	485	500	627
AT4G03410	77	70	60	59	94	77
AT4G19760	0	0	0	0	0	0
AT4G18010	7215	8636	9097	2429	1842	3287
AT4G11720	13	15	22	39	24	20
AT4G15715	0	0	0	0	0	0
AT4G25650	249	268	247	259	372	325
AT4G16845	667	671	707	561	709	550
AT4G25790	113	148	126	36	47	32
AT4G28485	1	1	2	2	2	1
AT4G26600	439	317	281	493	497	370
AT4G12334	0	0	0	0	0	0
AT4G33960	77	56	34	180	234	130
AT4G05250	0	0	0	0	0	0
AT4G24200	872	911	888	843	940	826
AT4G03280	50	57	8	56	132	16
AT4G27180	1863	2775	2397	2761	3548	1987
AT4G28440	1077	871	800	997	1223	848
AT4G34180	2906	3037	3103	2015	2313	2235
AT4G22475	0	0	1	1	0	0
AT4G12730	6805	9174	8288	5221	5907	4977
AT4G30550	1434	1361	1339	996	1062	987
AT4G14220	485	387	418	327	456	375
AT4G33060	704	586	604	718	869	593
AT4G01610	5548	5253	5465	2753	2995	3543
AT4G21260	0	0	0	0	0	1
AT4G20570	0	0	0	0	0	0
AT4G27585	838	684	685	757	873	617
AT4G33625	887	941	956	645	779	581
AT4G37750	557	930	723	1184	1782	778
AT4G34430	1678	1799	1830	1438	1427	1477
AT4G26650	1452	1403	1320	1367	1595	1318
AT4G30090	276	349	295	307	254	236
AT4G22660	2	1	0	1	0	1
AT4G35375	0	0	0	0	0	0
AT4G16447	38	15	3	41	79	49
AT4G02060	685	668	653	967	973	844
AT4G26190	1326	1152	1191	1422	1536	1501
AT4G28580	0	0	0	2	0	2
AT4G10840	3897	4301	3752	4011	4802	4109
AT4G26330	11	15	16	15	14	14
AT4G33350	319	263	270	358	364	275
AT4G16920	188	278	232	433	484	694
AT4G34040	872	931	909	862	1086	818
AT4G33450	37	49	55	41	47	41
AT4G14276	0	0	0	0	0	0
AT4G12825	0	0	0	0	0	0
AT4G34110	13931	13669	13303	15224	17580	14393
AT4G22070	359	400	588	154	117	246
AT4G35270	223	261	399	231	351	216
AT4G32190	597	924	668	397	456	330
AT4G05040	233	242	265	305	350	305
AT4G10920	537	458	467	520	574	490
AT4G39700	261	155	158	147	186	180
AT4G00420	330	276	234	255	331	216
AT4G35630	2321	3076	2794	2608	3201	2297
AT4G02320	11	21	14	8	6	5
AT4G16800	254	203	197	246	301	195
AT4G30780	2060	2740	2891	2710	2038	2969
AT4G21445	0	0	0	0	1	0
AT4G28000	0	0	2	1	0	0
AT4G15670	0	2	0	4	25	0
AT4G24510	41	46	31	4	7	4
AT4G18300	157	191	182	191	293	152
AT4G14830	24	29	15	28	36	22
AT4G15270	210	242	304	175	185	284
AT4G16140	492	752	742	494	458	361
AT4G24050	403	364	494	202	272	444
AT4G13600	25	34	50	55	53	46
AT4G09040	259	234	200	249	316	245
AT4G11230	58	75	85	151	167	176
AT4G09130	6	10	9	10	6	7
AT4G19485	0	0	0	0	0	1
AT4G19530	132	356	142	97	98	29
AT4G31120	1150	916	807	1175	1301	1074
AT4G37820	797	879	843	903	1011	828
AT4G21280	50	19	5	24	125	3
AT4G00380	78	156	129	129	149	54
AT4G28030	59	35	39	73	78	81
AT4G04340	1362	2015	1659	1587	1753	1232
AT4G37890	65	48	61	232	529	102
AT4G18440	583	433	384	519	596	383
AT4G06490	0	0	0	0	0	0
AT4G12440	12	15	28	12	13	11
AT4G01630	373	316	196	510	597	520
AT4G17830	1064	1244	1317	1064	1220	1037
AT4G16500	3890	4969	5167	3787	3094	3326
AT4G38890	1086	983	945	1182	1317	1054
AT4G05330	151	190	137	162	193	131
AT4G03140	146	72	44	33	36	27
AT4G39570	740	796	858	818	761	1062
AT4G38225	266	249	223	223	239	206
AT4G14870	77	45	56	81	112	85
AT4G25320	833	831	864	854	996	809
AT4G21270	405	547	465	595	724	478
AT4G35335	429	486	428	432	468	418
AT4G33370	2	3	6	7	6	2
AT4G24920	2067	1399	1562	1416	1557	1572
AT4G21570	6750	9216	7601	4171	3354	4409
AT4G27820	15	11	17	24	26	12
AT4G39630	214	183	186	197	248	167
AT4G39490	0	0	0	0	0	0
AT4G37900	111	177	120	238	243	283
AT4G03590	0	0	0	0	0	0
AT4G13200	321	269	302	305	345	286
AT4G18540	2	3	4	0	3	2
AT4G36260	95	137	123	183	203	154
AT4G20630	0	0	0	0	0	0
AT4G15260	234	243	248	136	144	189
AT4G09680	645	697	666	707	862	711
AT4G23270	812	820	831	808	839	1106
AT4G32950	66	151	149	39	29	153
AT4G17616	178	186	141	186	196	161
AT4G31260	0	0	0	1	0	0
AT4G09464	0	0	0	0	0	0
AT4G19000	0	0	1	0	0	0
AT4G11240	1084	960	1077	1207	1310	1328
AT4G15025	0	0	0	0	0	0
AT4G32551	3163	4077	3627	2550	2534	2758
AT4G15620	4	3	2	0	1	1
AT4G16233	16	13	21	30	27	18
AT4G29690	2973	2322	2650	2032	1776	2097
AT4G01860	880	770	781	1133	1246	1079
AT4G08210	29	21	16	16	27	21
AT4G11400	42	34	46	43	57	35
AT4G00872	5	0	1	0	2	0
AT4G26410	1196	895	937	952	1065	947
AT4G37170	37	53	44	58	57	50
AT4G22100	0	1	0	1	0	0
AT4G33650	988	1070	1074	1031	1143	999
AT4G11600	3778	3681	3863	1889	2094	2184
AT4G25700	175	169	143	115	128	71
AT4G14000	289	291	251	391	425	381
AT4G36570	0	4	11	99	80	26
AT4G29540	107	91	88	105	109	95
AT4G30050	0	0	0	0	0	0
AT4G30860	193	231	236	245	278	276
AT4G02580	3089	2535	2456	2673	2986	2647
AT4G04900	4	3	7	6	7	14
AT4G34880	115	71	102	102	122	112
AT4G16030	0	0	0	0	0	0
AT4G32650	435	409	470	563	641	662
AT4G19500	413	479	457	485	675	480
AT4G38970	29	7	9	34	70	5
AT4G29900	2341	2490	2314	1866	1895	1710
AT4G34480	2086	3314	3095	2093	1533	1865
AT4G32040	782	858	913	884	1087	969
AT4G13860	804	719	940	548	600	578
AT4G15475	452	374	375	438	549	456
AT4G17483	67	64	77	62	63	61
AT4G05390	1073	951	1003	992	1474	890
AT4G39756	0	0	0	0	0	0
AT4G33890	590	560	595	561	692	563
AT4G24480	601	674	628	413	559	552
AT4G31030	0	0	0	0	0	0
AT4G35180	199	443	403	121	99	158
AT4G23970	0	0	0	0	0	0
AT4G22060	1	1	0	0	0	0
AT4G22520	0	0	0	0	0	1
AT4G13710	62	56	54	157	233	113
AT4G11840	340	332	344	354	410	385
AT4G04925	112	97	80	118	148	91
AT4G28390	126	177	154	167	167	137
AT4G37409	18	30	11	7	8	8
AT4G24290	2636	2769	2799	2439	2803	2768
AT4G05018	12	26	22	12	19	10
AT4G22190	523	531	596	495	546	436
AT4G34770	3	1	1	1	3	0
AT4G34530	0	0	0	0	0	0
AT4G20240	608	606	543	1151	1412	1119
AT4G00130	0	0	0	2	0	1
AT4G08170	688	892	608	496	411	354
AT4G05120	111	127	127	99	118	129
AT4G20840	436	466	411	506	678	684
AT4G25680	1520	1392	1419	1072	1249	1140
AT4G03290	0	0	1	0	0	1
AT4G15248	17	28	69	19	15	14
AT4G09180	420	503	489	401	534	386
AT4G12290	239	297	663	37	34	67
AT4G38950	448	403	463	471	560	418
AT4G07390	785	678	705	619	706	614
AT4G17713	0	0	0	0	0	0
AT4G28380	1	0	1	0	0	0
AT4G00760	419	419	418	515	558	514
AT4G16835	58	61	60	61	80	53
AT4G24730	279	324	285	249	236	215
AT4G24610	764	1007	951	991	1293	898
AT4G00026	621	509	437	565	581	488
AT4G28700	4	1	3	1	2	2
AT4G16960	296	321	382	304	246	351
AT4G27900	358	281	315	234	337	276
AT4G19220	13	9	13	16	19	12
AT4G34120	247	304	293	254	291	242
AT4G28070	230	180	173	234	249	175
AT4G16410	13	14	13	8	25	10
AT4G05497	0	0	0	0	2	1
AT4G21410	1658	1804	2016	1295	1511	1718
AT4G03830	0	0	0	0	0	0
AT4G02800	418	535	401	579	795	422
AT4G28480	1276	1250	1294	1175	1348	1107
AT4G13530	702	816	871	638	794	756
AT4G11470	131	187	146	189	167	324
AT4G14290	486	496	490	543	656	532
AT4G11900	1	0	0	0	0	0
AT4G33467	212	66	82	13	23	13
AT4G32714	0	0	0	0	0	0
AT4G35430	0	0	0	0	0	0
AT4G00467	0	1	0	0	0	0
AT4G10430	552	459	469	421	490	411
AT4G30800	574	361	325	482	536	366
AT4G33270	1111	841	814	1258	1330	1003
AT4G19770	1	3	0	1	1	1
AT4G34610	211	299	264	254	295	193
AT4G25530	2	0	1	0	1	0
AT4G14480	8	3	6	5	8	6
AT4G18880	1486	1975	2253	1705	1707	2390
AT4G28320	158	140	127	151	219	117
AT4G16740	1	0	0	0	0	0
AT4G09640	864	1055	1045	849	713	719
AT4G25140	0	0	0	0	0	0
AT4G14020	693	1080	1013	218	162	179
AT4G08878	1	0	0	1	0	0
AT4G18195	156	235	236	126	95	243
AT4G13440	63	57	74	68	78	87
AT4G15096	0	0	0	0	0	0
AT4G14385	449	440	436	443	512	426
AT4G39290	4	3	5	2	1	3
AT4G21230	181	170	202	122	155	132
AT4G16980	139	213	124	127	192	32
AT4G02560	782	737	723	801	876	725
AT4G17950	1119	1262	1125	968	973	976
AT4G25434	244	342	348	321	421	268
AT4G13080	0	0	0	0	0	0
AT4G23050	1472	1211	1489	881	805	926
AT4G30250	4	9	5	4	9	2
AT4G01680	96	53	34	31	44	36
AT4G39753	0	0	0	0	0	0
AT4G22290	233	333	193	315	481	228
AT4G25835	104	90	112	155	244	98
AT4G24600	2	3	0	3	1	3
AT4G33920	9067	10620	12236	8420	7163	9830
AT4G08840	0	0	0	0	0	0
AT4G18170	56	66	70	34	63	52
AT4G01380	35	157	243	40	31	5
AT4G24560	893	987	886	996	1115	900
AT4G03020	1279	1366	1239	1135	1465	1150
AT4G11160	1074	912	973	1037	1172	946
AT4G09080	21	13	17	20	22	19
AT4G05632	0	0	0	0	0	0
AT4G37520	1455	1257	1288	1270	1129	1788
AT4G37740	264	219	187	265	263	254
AT4G23030	12	20	20	34	22	45
AT4G03380	4	5	6	14	24	13
AT4G16915	0	0	0	0	0	0
AT4G30170	10720	5659	5513	7887	8609	7944
AT4G32010	899	1134	1124	883	1076	902
AT4G10590	427	540	501	500	597	505
AT4G39610	0	0	0	0	0	0
AT4G38550	2522	2651	3205	2034	2052	3646
AT4G14890	51	34	43	62	87	60
AT4G38740	7515	6908	7326	5748	6649	5777
AT4G35710	0	0	0	0	0	0
AT4G08097	0	0	0	0	0	0
AT4G23040	402	420	395	346	456	338
AT4G39300	426	276	289	337	424	308
AT4G22756	286	259	250	276	304	235
AT4G12720	8922	8657	10263	7508	6183	10734
AT4G03165	0	0	0	0	0	0
AT4G14570	1457	1530	1724	1311	1429	1595
AT4G17040	1257	1088	986	1138	1478	1255
AT4G17470	53	33	20	23	31	38
AT4G09153	0	0	0	0	0	0
AT4G19035	1	0	1	0	1	2
AT4G15200	0	1	0	0	1	0
AT4G38510	4568	4234	3921	4407	4950	4083
AT4G04775	0	0	0	0	0	0
AT4G35690	17	10	5	5	4	8
AT4G32605	461	325	284	471	459	309
AT4G27720	5393	6675	6815	4325	3743	4336
AT4G22920	142	325	270	197	287	236
AT4G17615	5197	6777	8336	3564	2546	5172
AT4G15920	973	1148	1069	1215	1530	1121
AT4G32400	807	816	675	870	1034	772
AT4G37460	1512	1575	1540	1704	1769	1631
AT4G40030	4664	4438	5072	4577	5458	4884
AT4G29230	255	320	392	249	305	283
AT4G09570	1420	1286	1227	996	947	1083
AT4G14180	17	22	21	29	23	24
AT4G30680	150	98	59	130	142	114
AT4G38360	720	666	742	602	761	635
AT4G28230	324	339	280	441	501	408
AT4G07740	0	0	0	0	0	0
AT4G39020	6	3	0	0	0	0
AT4G10250	1	1	2	0	0	0
AT4G03270	47	93	40	101	151	63
AT4G21750	76	96	108	162	147	138
AT4G07666	0	0	0	0	0	0
AT4G08920	779	693	618	947	1184	722
AT4G35230	1393	1595	1577	1404	1662	1476
AT4G38770	1088	1695	1256	1647	2411	964
AT4G32440	591	691	740	470	594	668
AT4G31450	329	278	317	428	558	444
AT4G27810	13	6	4	7	11	7
AT4G38020	32	24	33	41	56	25
AT4G17280	1413	1295	1404	741	987	897
AT4G33310	0	0	0	0	0	0
AT4G24650	1	0	0	0	0	0
AT4G35160	1996	1986	2617	2080	2440	1750
AT4G22200	42	84	52	156	143	68
AT4G34390	4550	5594	6316	4256	3499	5696
AT4G12555	0	0	0	0	0	0
AT4G12350	12	9	26	17	11	22
AT4G38160	92	95	89	145	213	160
AT4G19340	0	0	0	0	0	0
AT4G36370	0	0	0	0	0	0
AT4G00610	0	0	0	1	0	0
AT4G12770	1123	1262	1176	1255	1372	1214
AT4G05490	0	0	0	0	0	0
AT4G32250	592	524	558	580	723	491
AT4G18350	83	129	198	30	11	26
AT4G11580	1	0	0	0	0	1
AT4G20790	0	0	0	0	0	0
AT4G34810	175	105	97	35	51	59
AT4G34310	474	500	502	484	604	606
AT4G38620	534	1177	1146	644	830	597
AT4G35120	1	1	3	5	3	2
AT4G27850	82	70	99	71	71	70
AT4G20910	321	439	456	375	446	323
AT4G10290	0	0	0	0	0	0
AT4G37710	521	491	762	204	188	499
AT4G35970	293	476	418	405	420	420
AT4G31840	2228	2474	1863	2841	3316	2125
AT4G15370	6	1	2	7	22	25
AT4G02550	279	264	302	261	266	250
AT4G19640	1824	1723	1786	1213	1247	1350
AT4G31340	8395	7480	7518	6659	7535	6622
AT4G11320	53614	73185	77423	56980	72999	47685
AT4G13700	3	0	0	0	0	0
AT4G15480	0	1	0	0	1	3
AT4G26700	334	284	286	189	236	226
AT4G38065	1	0	0	0	0	0
AT4G29620	1	0	0	0	0	0
AT4G16700	154	114	91	143	169	141
AT4G18690	3	0	0	0	1	2
AT4G24265	435	560	331	697	830	447
AT4G10670	1	0	0	0	0	0
AT4G15110	634	664	643	552	594	516
AT4G01290	3081	3179	3351	3258	3673	3152
AT4G22150	1215	1007	895	1018	1273	915
AT4G18820	685	630	728	730	934	703
AT4G20300	1482	1177	1295	1403	1746	1383
AT4G35730	919	1113	942	1047	1190	888
AT4G01760	45	25	27	37	48	48
AT4G32290	140	218	158	234	367	155
AT4G19580	0	0	1	0	0	0
AT4G02910	0	0	0	0	0	0
AT4G33925	40	63	40	40	65	54
AT4G33680	1620	1338	1148	1470	1681	1351
AT4G36410	190	246	279	152	122	136
AT4G25240	548	602	632	571	679	525
AT4G10767	0	0	0	0	0	0
AT4G39280	1364	1286	1233	1413	1545	1250
AT4G08690	984	901	898	1057	1187	1044
AT4G29260	763	628	777	640	813	662
AT4G29050	45	66	55	62	55	91
AT4G18400	170	137	146	175	188	150
AT4G34280	277	336	269	255	411	236
AT4G22230	755	533	713	479	449	531
AT4G10660	0	0	0	0	0	0
AT4G15930	495	439	453	522	614	411
AT4G39500	0	0	0	0	0	0
AT4G19865	67	89	48	99	115	110
AT4G25890	1117	748	663	875	879	751
AT4G18593	366	301	298	312	328	270
AT4G39880	999	790	728	929	941	783
AT4G39480	0	0	0	0	0	0
AT4G16155	685	631	622	668	728	607
AT4G10400	56	57	55	54	91	44
AT4G14450	98	139	143	100	107	215
AT4G14365	801	1033	744	928	699	1417
AT4G37270	525	575	599	552	643	512
AT4G39330	259	271	256	129	106	75
AT4G39240	634	639	547	574	702	495
AT4G29460	0	0	0	0	0	0
AT4G13965	0	0	0	0	0	0
AT4G25860	61	47	51	41	53	25
AT4G09760	532	480	723	164	175	228
AT4G21150	3190	2975	2839	3056	3733	2945
AT4G24320	65	59	45	50	67	57
AT4G38092	2	3	0	4	2	1
AT4G27680	518	402	349	421	467	414
AT4G30390	603	591	798	607	533	645
AT4G21740	486	556	583	331	331	356
AT4G13460	705	924	883	597	676	536
AT4G12735	12	26	20	16	22	27
AT4G29285	0	0	0	0	0	0
AT4G00240	199	183	194	196	215	190
AT4G31560	140	105	104	140	213	135
AT4G28360	1069	743	739	824	952	847
AT4G00100	8468	5638	5445	7663	8186	6876
AT4G18650	3	1	0	0	6	1
AT4G08480	353	465	538	451	540	453
AT4G34140	761	539	689	535	602	595
AT4G08593	0	0	0	0	0	0
AT4G38680	3633	2555	2619	3132	3397	2908
AT4G19940	1	1	0	2	0	0
AT4G20980	1920	1753	1457	1710	2124	1733
AT4G36880	98	78	98	62	73	59
AT4G30820	231	178	174	187	234	174
AT4G28010	114	75	71	122	144	85
AT4G39600	74	47	51	76	98	55
AT4G34730	78	66	62	93	140	72
AT4G24015	914	1236	569	471	826	345
AT4G04780	288	228	238	262	298	241
AT4G16444	279	214	227	279	304	258
AT4G37080	505	671	472	572	920	412
AT4G29200	0	0	0	0	0	0
AT4G07524	0	0	0	0	0	0
AT4G13800	1	1	1	6	4	3
AT4G35930	106	84	81	265	419	166
AT4G02489	0	0	0	0	0	0
AT4G11540	0	0	0	0	0	0
AT4G32810	573	1190	1037	431	635	343
AT4G13160	172	177	141	155	208	192
AT4G18215	2	3	2	4	5	6
AT4G08406	0	0	0	0	0	0
AT4G18335	1	2	0	3	1	1
AT4G08760	0	0	0	0	0	0
AT4G11910	29	62	52	34	38	36
AT4G29658	0	0	3	0	2	1
AT4G30260	1015	1073	998	828	970	837
AT4G19070	74	80	99	95	108	94
AT4G26520	23	22	10	15	13	21
AT4G10180	447	435	467	483	626	420
AT4G13300	188	126	26	256	241	312
AT4G25770	410	478	475	396	455	379
AT4G29650	1	1	1	0	6	1
AT4G30810	1930	2046	2625	1251	1406	1114
AT4G37130	367	304	259	377	439	301
AT4G13250	180	302	208	174	269	126
AT4G10595	0	0	0	0	0	0
AT4G03470	33	55	37	41	80	87
AT4G32860	65	66	51	85	162	67
AT4G14640	47	57	66	54	73	74
AT4G13170	1399	958	907	1221	1366	1048
AT4G31710	1	1	1	7	17	1
AT4G20640	0	0	0	0	0	0
AT4G37070	1449	1062	741	989	994	1221
AT4G39410	42	62	35	87	174	27
AT4G04510	0	2	0	0	0	0
AT4G23330	330	290	266	318	387	282
AT4G16555	0	1	0	0	0	0
AT4G03480	80	87	104	109	85	132
AT4G14819	0	1	0	0	0	0
AT4G39350	5791	7552	7606	4980	6175	5310
AT4G39370	214	189	158	181	225	181
AT4G07990	326	274	334	249	349	248
AT4G19900	461	447	466	404	470	425
AT4G32560	281	262	275	284	338	235
AT4G03320	205	206	219	144	168	179
AT4G09870	0	0	0	0	0	0
AT4G40080	189	200	206	123	150	120
AT4G07325	0	0	0	0	0	0
AT4G37980	12	2	4	2	2	1
AT4G10930	644	655	719	753	926	698
AT4G39670	1390	1507	2077	2041	1601	2882
AT4G20030	42	25	33	57	58	57
AT4G31351	10	3	2	4	5	3
AT4G17560	342	226	202	265	388	254
AT4G35650	1	1	0	2	3	2
AT4G29300	0	0	0	0	0	0
AT4G25707	64	67	54	78	84	70
AT4G11300	161	186	173	227	249	313
AT4G21050	0	0	0	0	0	0
AT4G32980	81	115	46	93	258	12
AT4G29820	137	159	176	146	187	134
AT4G24400	1605	1828	1865	1539	1586	1639
AT4G28405	1	0	2	0	0	0
AT4G05520	667	763	607	769	853	633
AT4G10730	1253	1209	1238	1215	1166	1199
AT4G16690	11	7	10	2	0	6
AT4G36430	1221	2132	1376	3292	4056	2802
AT4G10260	0	1	1	0	0	0
AT4G20690	2	1	0	3	1	4
AT4G16280	741	680	712	638	701	742
AT4G27780	477	517	537	388	530	396
AT4G24670	249	281	335	329	512	429
AT4G35680	11	6	5	0	3	3
AT4G31354	4	6	4	4	8	3
AT4G12680	237	218	222	184	255	196
AT4G15700	9	12	4	50	84	3
AT4G29190	286	230	322	240	460	177
AT4G17080	279	231	212	341	472	277
AT4G04930	4	2	1	1	1	4
AT4G35350	3318	4393	3296	3353	4341	3137
AT4G14315	0	0	0	0	0	0
AT4G01590	637	521	491	564	589	504
AT4G09649	10	4	4	6	3	5
AT4G01790	151	143	157	138	172	152
AT4G38190	0	0	0	0	0	0
AT4G16460	0	1	1	0	1	3
AT4G19440	232	199	183	207	251	198
AT4G21670	701	854	799	917	1056	906
AT4G34131	1265	1797	2126	581	616	1343
AT4G35060	570	368	520	270	292	416
AT4G22590	6588	8341	6344	4375	2768	5084
AT4G02075	138	108	99	115	128	141
AT4G10220	1	2	0	1	0	2
AT4G18130	751	780	842	666	864	786
AT4G28930	98	107	134	28	45	42
AT4G33620	225	194	219	255	329	304
AT4G28710	1333	1589	1718	1673	1927	2019
AT4G13020	930	851	780	925	1154	826
AT4G29550	43	24	17	18	19	23
AT4G14770	199	237	210	397	608	337
AT4G27570	1	3	2	1	1	1
AT4G15210	33	70	67	57	75	2
AT4G27150	9	5	5	7	2	9
AT4G23690	1466	1017	886	1486	1827	1229
AT4G10110	260	244	211	223	257	224
AT4G09012	47	35	49	42	60	30
AT4G15050	0	0	0	0	0	0
AT4G35910	250	230	188	259	363	280
AT4G31140	382	391	376	338	504	368
AT4G25000	47	94	64	79	91	80
AT4G04990	115	200	228	143	176	285
AT4G35500	879	1070	1005	682	695	763
AT4G20050	88	118	107	137	154	92
AT4G12530	5	1	3	1	5	3
AT4G23170	9	6	14	10	6	18
AT4G30380	2	1	3	0	0	0
AT4G29530	71	66	44	86	75	63
AT4G20565	0	0	0	0	0	0
AT4G13615	2478	1934	2122	2057	2240	2115
AT4G07815	0	0	0	0	0	0
AT4G03815	0	0	0	0	0	0
AT4G05205	0	0	0	0	0	0
AT4G04065	0	0	0	0	0	0
AT4G06065	0	0	0	5	1	1
AT4G08915	0	0	1	0	2	0
AT4G07020	0	0	0	0	0	0
AT4G03875	0	0	0	0	0	0
AT4G06890	0	0	0	0	0	0
AT4G06005	0	0	0	0	0	0
AT4G09125	0	0	0	0	0	0
AT4G09885	0	0	0	0	0	0
AT4G06860	0	0	0	0	0	0
AT4G06345	0	0	0	0	0	0
AT4G05895	0	0	0	0	0	0
AT4G08975	0	0	0	0	0	0
AT4G06105	0	0	0	0	0	0
AT4G07985	0	0	0	0	0	0
AT4G05425	0	0	0	0	1	0
AT4G03535	0	0	0	0	0	0
AT4G08365	0	0	0	0	0	0
AT4G05920	0	0	0	0	0	0
AT4G05295	0	0	2	0	0	1
AT4G08505	0	0	0	0	0	0
AT4G09895	0	0	0	0	0	0
AT4G05840	0	0	0	0	0	0
AT4G05945	2	1	3	5	2	3
AT4G09085	0	0	0	0	0	0
AT4G09045	0	0	0	0	0	0
AT4G09155	0	0	0	0	0	0
AT4G05795	0	0	0	0	0	0
AT4G06335	0	0	0	0	0	0
AT4G09995	0	0	0	0	0	0
AT4G05625	0	0	0	0	0	0
AT4G06050	0	0	0	0	0	0
AT4G08585	0	0	0	1	1	0
AT4G05780	0	0	0	1	1	0
AT4G07015	0	1	0	0	0	0
AT4G03785	0	0	0	0	0	0
AT4G04945	0	0	0	0	0	0
AT4G08845	0	0	0	0	0	0
AT4G09915	0	0	0	0	0	0
AT4G09115	0	1	0	0	0	0
AT4G09015	1	2	2	0	5	3
AT4G07040	0	0	0	0	0	0
AT4G07775	0	0	0	0	0	0
AT4G04855	0	0	0	0	0	0
AT4G07215	1	0	0	0	0	0
AT4G07200	3	1	1	1	2	4
AT4G09605	3	6	3	3	3	1
AT4G05655	0	0	0	0	0	0
AT4G04765	0	0	0	0	0	0
AT4G08835	3	0	2	0	1	1
AT4G03545	0	0	0	0	0	0
AT4G08215	0	0	0	0	0	0
AT4G05215	1	0	1	0	0	0
AT4G07505	0	0	0	0	0	0
AT4G07185	1	0	0	3	0	0
AT4G05615	0	0	0	0	0	0
AT4G08415	0	0	0	0	0	0
AT4G07955	0	0	0	0	0	0
AT4G05315	2	1	2	0	1	5
AT4G06455	0	0	0	0	0	0
AT4G05245	0	0	0	0	0	0
AT4G06980	6	11	9	4	17	13
AT4G07805	0	0	0	0	0	0
AT4G05025	0	0	0	0	0	0
AT4G09185	0	0	0	0	0	0
AT4G07050	0	0	0	0	0	0
AT4G06450	0	0	0	0	0	0
AT4G07180	1	0	0	0	0	0
AT4G06765	0	0	0	0	0	0
AT4G04115	0	0	0	0	0	0
AT4G04805	0	0	0	0	0	0
AT4G09285	0	0	0	0	0	0
AT4G07645	0	0	0	0	0	0
AT4G05880	0	0	0	0	0	0
AT4G07115	0	0	0	0	0	0
AT4G09575	0	0	0	0	0	0
AT4G05885	0	0	0	0	0	0
AT4G07060	0	0	0	0	0	1
AT4G09485	0	1	0	0	0	0
AT4G03855	0	0	0	0	0	0
AT4G05740	0	0	0	0	0	0
AT4G07025	0	0	0	0	0	0
AT4G05665	0	0	0	0	0	0
AT4G08725	0	0	0	0	0	0
AT4G04795	0	0	0	0	0	0
AT4G07105	0	0	0	0	0	0
AT4G06725	0	0	0	0	0	0
AT4G08955	0	0	0	0	0	0
AT4G03805	0	0	0	0	0	0
AT4G08715	0	0	0	0	0	0
AT4G09865	2	0	0	0	0	0
AT4G05650	0	0	0	0	0	0
AT4G06265	0	2	0	2	0	2
AT4G06830	0	0	0	0	0	0
AT4G06225	1	0	0	0	3	1
AT4G06145	0	0	0	0	0	0
AT4G04585	0	0	0	0	0	0
AT4G05805	0	0	0	0	0	0
AT4G04865	0	0	0	2	0	0
AT4G06165	0	0	0	0	0	0
AT4G08255	0	0	0	0	0	0
AT4G07010	0	0	0	0	0	0
AT4G06845	0	0	0	0	0	0
AT4G06800	0	0	0	0	0	0
AT4G04345	0	0	0	0	0	0
AT4G09025	0	0	0	0	0	0
AT4G04305	0	0	0	0	0	0
AT4G09065	0	0	0	0	0	0
AT4G04665	0	0	0	0	0	0
AT4G09295	0	0	0	0	1	0
AT4G08045	4	6	5	1	5	2
AT4G07265	0	0	0	0	0	0
AT4G09725	0	0	0	0	0	0
AT4G05235	0	0	0	0	0	0
AT4G06805	0	0	0	0	0	0
AT4G08065	0	0	0	0	0	0
AT4G06055	0	0	0	0	0	0
AT4G07090	0	0	0	0	0	0
AT4G06880	0	0	0	0	0	0
AT4G05710	0	0	0	0	0	0
AT4G07205	0	3	1	0	2	2
AT4G08495	0	0	0	0	0	0
AT4G08855	0	0	0	0	0	0
AT4G07160	0	0	0	0	0	0
AT4G09665	0	0	0	0	0	0
AT4G05995	0	0	0	0	0	0
AT4G08265	0	0	0	0	0	0
AT4G06185	0	0	0	0	0	0
AT4G09905	0	0	0	0	0	0
AT4G05870	0	1	0	0	0	0
AT4G06295	0	0	0	0	0	0
AT4G09145	0	0	0	0	0	0
AT4G05005	0	0	0	0	0	0
AT4G06365	0	0	0	0	0	0
AT4G07240	0	0	0	0	0	0
AT4G04645	0	0	0	0	0	0
AT4G07235	4	0	4	5	3	4
AT4G06975	0	0	0	0	0	0
AT4G05790	1	0	1	0	0	0
AT4G05375	0	0	0	0	0	0
AT4G07250	0	0	0	0	0	0
AT4G06945	9	2	2	4	4	1
AT4G07845	0	2	3	1	0	0
AT4G09755	0	0	0	0	0	0
AT4G04385	0	0	0	0	0	0
AT4G09055	0	0	0	0	0	0
AT4G08435	0	0	0	0	0	0
AT4G06155	0	0	0	0	0	0
AT4G08075	0	0	0	0	0	0
AT4G06810	14	21	12	19	20	12
AT4G06290	0	1	0	0	2	1
AT4G07345	0	0	0	0	0	0
AT4G07300	0	0	0	0	0	0
AT4G06090	0	0	0	0	0	0
AT4G06825	0	0	0	0	0	0
AT4G05700	0	0	0	0	0	0
AT4G06815	1	0	1	0	0	1
AT4G04015	1	3	0	0	1	2
AT4G08515	0	0	0	0	0	0
AT4G06955	4	4	2	4	5	7
AT4G06200	0	0	0	0	0	0
AT4G09515	0	0	0	0	0	0
AT4G08635	0	0	0	0	0	0
AT4G07715	0	0	0	0	0	0
AT4G06045	0	0	0	0	0	0
AT4G07375	0	0	0	0	0	0
AT4G09075	0	0	0	0	0	0
AT4G06675	0	0	0	0	0	0
AT4G05720	0	0	0	0	0	0
AT4G07150	0	0	0	0	0	0
AT4G06905	0	0	0	0	0	0
AT4G07070	1	1	2	2	0	2
AT4G04085	0	0	0	0	0	0
AT4G07225	0	0	0	0	0	0
AT4G06095	0	0	0	0	0	0
AT4G03525	0	0	0	0	0	0
AT4G06235	0	1	2	0	0	0
AT4G05565	0	0	0	0	0	0
AT4G04235	0	0	0	0	0	0
AT4G07220	0	0	0	0	0	0
AT4G04675	0	0	0	0	0	0
AT4G08385	0	0	0	0	0	0
AT4G09315	0	0	0	0	0	0
AT4G06895	0	0	0	0	0	0
AT4G06715	0	0	0	0	0	0
AT4G09495	0	0	0	0	0	0
AT4G06950	0	0	0	0	0	0
AT4G04625	0	0	0	0	0	0
AT4G04965	0	0	0	1	0	0
AT4G05765	0	0	0	0	0	0
AT4G03905	0	0	0	0	0	0
AT4G07210	1	0	0	0	0	0
AT4G09105	1	0	0	0	0	0
AT4G05485	0	0	0	0	0	0
AT4G06370	0	0	0	0	0	0
AT4G08525	2	0	2	1	0	0
AT4G07305	0	0	0	0	0	0
AT4G06820	0	0	0	0	0	0
AT4G08085	0	0	0	0	0	0
AT4G09005	0	0	0	1	0	0
AT4G09675	0	0	0	0	0	0
AT4G07055	0	0	0	0	0	0
AT4G06925	0	0	0	0	0	0
AT4G06445	0	0	0	0	0	0
AT4G06855	0	0	0	0	0	0
AT4G08205	0	0	0	0	0	0
AT4G09240	11	27	20	28	24	13
AT4G04215	0	0	0	0	0	0
AT4G08885	0	0	0	0	0	0
AT4G05985	0	0	0	0	0	0
AT4G09645	0	0	0	0	0	0
AT4G05545	0	0	0	0	0	0
AT4G06755	0	0	1	1	0	0
AT4G06085	0	1	0	0	1	0
AT4G06385	0	0	0	0	0	0
AT4G05845	0	0	0	0	0	0
AT4G05085	0	0	1	0	0	0
AT4G07280	0	0	0	0	0	0
AT4G09235	0	0	0	0	0	0
AT4G04565	19	5	10	11	12	9
AT4G07545	0	0	0	0	0	0
AT4G05875	0	0	0	0	0	0
AT4G05965	0	0	0	0	0	0
AT4G08355	0	0	0	0	0	0
AT4G09705	0	0	0	0	0	0
AT4G07465	1	0	0	0	0	0
AT4G07575	0	0	0	0	0	0
AT4G05135	0	0	0	0	0	0
AT4G09635	0	0	0	0	0	0
AT4G06080	0	0	0	0	0	0
AT4G06285	0	0	0	0	0	0
AT4G05730	0	0	0	0	0	0
AT4G05745	0	0	0	0	0	0
AT4G04785	0	0	0	0	0	0
AT4G07535	0	0	0	0	0	0
AT4G06000	0	1	0	0	0	0
AT4G05660	0	0	0	0	0	0
AT4G05335	0	0	0	0	0	0
AT4G08185	0	0	0	0	0	0
AT4G04895	1	0	1	0	1	0
AT4G05715	0	0	0	0	0	0
AT4G05255	0	0	0	0	0	0
AT4G05675	0	0	0	0	0	0
AT4G08465	0	0	0	0	0	0
AT4G04875	0	0	0	0	0	0
AT4G07395	1	1	0	0	0	0
AT4G06460	0	0	0	0	0	0
AT4G04975	0	3	0	0	0	0
AT4G05385	0	0	0	0	0	0
AT4G07335	0	0	0	0	0	0
AT4G05670	0	0	2	0	0	1
AT4G06170	0	0	0	0	0	0
AT4G08195	0	0	0	0	0	0
AT4G07295	0	0	0	0	0	0
AT4G09945	0	0	0	0	0	0
AT4G08775	1	1	0	0	3	2
AT4G06390	0	0	0	0	0	0
AT4G08445	0	0	0	0	0	0
AT4G07385	2	7	2	1	2	0
AT4G09445	0	0	0	0	0	0
AT4G08665	0	0	0	0	0	0
AT4G04535	0	0	0	0	0	1
AT4G05750	0	0	0	0	0	0
AT4G06930	0	0	0	0	0	0
AT4G05355	0	0	0	0	0	0
AT4G05285	9	5	2	0	7	2
AT4G09765	0	0	0	0	0	0
AT4G09415	14	20	5	15	9	8
AT4G06425	0	0	0	0	0	0
AT4G06965	0	0	0	0	0	0
AT4G05465	0	0	0	0	0	0
AT4G09265	0	0	0	0	0	0
AT4G09395	0	0	0	0	0	0
AT4G07270	0	0	0	0	0	0
AT4G06835	0	0	0	0	0	0
AT4G05525	8	2	6	2	2	8
AT4G07110	0	0	0	0	0	0
AT4G08865	0	0	0	0	1	0
AT4G09655	0	0	0	0	0	0
AT4G07665	0	1	0	0	0	0
AT4G07925	0	0	0	0	0	0
AT4G07045	0	0	0	0	0	0
AT4G06760	0	0	0	0	0	0
AT4G09325	0	0	0	0	0	0
AT4G08475	0	0	0	0	0	0
AT4G05075	0	0	0	0	0	0
AT4G06970	0	0	0	0	1	0
AT4G05435	0	0	0	0	0	0
AT4G06850	0	0	0	0	0	0
AT4G07785	0	0	0	0	0	0
AT4G06960	0	0	0	0	0	0
AT4G05950	3	1	1	1	0	2
AT4G05445	0	0	0	0	0	0
AT4G03765	0	0	0	0	0	0
AT4G07125	0	0	0	0	0	0
AT4G08965	0	0	0	0	0	0
AT4G06400	0	0	0	0	0	0
AT4G05225	0	0	0	0	0	0
AT4G05890	0	0	0	0	0	0
AT4G09525	0	0	0	0	0	0
AT4G04905	0	0	0	0	0	0
AT4G07765	0	0	0	0	0	0
AT4G09175	0	0	0	0	0	0
AT4G07745	0	0	1	0	1	1
AT4G04295	0	0	0	0	0	0
AT4G09555	0	0	0	0	0	0
AT4G06935	0	1	3	2	0	0
AT4G06330	0	0	0	0	0	0
AT4G06205	2	1	1	1	0	0
AT4G07170	0	0	0	0	0	0
AT4G05865	0	0	0	0	0	0
AT4G04995	0	0	0	0	0	0
AT4G06300	0	1	0	0	0	0
AT4G03575	0	0	0	0	0	0
AT4G08595	0	0	0	0	0	0
AT4G06440	0	0	0	0	0	0
AT4G06920	0	0	0	0	0	0
AT4G03555	1	0	0	0	0	0
AT4G07905	0	0	0	0	0	0
AT4G05975	0	0	0	0	0	0
AT4G06885	0	0	0	0	1	0
AT4G06195	0	0	0	0	0	0
AT4G04815	0	0	0	0	0	0
AT4G06380	0	0	0	0	0	0
AT4G07175	0	0	0	0	0	0
AT4G05275	0	0	0	0	0	0
AT4G04195	0	0	0	0	0	0
AT4G05695	0	0	0	0	0	0
AT4G04755	0	0	0	0	0	0
AT4G05850	0	0	0	0	0	0
AT4G06070	0	0	0	0	0	0
AT4G09335	0	0	0	0	0	0
AT4G06115	0	0	0	0	0	0
AT4G04285	0	0	0	0	0	0
AT4G04355	0	0	0	0	0	0
AT4G06280	0	0	0	0	0	0
AT4G03715	0	0	0	0	0	0
AT4G07135	0	0	1	0	0	0
AT4G05980	0	0	0	0	0	0
AT4G05115	0	0	0	0	0	0
AT4G05990	0	0	0	0	0	0
AT4G03665	0	0	0	0	0	0
AT4G09275	0	0	0	0	0	0
AT4G09305	0	0	0	0	0	0
AT4G06910	0	0	0	0	0	0
AT4G05970	0	0	0	0	0	0
AT4G05705	0	0	0	0	0	0
AT4G05535	0	1	0	0	1	0
AT4G08565	0	0	0	0	0	0
AT4G07245	0	0	0	0	0	0
AT4G06795	15	9	8	11	16	8
AT4G06140	0	0	0	0	0	0
AT4G09825	0	0	0	0	0	0
AT4G09855	0	0	0	0	0	0
AT4G05770	0	0	0	0	0	0
AT4G05900	0	0	0	0	0	0
AT4G09935	0	0	0	0	0	0
AT4G05645	1	0	0	0	0	0
AT4G06160	0	0	0	0	0	0
AT4G05125	1	0	0	0	0	0
AT4G05605	0	0	0	0	0	0
AT4G07230	0	0	0	0	0	0
AT4G06900	0	0	0	0	0	0
AT4G07865	0	0	0	0	0	0
AT4G03955	2	0	4	1	1	0
AT4G08055	0	0	0	0	0	0
AT4G09365	1	0	0	0	0	2
AT4G03685	0	0	0	0	0	0
AT4G06785	0	0	0	0	0	0
AT4G07975	0	0	0	1	1	0
AT4G09535	0	0	0	0	0	0
AT4G05690	1	1	1	0	0	3
AT4G03675	0	0	0	0	0	0
AT4G04325	0	0	0	0	0	0
AT4G00975	9	11	3	12	15	6
AT4G03895	2	0	0	1	1	0
AT4G07065	0	0	0	0	0	0
AT4G07855	15	23	12	10	3	6
AT4G28652	163	170	161	175	250	198
AT4G06870	0	0	1	1	0	2
AT4G04035	0	0	0	0	0	0
AT4G09375	0	0	0	0	0	0
AT4G20362	135	77	56	161	151	188
AT4G09432	32	25	22	34	31	27
AT4G07290	0	0	0	0	0	0
AT4G08925	3	0	0	0	0	2
AT4G07165	1	1	0	0	1	1
AT4G03985	5	2	0	5	3	8
AT4G27852	257	209	221	136	92	188
AT4G06745	0	0	0	0	0	0
AT4G26795	40	47	44	52	55	23
AT4G06395	0	1	1	0	0	1
AT4G03845	0	1	0	0	2	1
AT4G40085	22	15	19	22	32	24
AT4G07365	0	0	1	0	0	2
AT4G06215	1	3	3	1	2	0
AT4G37432	270	186	179	198	218	227
AT4G26542	24	23	16	25	39	19
AT4G13505	4	9	20	8	6	10
AT4G06135	7	4	3	4	3	15
AT4G04275	0	1	0	0	0	0
AT4G08225	0	1	0	0	0	0
AT4G09685	8	3	2	5	5	10
AT4G37553	70	98	86	94	98	80
AT4G05065	1	0	0	1	0	1
AT4G06990	0	0	0	0	0	0
AT4G05735	2	1	0	0	1	0
AT4G07195	0	0	0	0	0	0
AT4G04221	99	103	99	93	124	78
AT4G37895	12	8	3	13	12	6
AT4G34332	5	7	4	12	16	8
AT4G09385	56	34	31	22	22	37
AT4G04055	7	1	2	0	2	1
AT4G05810	0	0	0	0	0	0
AT4G25885	0	0	0	0	0	0
AT4G07735	1	1	0	0	0	2
AT4G06410	74	51	58	64	53	68
AT4G05015	0	0	0	0	1	1
AT4G07260	1	0	0	1	1	1
AT4G09225	0	2	0	0	1	3
AT4G04515	0	0	3	0	0	0
AT4G38932	222	171	148	291	429	229
AT4G07405	5	3	5	6	1	3
AT4G03755	0	0	0	0	0	0
AT4G38545	144	141	106	168	189	132
AT4G06175	1	1	0	1	0	0
AT4G01593	392	406	458	389	463	353
AT4G25719	2	0	2	0	1	0
AT4G07275	0	0	0	0	0	0
AT4G07895	21	14	6	12	17	36
AT4G04445	0	0	0	0	0	0
AT4G04005	0	0	0	0	1	1
AT4G08295	0	1	0	0	0	0
AT4G38552	161	143	145	118	179	124
AT4G06995	14	9	10	16	17	9
AT4G06665	3	5	0	2	1	3
AT4G08245	0	0	0	0	0	0
AT4G05155	0	0	0	0	0	0
AT4G31248	54	40	45	22	21	20
AT4G17098	74	159	89	59	43	12
AT4G03585	3	3	1	3	2	9
AT4G07655	0	0	0	0	0	0
AT4G09985	0	4	0	0	0	0
AT4G05785	1	5	0	1	2	0
AT4G03655	1	0	0	1	0	2
AT4G05680	0	0	0	0	0	0
AT4G06340	0	0	0	0	0	0
AT4G06985	3	0	0	2	0	3
AT4G36808	21	13	2	14	13	9
AT4G08935	5	4	3	9	5	7
AT4G03595	0	0	0	0	0	0
AT4G05395	0	0	0	0	0	0
AT4G09785	0	0	0	0	0	0
AT4G06775	0	0	0	0	0	0
AT4G07255	0	0	0	0	1	0
AT4G06780	4	1	0	4	7	5
AT4G07190	44	39	30	12	20	33
AT4G09695	8	6	8	3	4	3
AT4G04075	0	2	0	0	0	0
AT4G08575	0	0	0	0	0	0
AT4G09955	0	0	0	0	0	0
AT4G08315	8	9	14	3	3	7
AT4G04505	0	1	1	1	0	1
AT4G07095	1	1	2	1	0	2
AT4G07085	2	1	1	3	3	0
AT4G09975	0	0	0	1	0	0
AT4G05755	14	8	4	7	10	12
AT4G04225	11	10	4	4	2	12
AT4G36052	6	8	4	0	1	7
AT4G26488	67	109	78	51	39	44
AT4G08015	5	3	0	12	12	2
AT4G36032	255	254	242	268	405	191
AT4G08005	1	3	0	1	5	1
AT4G31398	7	7	8	5	4	4
AT4G05405	0	0	0	0	0	0
AT4G06060	0	0	0	0	0	0
AT4G13918	226	180	168	206	255	235
AT4G09815	0	0	0	0	0	0
AT4G04435	25	7	11	18	21	12
AT4G28162	54	35	40	52	58	40
AT4G04077	0	0	0	0	0	0
AT4G08815	0	0	0	0	0	0
AT4G08305	0	1	0	0	0	0
AT4G05815	0	0	1	0	1	1
AT4G05910	4	1	2	0	1	1
AT4G03705	0	0	0	0	0	0
AT4G08785	4	0	0	1	1	2
AT4G07130	4	7	4	1	4	4
AT4G09165	0	2	0	1	0	0
AT4G07285	1	7	5	2	9	4
AT4G09715	0	0	0	0	0	0
AT4G06770	0	0	0	0	0	0
AT4G08805	0	1	1	0	2	1
AT4G05775	2	2	1	1	0	0
AT4G08825	0	0	0	0	0	0
AT4G06415	4	2	2	0	2	1
AT4G03725	0	0	0	0	0	0
AT4G06875	2	0	1	3	1	3
AT4G04425	1	0	1	0	1	0
AT4G26582	209	179	196	224	219	204
AT4G08795	0	0	0	0	0	0
AT4G07030	0	0	0	0	0	0
AT4G04335	0	1	0	0	0	0
AT4G22233	8	4	5	4	8	6
AT4G38215	74	54	39	50	39	88
AT4G39838	188	175	210	172	216	160
AT4G05760	0	1	1	0	1	2
AT4G26095	177	165	170	172	258	215
AT4G08705	0	0	0	0	0	0
AT4G08985	33	91	30	10	12	27
AT4G06685	21	13	11	8	9	25
AT4G05685	1	1	1	0	0	0
AT4G08285	0	0	0	1	0	0
AT4G34071	0	0	2	0	1	0
AT4G04135	7	8	4	8	2	2
AT4G37225	26	32	19	6	19	12
AT4G05935	0	0	0	0	0	0
AT4G04455	0	4	1	0	0	3
AT4G06210	0	0	0	0	0	0
AT4G05915	0	0	0	0	0	0
AT4G06695	3	2	1	0	0	0
AT4G27765	0	2	0	1	1	0
AT4G04365	0	0	0	0	0	0
AT4G05800	0	0	0	0	0	0
AT4G04825	0	0	0	0	0	0
AT4G10345	0	0	0	0	0	0
AT4G08116	0	0	0	0	0	0
AT4G06915	0	0	0	0	0	0
AT4G05415	0	0	0	0	0	0
AT4G13564	0	0	0	0	0	0
AT4G31877	0	0	0	0	2	2
AT4G23713	0	0	0	0	0	0
AT4G21595	0	0	0	0	0	0
AT4G03445	0	3	2	2	2	1
AT4G07080	0	0	0	0	0	0
AT4G08335	0	0	0	0	0	0
AT4G05925	0	0	0	0	0	0
AT4G09735	0	0	0	0	0	0
AT4G05105	0	0	0	0	0	0
AT4G23387	0	0	0	0	0	0
AT4G00885	0	0	0	0	0	0
AT4G03039	0	0	0	0	0	0
AT4G04125	0	0	0	0	0	0
AT4G06260	0	0	0	0	0	0
AT4G32445	0	3	0	4	0	0
AT4G09925	0	0	0	0	0	0
AT4G13493	0	0	0	0	0	0
AT4G23375	0	0	0	0	0	0
AT4G05930	0	0	0	0	0	0
AT4G13554	0	1	0	0	0	0
AT4G07000	0	0	0	0	0	0
AT4G05508	0	0	0	0	0	0
AT4G05855	0	0	0	0	0	0
AT4G07100	0	0	0	0	0	0
AT4G06865	0	0	0	0	0	0
AT4G05860	0	0	0	0	0	0
AT4G24415	40	40	19	12	7	6
AT4G17788	0	0	0	1	1	0
AT4G06110	0	0	0	0	0	0
AT4G14811	0	1	0	0	0	0
AT4G05305	0	0	0	0	0	0
AT4G14504	2	6	4	10	5	6
AT4G07005	0	0	0	0	0	0
AT4G06075	1	0	0	0	0	0
AT4G04095	0	0	0	0	0	0
AT4G05455	0	0	0	0	0	0
AT4G04835	3	3	0	7	6	5
AT4G13494	0	0	0	0	0	0
AT4G03438	0	0	0	0	0	0
AT4G30972	0	0	0	0	0	0
AT4G06130	0	0	0	0	0	0
AT4G19395	9	6	3	0	4	2
AT4G13555	0	0	0	0	0	0
AT4G03455	0	0	0	0	0	0
AT4G21362	0	0	0	0	0	0
AT4G07565	0	0	0	0	1	0
AT4G06245	0	0	0	0	0	0
AT4G05055	0	0	0	0	0	1
AT4G06240	0	0	0	0	0	0
AT4G02555	0	0	0	0	0	0
AT4G39366	24	21	27	18	31	14
AT4G07625	0	0	0	0	0	0
AT4G04475	0	0	0	1	0	0
AT4G06255	1	1	0	0	0	0
AT4G06015	2	0	0	0	0	0
AT4G08155	2	2	1	1	0	4
AT4G26365	0	0	0	0	0	0
AT4G08235	2	2	0	2	0	0
AT4G04485	1	2	1	1	1	0
AT4G08625	0	1	1	1	0	4
AT4G05045	0	0	0	0	0	0
AT4G13245	0	0	0	0	0	1
AT4G06315	0	0	0	0	0	0
AT4G05048	0	0	1	0	0	0
AT4G08325	0	1	0	1	0	0
AT4G06305	0	1	2	0	1	0
AT4G06250	0	0	0	0	0	0
AT4G03915	0	0	0	0	0	0
AT4G09475	0	0	0	2	1	0
AT4G39364	16	13	11	17	13	6
AT4G08165	2	0	0	0	2	1
AT4G39361	23	16	5	11	7	9
AT4G04465	3	0	3	4	1	0
AT4G09845	4	3	8	2	8	2
AT4G25631	1	0	1	0	2	0
AT4G03295	1	0	0	0	0	0
AT4G04205	0	0	0	0	0	1
AT4G06310	0	0	0	1	0	0
AT4G06320	1	1	1	1	3	2
AT4G39363	15	7	14	8	14	9
AT4G08615	1	0	1	1	0	0
AT4G15258	5	3	3	1	1	2
AT4G07635	0	0	0	0	0	0
AT4G07075	0	0	0	0	0	0
AT4G03925	2	0	1	0	2	0
AT4G06705	2	1	4	3	0	3
AT4G06010	0	0	0	1	0	0
AT4G08425	0	0	0	0	0	0
AT4G08125	0	0	0	5	2	0
AT4G08175	1	2	1	3	0	1
AT4G04185	0	0	0	0	0	0
AT4G06405	0	0	0	0	0	0
AT4G07120	0	0	0	0	0	0
AT4G03995	0	0	0	0	0	0
AT4G08755	6	9	4	5	3	3
AT4G07145	3	0	0	1	0	0
AT4G09135	1	2	0	0	2	0
AT4G07875	2	0	0	0	1	0
AT4G04615	0	0	1	1	5	0
AT4G06375	5	2	3	1	2	3
AT4G39985	0	0	0	0	0	0
AT4G13445	0	0	0	0	0	0
AT4G34975	0	0	0	0	0	0
AT4G36635	0	0	0	0	0	0
AT4G23915	0	0	0	0	0	0
AT4G11405	0	0	0	0	0	0
AT4G00985	0	0	0	0	0	0
AT4G27875	0	0	0	0	0	0
AT4G17975	0	0	0	0	0	0
AT4G14415	0	0	0	0	0	0
AT4G37175	0	0	0	0	0	0
AT4G26675	0	0	0	0	0	0
AT4G25585	0	0	0	0	0	0
AT4G03405	0	0	0	0	0	0
AT4G23635	0	0	0	0	0	0
AT4G36197	0	0	0	0	0	0
AT4G18815	0	0	0	0	0	0
AT4G32765	0	0	0	0	0	0
AT4G14345	0	0	0	0	0	0
AT4G22265	0	0	0	0	0	0
AT4G34415	0	0	0	0	0	0
AT4G01355	0	0	0	0	0	0
AT4G22754	0	0	0	0	0	0
AT4G34695	0	0	0	0	0	0
AT4G03285	0	0	0	0	0	0
AT4G39345	0	0	0	0	0	0
AT4G29415	0	0	0	0	0	0
AT4G00085	0	0	0	0	0	0
AT4G27395	0	0	0	0	0	0
AT4G25635	0	0	0	0	0	0
AT4G24565	0	0	0	0	0	0
AT4G26385	0	0	0	0	0	0
AT4G16235	0	0	0	0	0	0
AT4G11213	0	0	0	0	0	0
AT4G15775	0	0	0	0	0	0
AT4G31265	0	0	0	0	0	0
AT4G03435	0	0	0	0	0	0
AT4G17612	0	0	0	0	0	0
AT4G01865	1	0	0	0	0	0
AT4G26225	0	0	0	0	0	0
AT4G11985	0	0	0	0	0	0
AT4G39672	0	0	0	0	0	0
AT4G22635	0	0	0	0	0	0
AT4G34035	0	0	0	0	0	0
AT4G32265	0	0	0	0	0	0
AT4G31895	0	0	0	0	0	0
AT4G28362	0	0	0	0	0	0
AT4G27885	0	0	0	0	0	0
AT4G12065	0	0	0	0	0	0
AT4G12405	0	0	0	0	0	0
AT4G08345	0	0	0	0	0	0
AT4G12115	0	0	0	0	0	0
AT4G11355	0	0	0	0	0	0
AT4G13265	0	0	0	0	0	0
AT4G36245	0	0	0	0	0	0
AT4G26375	0	0	0	0	0	0
AT4G10815	0	0	0	0	0	0
AT4G17765	0	0	0	0	0	0
AT4G16105	0	0	0	0	0	0
AT4G18255	0	0	0	0	0	0
AT4G02055	0	0	0	0	0	0
AT4G11177	0	0	0	0	0	0
AT4G20115	0	0	0	0	0	0
AT4G39865	0	0	0	0	0	0
AT4G11216	0	0	0	0	0	0
AT4G32475	0	0	0	0	0	0
AT4G31075	0	0	0	0	0	0
AT4G28915	0	0	0	0	0	0
AT4G39195	0	0	0	0	0	0
AT4G31695	0	0	0	0	0	0
AT4G39615	0	0	0	0	0	0
AT4G24025	0	0	0	0	0	0
AT4G16475	0	0	0	0	0	0
AT4G25435	0	0	0	0	0	0
AT4G03135	0	0	0	0	0	0
AT4G16465	0	0	0	0	0	0
AT4G18725	0	0	0	0	0	0
AT4G03935	24	10	16	29	23	26
AT4G03038	0	0	0	0	0	0
AT4G16355	4	0	0	1	2	1
AT4G05905	0	0	0	0	0	0
AT4G06701	244	230	229	269	295	225
AT4G31408	7	11	7	3	7	3
AT4G04223	0	0	5	0	2	0
AT4G16748	0	0	0	0	0	0
AT4G12917	1	1	1	0	0	0
AT4G10507	2	0	2	0	1	2
AT4G15242	0	0	0	0	0	0
AT4G02005	39	34	26	36	37	31
AT4G14548	11	15	21	14	22	11
AT4G13495	24	4	8	17	21	10
AT4G03811	1	0	1	0	2	0
AT4G39404	12	10	10	7	7	22
AT4G05940	0	0	0	0	0	0
AT4G04315	0	0	0	0	0	0
AT4G40065	14	9	10	30	33	21
AT4G23205	6	1	9	10	5	4
AT4G08035	537	518	517	533	559	510
AT4G26255	5	3	5	0	1	4
AT4G05365	0	0	0	0	0	0
AT4G30975	22	18	28	31	26	15
AT4G30872	0	0	0	0	0	0
AT4G16892	21	14	9	26	9	8
AT4G09405	0	0	0	0	0	0
AT4G36648	4949	4575	5587	3193	3423	3445
AT4G03605	0	0	0	0	0	0
AT4G09195	0	0	0	0	0	0
AT4G01533	34	5	22	9	16	16
ATMG00440	0	0	0	0	0	0
ATMG00850	0	0	0	0	0	0
ATMG01350	1	0	2	1	0	0
ATMG01300	0	0	0	0	0	0
ATMG01275	0	0	0	0	0	0
ATMG00480	0	0	0	0	0	0
ATMG00320	0	0	0	0	0	0
ATMG01120	1	1	0	3	5	2
ATMG00960	0	0	0	0	0	0
ATMG00870	0	0	0	0	0	0
ATMG00660	54	27	32	37	21	38
ATMG00060	5	7	3	13	16	7
ATMG00160	15	11	12	17	8	10
ATMG00410	0	0	0	0	0	0
ATMG00590	0	0	0	0	0	0
ATMG00620	0	0	0	0	0	0
ATMG01190	0	0	0	0	0	0
ATMG00280	0	0	0	0	0	0
ATMG00510	3	2	0	1	0	1
ATMG00670	6	9	5	8	10	5
ATMG00760	0	0	0	0	0	0
ATMG01410	0	2	0	0	0	0
ATMG00010	0	0	0	0	0	0
ATMG00570	0	0	0	0	1	2
ATMG00820	0	0	0	0	0	0
ATMG00240	0	0	0	0	0	0
ATMG00610	0	0	0	0	0	0
ATMG01140	0	0	0	0	0	0
ATMG00880	0	0	0	0	0	0
ATMG01200	0	0	0	0	2	0
ATMG00130	0	0	0	0	1	0
ATMG00710	0	0	1	0	0	0
ATMG00260	0	0	0	0	0	0
ATMG00900	0	0	0	0	0	0
ATMG00690	4	3	8	12	3	10
ATMG01100	0	0	0	0	1	0
ATMG00450	0	0	0	0	0	0
ATMG01180	0	0	0	0	0	0
ATMG00470	0	0	0	0	0	0
ATMG00285	0	0	0	0	0	0
ATMG01310	0	0	0	0	0	0
ATMG01320	0	0	1	0	0	0
ATMG00580	0	0	0	0	0	0
ATMG00920	0	0	0	0	0	0
ATMG00890	0	0	0	0	0	0
ATMG01250	0	0	0	0	0	0
ATMG00030	1	1	0	0	0	1
ATMG00560	1	1	2	1	1	0
ATMG00720	0	1	0	0	0	0
ATMG01370	1	5	7	7	7	7
ATMG00550	0	0	0	0	0	0
ATMG00170	0	0	0	0	0	0
ATMG00530	0	0	0	0	0	0
ATMG01240	0	0	0	0	0	0
ATMG01040	0	0	0	0	0	0
ATMG01220	0	1	0	1	1	0
ATMG00070	14	13	12	20	21	15
ATMG00140	0	3	1	0	2	0
ATMG01030	0	0	0	0	0	0
ATMG01170	1	8	9	8	5	7
ATMG01210	0	0	0	0	0	0
ATMG00490	0	0	0	0	0	0
ATMG00120	0	0	0	0	1	0
ATMG00516	0	0	1	0	0	1
ATMG00640	16	7	22	14	13	17
ATMG00830	0	0	0	0	0	0
ATMG00150	0	0	0	0	3	0
ATMG00980	8	7	7	1	3	6
ATMG00430	0	0	0	0	0	0
ATMG00770	0	0	0	0	0	0
ATMG01290	0	0	0	0	0	0
ATMG00300	0	0	0	0	0	0
ATMG00680	0	0	0	0	0	0
ATMG01230	0	0	0	0	0	0
ATMG01130	7	6	3	10	11	5
ATMG00750	0	0	0	0	0	0
ATMG01330	2	1	3	3	2	2
ATMG00520	1	1	0	1	0	0
ATMG01080	0	0	0	0	0	0
ATMG00810	0	0	0	0	0	0
ATMG01400	0	0	0	2	0	0
ATMG00270	0	0	0	0	0	0
ATMG01270	0	0	0	0	0	0
ATMG00940	0	0	0	0	0	0
ATMG01280	0	0	0	0	0	0
ATMG00310	0	0	0	0	0	0
ATMG01360	24	29	29	34	31	36
ATMG01090	1	0	2	3	1	0
ATMG00110	1	1	0	1	1	1
ATMG00290	0	0	0	0	0	0
ATMG00630	0	1	0	1	1	0
ATMG00040	0	3	2	4	1	3
ATMG01150	0	0	0	0	0	0
ATMG01050	0	0	2	0	0	0
ATMG00665	0	0	0	1	0	0
ATMG00090	30	24	26	47	41	31
ATMG01020	0	1	0	0	0	0
ATMG00180	0	0	0	0	0	0
ATMG00540	0	0	0	0	0	0
ATMG00210	0	0	0	0	0	0
ATMG00513	1	0	1	1	2	2
ATMG00730	0	0	0	0	0	0
ATMG00740	0	0	0	0	0	0
ATMG00370	0	0	0	0	0	0
ATMG00860	0	0	0	0	0	0
ATMG01060	0	0	0	0	0	0
ATMG00600	0	0	0	0	0	0
ATMG00840	0	0	0	0	0	0
ATMG00220	0	0	0	0	0	0
ATMG00200	0	0	0	0	0	0
ATMG00080	12	15	9	24	14	12
ATMG00650	6	3	5	5	2	6
ATMG01000	0	0	0	0	0	0
ATMG00970	1	1	0	2	0	0
ATMG01260	0	0	0	0	0	0
ATMG01010	0	0	0	0	0	0
ATMG00400	0	0	0	0	0	0
ATMG01110	0	0	0	0	0	0
ATMG00990	1	3	0	0	1	0
ATMG00050	0	0	0	0	0	0
ATMG00910	0	0	0	0	0	0
ATMG00500	0	0	0	0	0	0
ATMG01160	0	0	0	0	0	0
ATMG09740	0	0	0	0	0	0
ATMG00780	0	0	0	0	0	0
ATMG09980	0	1	0	0	0	0
ATMG00460	0	0	0	0	0	0
ATMG09960	0	0	0	0	0	0
ATMG00790	0	0	0	0	0	0
ATMG01070	0	0	0	0	0	0
ATMG00930	0	0	0	0	0	0
ATMG09730	0	0	0	0	0	0
ATMG00330	0	0	0	0	0	0
ATMG00950	0	0	0	0	0	0
ATMG00230	0	0	0	0	0	0
ATMG00390	0	0	0	0	0	0
ATMG00350	0	0	0	0	0	0
ATMG00250	0	0	0	0	0	0
ATMG00700	0	0	0	0	0	0
ATMG01340	0	0	0	0	0	0
ATMG00190	0	0	0	0	0	0
ATMG00360	0	0	0	0	0	0
ATMG09950	0	0	0	0	0	0
ATMG00100	0	0	0	0	0	0
ATMG00380	0	0	0	0	0	0
ATMG00340	0	0	0	0	0	0
ATMG00420	0	0	0	0	0	0
ATMG09450	0	0	0	0	0	0
ATMG00800	0	0	0	0	0	0
ATMG01390	5130	4468	5574	6444	5255	5031
ATMG01380	6	5	9	17	6	10
ATMG00020	8387	5321	6928	9048	6613	7033
ATCG00160	1	2	3	5	5	2
ATCG00065	0	0	0	0	3	0
ATCG01250	0	0	0	0	0	0
ATCG00590	0	1	0	0	0	0
ATCG01020	0	3	0	2	3	0
ATCG00470	1	1	1	2	5	2
ATCG00630	0	0	0	0	0	0
ATCG01060	2	0	0	0	2	1
ATCG01280	0	0	0	0	0	0
ATCG00270	2	1	3	2	7	2
ATCG00700	0	0	0	2	0	0
ATCG00560	0	0	0	3	1	0
ATCG00660	0	1	2	1	0	6
ATCG00790	8	8	11	15	10	4
ATCG00490	9	6	12	24	21	12
ATCG00480	3	6	7	12	16	4
ATCG00860	0	0	0	0	0	0
ATCG01090	1	0	0	0	1	0
ATCG01080	0	1	1	1	2	1
ATCG00600	0	0	0	0	0	0
ATCG00180	7	17	15	22	26	28
ATCG00570	0	0	0	0	0	0
ATCG01240	0	0	0	0	0	0
ATCG00120	4	5	4	5	13	6
ATCG00220	0	0	0	0	0	0
ATCG00800	2	0	0	1	5	0
ATCG00550	2	1	0	2	2	0
ATCG00890	0	0	0	0	0	0
ATCG00530	0	0	0	0	1	1
ATCG01270	0	0	0	0	0	0
ATCG01050	0	0	2	0	3	2
ATCG00280	3	1	6	13	17	12
ATCG00020	3	2	7	15	23	13
ATCG00740	3	1	3	2	7	5
ATCG01300	0	0	0	0	0	0
ATCG00670	12	4	10	6	16	8
ATCG01230	0	0	0	0	0	0
ATCG00210	0	0	0	0	0	0
ATCG01110	2	2	0	4	4	0
ATCG00710	0	0	0	0	0	0
ATCG00520	4	2	2	0	4	3
ATCG00540	2	3	2	3	4	4
ATCG00640	0	0	4	1	0	1
ATCG00350	6	5	4	13	16	16
ATCG01120	0	0	0	0	0	2
ATCG00070	0	0	0	0	0	1
ATCG00770	1	1	2	2	10	6
ATCG00050	0	0	0	0	0	0
ATCG00150	2	1	1	6	2	2
ATCG00780	7	1	7	3	4	5
ATCG00430	0	0	0	1	2	0
ATCG01010	0	0	0	0	1	1
ATCG00170	9	11	14	18	28	22
ATCG00840	0	0	0	0	0	0
ATCG00820	1	0	0	0	2	0
ATCG01070	0	0	0	0	1	0
ATCG00690	0	0	0	0	1	1
ATCG00300	0	0	0	0	1	0
ATCG00680	0	4	4	7	8	4
ATCG01130	2	5	3	5	10	3
ATCG00040	4	2	2	7	5	5
ATCG01000	0	0	0	0	0	0
ATCG00500	11	3	6	4	2	8
ATCG00830	0	0	0	0	0	0
ATCG00440	2	0	0	1	1	1
ATCG00650	1	0	0	0	2	1
ATCG01100	0	1	0	3	0	1
ATCG00760	0	0	0	2	6	4
ATCG01310	0	0	0	0	0	0
ATCG00340	10	2	7	12	10	5
ATCG00730	1	1	1	4	7	2
ATCG00870	0	0	0	0	0	0
ATCG01040	0	0	0	1	1	0
ATCG00140	3	1	1	3	2	2
ATCG00720	1	0	1	0	1	1
ATCG00750	2	4	2	10	8	3
ATCG00360	2	1	3	4	8	2
ATCG00190	28	55	43	52	71	59
ATCG00130	2	2	1	2	1	3
ATCG00810	2	2	1	2	1	2
ATCG00510	0	0	0	0	2	0
ATCG00080	0	0	0	0	0	1
ATCG00330	2	1	1	0	3	2
ATCG00580	0	3	1	4	2	3
ATCG00380	1	2	1	2	2	1
ATCG00905	0	0	0	0	0	0
ATCG00420	0	0	1	0	2	2
ATCG00900	0	0	0	0	0	0
ATCG01150	0	0	0	0	0	0
ATCG00110	0	0	0	0	0	0
ATCG01260	0	0	0	0	0	0
ATCG01220	0	0	0	0	0	0
ATCG00240	0	0	0	0	0	0
ATCG01190	0	0	0	0	0	0
ATCG00370	0	0	0	0	0	0
ATCG00290	0	0	2	1	0	0
ATCG00200	0	0	0	0	0	0
ATCG01030	0	0	0	0	0	0
ATCG00030	0	0	0	0	0	0
ATCG00620	0	0	0	0	0	0
ATCG00910	0	0	0	0	0	0
ATCG01140	0	0	0	0	0	0
ATCG00610	0	0	0	0	0	0
ATCG00450	0	0	0	0	0	0
ATCG00390	0	0	0	0	0	0
ATCG00320	0	0	0	0	0	0
ATCG00100	3	1	3	4	4	3
ATCG00400	2	1	1	2	2	0
ATCG00930	0	0	0	0	0	0
ATCG00010	0	0	0	0	0	0
ATCG00260	0	0	0	0	0	0
ATCG00850	0	0	0	0	0	0
ATCG00250	0	0	0	0	0	0
ATCG00940	0	0	0	0	0	0
ATCG00460	0	0	0	0	0	0
ATCG00230	0	0	0	0	0	0
ATCG00980	0	0	0	0	0	0
ATCG00310	0	0	0	0	0	0
ATCG00090	1	1	0	0	1	1
ATCG00990	0	0	0	0	0	0
ATCG01200	0	0	0	0	0	0
ATCG00060	0	0	0	0	0	0
ATCG01290	0	0	0	0	0	0
ATCG00410	0	0	0	2	1	2
ATCG00880	0	0	0	0	0	0
ATCG00960	0	0	0	0	0	0
ATCG01210	2	2	2	2	1	0
ATCG01160	0	0	0	0	0	0
ATCG00970	0	0	0	0	0	0
ATCG01170	0	0	0	0	0	0
ATCG00920	3	3	6	2	2	0
ATCG01180	0	0	0	0	0	0
ATCG00950	1	0	0	2	1	0
